site_uid,report_id,source_file,site_index,report_date,location_raw,location_name_bearing,coating_raw,coating_state,coating_type,coating_basis,chemistry_raw,chemistry_garbage,n_candidates,scope,n_spectra_extracted,n_spectra_declared
I_CRI_Z_25_09_Particle_on_Nozzle_Top_Sr_No_3371_3_04_doc_txt__2__0,R0129,CRI/CRI.Z. 25-09 Particle on Nozzle Top (Sr.No-3371-3) ....04.doc.txt,2,13.03.2025,,False,Nil,NONE,,explicit,Resulphurised,False,4,INTERNAL_ONLY,0,0
I_CRI_Z_25_09_Particle_on_Nozzle_Top_Sr_No_3371_3_04_doc_txt__3__0,R0129,CRI/CRI.Z. 25-09 Particle on Nozzle Top (Sr.No-3371-3) ....04.doc.txt,3,13.03.2025,,False,Nil,NONE,,explicit,Cr Ni Steel,False,0,UNRESOLVED,0,0
I_CRI_Z_25_09_Particle_on_Nozzle_Top_Sr_No_3371_3_04_doc_txt__4__0,R0129,CRI/CRI.Z. 25-09 Particle on Nozzle Top (Sr.No-3371-3) ....04.doc.txt,4,13.03.2025,,False,Zinc phosphate,COATED,ZnP,explicit,Zinc- Mn,False,4,INTERNAL_ONLY,0,0
I_CRI_Z_25_09_Particle_on_Nozzle_Top_Sr_No_3371_3_04_doc_txt__5__0,R0129,CRI/CRI.Z. 25-09 Particle on Nozzle Top (Sr.No-3371-3) ....04.doc.txt,5,13.03.2025,,False,Zinc phosphate,COATED,ZnP,explicit,Zinc- Mn,False,4,INTERNAL_ONLY,0,0
I_CRI_Z_25_09_Particle_on_Nozzle_Top_Sr_No_3371_3_04_doc_txt__6__0,R0129,CRI/CRI.Z. 25-09 Particle on Nozzle Top (Sr.No-3371-3) ....04.doc.txt,6,13.03.2025,,False,Nil,NONE,,explicit,Plain C steel,False,4,INTERNAL_ONLY,2,2
0Km_CRI_I_25_155_Particle_on_Bar_Filter_Fen_2_A_L_13_doc_txt__1__0,R0039,CRI/0 Km/0Km CRI.I. 25-155 Particle on Bar Filter Fen-2 (A.L.) .....13.doc.txt,1,28.10.2025,Bar Filter,False,Nil,NONE,,explicit,Brass,False,0,UNRESOLVED,0,0
0Km_CRI_I_25_157_Particle_In_IC_Stud_Sr_1335_SMLI_28_doc_txt__1__0,R0042,CRI/0 Km/0Km CRI.I. 25-157 Particle In IC Stud  Sr.-1335 (SMLI) ....28.doc.txt,1,04.11.2025,IC Stud,False,Zn,COATED,Zn,explicit,Zn flake,False,0,EXTERNAL_ONLY,0,0
RI_0_Km_0Km_CRI_I_26_04_Particle_In_IC_Stud_ISUZU_07_doc_txt__1__0,R0073,CRI/0 Km/0Km CRI.I. 26-04 Particle In IC Stud (ISUZU) ......07.doc.txt,1,11.01.2026,IC Stud,False,--,UNKNOWN,,placeholder,Nonmetallic,False,0,EXTERNAL_ONLY,0,0
CRI_0_Km_0Km_CRI_I_26_16_Particle_In_IC_Stud_M_M_28_doc_txt__1__0,R0087,CRI/0 Km/0Km CRI.I. 26-16 Particle In IC Stud (M&M) ....28.doc.txt,1,26.02.2026,In IC Stud,False,--,UNKNOWN,,placeholder,Plain C steel,False,4,INTERNAL_ONLY,2,2
_25_93_Particle_Collected_From_Armature_Plate_M_M_17_doc_txt__1__0,R0069,CRI/0 Km/0Km CRI.I. 25-93 Particle Collected From Armature Plate (M&M) .....17.doc.txt,1,08.08.2025,Armature Plate (Collected By FA Lab),False,--,UNKNOWN,,placeholder,Iron,False,1,INTERNAL_ONLY,2,2
_25_93_Particle_Collected_From_Armature_Plate_M_M_17_doc_txt__2__0,R0069,CRI/0 Km/0Km CRI.I. 25-93 Particle Collected From Armature Plate (M&M) .....17.doc.txt,2,08.08.2025,,False,--,UNKNOWN,,placeholder,Iron,False,1,INTERNAL_ONLY,2,2
_25_93_Particle_Collected_From_Armature_Plate_M_M_17_doc_txt__3__0,R0069,CRI/0 Km/0Km CRI.I. 25-93 Particle Collected From Armature Plate (M&M) .....17.doc.txt,3,08.08.2025,,False,--,UNKNOWN,,placeholder,Iron,False,1,INTERNAL_ONLY,2,2
RI_0_Km_0Km_CRI_I_26_06_Particles_On_AH_Plate_TML_28_doc_txt__2__0,R0077,CRI/0 Km/0Km CRI.I. 26-06 Particles On AH. Plate  (TML) ......28.doc.txt,2,16.01.2026,,False,--,UNKNOWN,,placeholder,Iron,False,1,INTERNAL_ONLY,2,2
RI_0_Km_0Km_CRI_I_26_06_Particles_On_AH_Plate_TML_28_doc_txt__4__0,R0077,CRI/0 Km/0Km CRI.I. 26-06 Particles On AH. Plate  (TML) ......28.doc.txt,4,16.01.2026,,False,--,UNKNOWN,,placeholder,Iron,False,1,INTERNAL_ONLY,2,2
RI_0_Km_0Km_CRI_I_26_06_Particles_On_AH_Plate_TML_28_doc_txt__5__0,R0077,CRI/0 Km/0Km CRI.I. 26-06 Particles On AH. Plate  (TML) ......28.doc.txt,5,16.01.2026,,False,--,UNKNOWN,,placeholder,Iron,False,1,INTERNAL_ONLY,5,5
RI_0_Km_0Km_CRI_I_26_06_Particles_On_AH_Plate_TML_28_doc_txt__6__0,R0077,CRI/0 Km/0Km CRI.I. 26-06 Particles On AH. Plate  (TML) ......28.doc.txt,6,16.01.2026,,False,--,UNKNOWN,,placeholder,Iron,False,1,INTERNAL_ONLY,0,0
CRI_0_Km_0Km_CRI_I_26_120_Particle_In_BFT_M_M_19_doc_txt__1__0,R0083,CRI/0 Km/0Km CRI.I. 26-120 Particle In BFT (M&M) ....19.doc.txt,1,: 19.06.2026,In BFT,False,Nil,NONE,,explicit,High Speed Steel,False,2,INTERNAL_ONLY,0,0
CRI_0_Km_0Km_CRI_I_26_62_Particle_In_Z_Hole_A_L_12_doc_txt__1__0,R0105,CRI/0 Km/0Km CRI.I. 26-62 Particle In Z Hole (A.L.) ......12.doc.txt,1,17.04.2026,Z Hole,False,??,UNKNOWN,,placeholder,Plain C steel,False,2,INTERNAL_ONLY,1,1
RI_0_Km_0Km_CRI_I_26_44_Particle_At_CU_Washer_M_M_17_doc_txt__3__0,R0096,CRI/0 Km/0Km CRI.I. 26-44 Particle At CU Washer  (M&M) .…17.doc.txt,3,19.03.2026,,False,Zn plating,COATED,Zn,explicit,Zn base,False,0,UNRESOLVED,0,0
RI_0_Km_0Km_CRI_I_25_136_Particle_On_AH_Plate_M_M_13_doc_txt__1__0,R0032,CRI/0 Km/0Km CRI.I. 25-136 Particle On AH Plate (M&M) .....13.doc.txt,1,06.10.2025,On Armature Plate,False,--,UNKNOWN,,placeholder,Iron,False,1,INTERNAL_ONLY,2,2
RI_0_Km_0Km_CRI_I_25_136_Particle_On_AH_Plate_M_M_13_doc_txt__2__0,R0032,CRI/0 Km/0Km CRI.I. 25-136 Particle On AH Plate (M&M) .....13.doc.txt,2,06.10.2025,,False,--,UNKNOWN,,placeholder,Iron,False,1,INTERNAL_ONLY,2,2
RI_0_Km_0Km_CRI_I_25_136_Particle_On_AH_Plate_M_M_13_doc_txt__3__0,R0032,CRI/0 Km/0Km CRI.I. 25-136 Particle On AH Plate (M&M) .....13.doc.txt,3,06.10.2025,,False,--,UNKNOWN,,placeholder,Iron,False,1,INTERNAL_ONLY,2,2
RI_0_Km_0Km_CRI_I_25_136_Particle_On_AH_Plate_M_M_13_doc_txt__4__0,R0032,CRI/0 Km/0Km CRI.I. 25-136 Particle On AH Plate (M&M) .....13.doc.txt,4,06.10.2025,,False,--,UNKNOWN,,placeholder,Non metallic,False,0,EXTERNAL_ONLY,0,0
_CRI_I_26_104_Particle_In_IC_Stud_Sr_No_2646_FUSO_19_doc_txt__1__0,R0080,CRI/0 Km/0Km CRI.I. 26-104 Particle In IC Stud  Sr.No-  2646 (FUSO) …..19.doc.txt,1,27.05.2026,In IC Stud,False,Nil,NONE,,explicit,1.3 Mn steel,False,1,INTERNAL_ONLY,0,0
_CRI_I_26_104_Particle_In_IC_Stud_Sr_No_2646_FUSO_19_doc_txt__2__0,R0080,CRI/0 Km/0Km CRI.I. 26-104 Particle In IC Stud  Sr.No-  2646 (FUSO) …..19.doc.txt,2,27.05.2026,,False,Zn plating,COATED,Zn,explicit,Zn base,False,2,MIXED,0,0
_CRI_I_26_104_Particle_In_IC_Stud_Sr_No_2646_FUSO_19_doc_txt__3__0,R0080,CRI/0 Km/0Km CRI.I. 26-104 Particle In IC Stud  Sr.No-  2646 (FUSO) …..19.doc.txt,3,27.05.2026,,False,Nil,NONE,,explicit,Plain C steel,False,0,UNRESOLVED,0,0
0_Km_0Km_CRI_I_25_58_Particle_in_IC_Stud_Cone_M_M_15_doc_txt__1__0,R0066,CRI/0 Km/0Km CRI.I. 25-58 Particle in IC Stud Cone (M&M) ...15.doc.txt,1,20.05.2025,IC Stud Cone,False,Zn,COATED,Zn,explicit,Zn flake,False,0,EXTERNAL_ONLY,2,2
_Km_0Km_CRI_I_25_170_Particle_In_NB_Seat_Area_M_M_15_doc_txt__1__0,R0055,CRI/0 Km/0Km CRI.I. 25-170 Particle In NB Seat Area (M&M) ….15.doc.txt,1,21.11.2025,NB Seat Area,False,ZnP,COATED,ZnP,explicit,Leaded Plain,False,2,INTERNAL_ONLY,0,0
CRI_0_Km_0Km_CRI_I_26_121_Particle_In_BFT_M_M_14_doc_txt__1__0,R0085,CRI/0 Km/0Km CRI.I. 26-121 Particle In BFT (M&M) …..14.doc.txt,1,: 18.06.2026,In BFT,False,---,UNKNOWN,,placeholder,Al-Si,False,0,EXTERNAL_ONLY,0,0
Km_CRI_I_25_157_Particle_In_Z_Hole_Sr_0609_3_SMLI_13_doc_txt__1__0,R0044,CRI/0 Km/0Km CRI.I. 25-157 Particle In Z Hole Sr-0609-3 (SMLI) .....13.doc.txt,1,07.11.2025,Z Hole,False,ZnP,COATED,ZnP,explicit,Plain Carbon,False,2,INTERNAL_ONLY,0,0
RI_I_25_157_Particle_In_Bar_Filter_Sr_0696_2_SMLI_01_doc_txt__1__0,R0040,CRI/0 Km/0Km CRI.I. 25-157 Particle In Bar Filter Sr-0696-2 (SMLI) .....01.doc.txt,1,07.11.2025,Bar Filter,False,ZnP,COATED,ZnP,explicit,Plain Carbon,False,2,INTERNAL_ONLY,0,0
CRI_0_Km_0Km_CRI_I_25_161_Particle_In_BF_Cone_M_M_23_doc_txt__1__0,R0047,CRI/0 Km/0Km CRI.I. 25-161 Particle In BF Cone (M&M) …..23.doc.txt,1,10.11.2025,Bar Filter Cone,False,Zn,COATED,Zn,explicit,Zn Flake,False,0,EXTERNAL_ONLY,0,0
Km_0Km_CRI_I_26_60_Particle_On_Small_O_Ring_ISUZU_25_doc_txt__2__0,R0103,CRI/0 Km/0Km CRI.I. 26-60 Particle On Small O Ring (ISUZU) ....25.doc.txt,2,20.04.2026,,False,Nil,NONE,,explicit,Carbon base,False,0,EXTERNAL_ONLY,1,1
CRI_0_Km_0Km_CRI_I_26_64_NB_Seat_Particle_A_L_22_doc_txt__1__0,R0106,CRI/0 Km/0Km CRI.I. 26-64 NB Seat Particle (A.L.) ......22.doc.txt,1,:20.04.2026,,False,Nil,NONE,,explicit,Carbon base/,False,0,EXTERNAL_ONLY,0,0
CRI_0_Km_0Km_CRI_I_26_64_NB_Seat_Particle_A_L_22_doc_txt__2__0,R0106,CRI/0 Km/0Km CRI.I. 26-64 NB Seat Particle (A.L.) ......22.doc.txt,2,:20.04.2026,,False,Nil,NONE,,explicit,Carbon base,False,0,EXTERNAL_ONLY,0,0
0_Km_0Km_CRI_I_26_59_Particle_In_NB_Seat_Area_M_M_10_doc_txt__1__0,R0101,CRI/0 Km/0Km CRI.I. 26-59 Particle In NB Seat Area (M&M) ......10.doc.txt,1,01.04.2026,NB Seat Area & Needle Seat Deposition,False,Zinc Phosphate,COATED,ZnP,explicit,Leaded Plain C,False,3,INTERNAL_ONLY,0,0
0Km_CRI_I_25_155_Particle_on_Bar_Filter_Fen_1_A_L_11_doc_txt__1__0,R0038,CRI/0 Km/0Km CRI.I. 25-155 Particle on Bar Filter Fen-1 (A.L.) .....11.doc.txt,1,28.10.2025,Bar Filter,False,Zinc phosphate,COATED,ZnP,explicit,Leaded Steel,False,3,INTERNAL_ONLY,0,0
_Km_0Km_CRI_I_25_48_Particle_on_Bar_Filter_Escort_04_doc_txt__1__0,R0064,CRI/0 Km/0Km CRI.I. 25-48 Particle on Bar Filter (Escort) .....04.doc.txt,1,21.05.2025,At Filter,False,,UNKNOWN,,missing,Iron Oxide,False,0,EXTERNAL_ONLY,0,0
CRI_0_Km_0Km_CRI_I_26_41_Particle_In_IC_Stud_A_L_23_doc_txt__1__0,R0095,CRI/0 Km/0Km CRI.I. 26-41 Particle In IC Stud (A.L.) ……23.doc.txt,1,13.03.2026,In IC Stud,True,--,UNKNOWN,,placeholder,Plain carbon,False,2,INTERNAL_ONLY,0,0
CRI_0_Km_0Km_CRI_I_25_149_Particle_In_Z_Hole_M_M_11_doc_txt__1__0,R0036,CRI/0 Km/0Km CRI.I. 25-149 Particle In Z Hole (M&M) .....11.doc.txt,1,24.10.2025,Z Hole,False,--,UNKNOWN,,placeholder,Refractory Al-Si,False,0,EXTERNAL_ONLY,0,0
CRI_0_Km_0Km_CRI_I_24_70_Particle_on_AH_Bolt_M_M_17_doc_txt__1__0,R0024,CRI/0 Km/0Km CRI.I. 24-70 Particle on AH. Bolt (M&M) .....17.doc.txt,1,31.05.2024,Armature Bolt,False,--,UNKNOWN,,placeholder,Sl2b17,False,2,INTERNAL_ONLY,0,0
CRI_0_Km_0Km_CRI_I_24_70_Particle_on_AH_Bolt_M_M_17_doc_txt__2__0,R0024,CRI/0 Km/0Km CRI.I. 24-70 Particle on AH. Bolt (M&M) .....17.doc.txt,2,31.05.2024,,False,--,UNKNOWN,,placeholder,Sl2b17,False,2,INTERNAL_ONLY,0,0
CRI_0_Km_0Km_CRI_I_24_70_Particle_on_AH_Bolt_M_M_17_doc_txt__3__0,R0024,CRI/0 Km/0Km CRI.I. 24-70 Particle on AH. Bolt (M&M) .....17.doc.txt,3,31.05.2024,,False,--,UNKNOWN,,placeholder,Sl2b17,False,2,INTERNAL_ONLY,0,0
CRI_0_Km_0Km_CRI_I_24_70_Particle_on_AH_Bolt_M_M_17_doc_txt__4__0,R0024,CRI/0 Km/0Km CRI.I. 24-70 Particle on AH. Bolt (M&M) .....17.doc.txt,4,31.05.2024,,False,--,UNKNOWN,,placeholder,Sl2b17,False,2,INTERNAL_ONLY,0,0
CRI_0_Km_0Km_CRI_I_24_70_Particle_on_AH_Bolt_M_M_17_doc_txt__5__0,R0024,CRI/0 Km/0Km CRI.I. 24-70 Particle on AH. Bolt (M&M) .....17.doc.txt,5,31.05.2024,,False,--,UNKNOWN,,placeholder,Sl2b17,False,2,INTERNAL_ONLY,0,0
I_0_Km_0Km_CRI_I_25136_Particle_at_Bar_Filter_M_M_15_doc_txt__1__0,R0072,CRI/0 Km/0Km CRI.I. 25136 Particle at Bar Filter (M&M) ....15.doc.txt,1,10.10.2025,Bar Filter,False,--,UNKNOWN,,placeholder,Sl48,False,1,INTERNAL_ONLY,0,0
RI_I_25_157_Particle_In_Bar_Filter_Sr_1335_1_SMLI_28_doc_txt__1__0,R0041,CRI/0 Km/0Km CRI.I. 25-157 Particle In Bar Filter Sr-1335-1 (SMLI) .....28.doc.txt,1,07.11.2025,Bar Filter,False,--,UNKNOWN,,placeholder,Plain carbon,False,2,INTERNAL_ONLY,0,0
RI_I_25_157_Particle_In_Bar_Filter_Sr_1335_1_SMLI_28_doc_txt__3__0,R0041,CRI/0 Km/0Km CRI.I. 25-157 Particle In Bar Filter Sr-1335-1 (SMLI) .....28.doc.txt,3,07.11.2025,,False,Nil,NONE,,explicit,SS 302/304,False,0,UNRESOLVED,0,0
CRI_0_Km_0Km_CRI_I_24_47_Particle_In_IC_Stud_M_M_28_doc_txt__1__0,R0012,CRI/0 Km/0Km CRI.I. 24-47 Particle In IC Stud ((M&M) .....28.doc.txt,1,27.03.2024,IC Stud,False,ZnP,COATED,ZnP,explicit,ZnP flake,False,0,EXTERNAL_ONLY,0,0
CRI_0_Km_0Km_CRI_I_24_47_Particle_In_IC_Stud_M_M_28_doc_txt__2__0,R0012,CRI/0 Km/0Km CRI.I. 24-47 Particle In IC Stud ((M&M) .....28.doc.txt,2,27.03.2024,,False,,UNKNOWN,,missing,ZnP flake,False,0,EXTERNAL_ONLY,0,0
CRI_0_Km_0Km_CRI_I_25_161_Particle_In_BFT_M_M_26_doc_txt__1__0,R0048,CRI/0 Km/0Km CRI.I. 25-161 Particle In BFT (M&M) …..26.doc.txt,1,11.11.2025,BFT,False,,UNKNOWN,,missing,Ni plating with,False,1,INTERNAL_ONLY,0,0
CRI_0_Km_0Km_CRI_I_25_161_Particle_In_BFT_M_M_26_doc_txt__2__0,R0048,CRI/0 Km/0Km CRI.I. 25-161 Particle In BFT (M&M) …..26.doc.txt,2,11.11.2025,,False,Nil,NONE,,explicit,SS 302/304,False,0,EXTERNAL_ONLY,0,0
CRI_0_Km_0Km_CRI_I_25_161_Particle_In_BFT_M_M_26_doc_txt__4__0,R0048,CRI/0 Km/0Km CRI.I. 25-161 Particle In BFT (M&M) …..26.doc.txt,4,11.11.2025,,False,,UNKNOWN,,missing,Ni plating with,False,1,INTERNAL_ONLY,0,0
_0_Km_0Km_CRI_I_25_161_Particle_In_Bar_Filter_M_M_28_doc_txt__1__0,R0049,CRI/0 Km/0Km CRI.I. 25-161 Particle In Bar-Filter (M&M) …28.doc.txt,1,11.11.2025,Bar Filter,False,,UNKNOWN,,missing,Low alloy steel,False,0,UNRESOLVED,0,0
_0_Km_0Km_CRI_I_25_182_Particle_In_Bar_Filter_M_M_23_doc_txt__1__0,R0059,CRI/0 Km/0Km CRI.I. 25-182 Particle In Bar-Filter  (M&M) ......23.doc.txt,1,04.12.2025,Bar filter,True,Zinc Phosphate,COATED,ZnP,explicit,Plain C steel,False,4,INTERNAL_ONLY,0,0
_0_Km_0Km_CRI_I_25_182_Particle_In_Bar_Filter_M_M_23_doc_txt__2__0,R0059,CRI/0 Km/0Km CRI.I. 25-182 Particle In Bar-Filter  (M&M) ......23.doc.txt,2,04.12.2025,,False,Zn,COATED,Zn,explicit,Zinc Flake,False,0,EXTERNAL_ONLY,0,0
_0_Km_0Km_CRI_I_25_182_Particle_In_Bar_Filter_M_M_23_doc_txt__3__0,R0059,CRI/0 Km/0Km CRI.I. 25-182 Particle In Bar-Filter  (M&M) ......23.doc.txt,3,04.12.2025,,False,Zn,COATED,Zn,explicit,Zinc Flake,False,0,EXTERNAL_ONLY,2,2
_0_Km_0Km_CRI_I_25_182_Particle_In_Bar_Filter_M_M_23_doc_txt__4__0,R0059,CRI/0 Km/0Km CRI.I. 25-182 Particle In Bar-Filter  (M&M) ......23.doc.txt,4,04.12.2025,,False,Zn,COATED,Zn,explicit,Zinc Flake,False,0,EXTERNAL_ONLY,0,0
_0_Km_0Km_CRI_I_25_182_Particle_In_Bar_Filter_M_M_23_doc_txt__5__0,R0059,CRI/0 Km/0Km CRI.I. 25-182 Particle In Bar-Filter  (M&M) ......23.doc.txt,5,04.12.2025,,False,Zn,COATED,Zn,explicit,Zinc Flake,False,0,EXTERNAL_ONLY,2,2
_0_Km_0Km_CRI_I_25_182_Particle_In_Bar_Filter_M_M_23_doc_txt__6__0,R0059,CRI/0 Km/0Km CRI.I. 25-182 Particle In Bar-Filter  (M&M) ......23.doc.txt,6,04.12.2025,,False,Zn,COATED,Zn,explicit,Zinc Flake,False,0,UNRESOLVED,0,0
CRI_0_Km_0Km_CRI_I_25_94_Particle_In_Z_Hole_M_M_23_doc_txt__1__0,R0071,CRI/0 Km/0Km CRI.I. 25-94 Particle In Z Hole (M&M) .....23.doc.txt,1,08.07.2025,Z Hole,False,---,UNKNOWN,,placeholder,Metal matrix,False,1,INTERNAL_ONLY,0,0
I_0_Km_0Km_CRI_I_25_48_Particle_In_IC_Stud_ESCORT_19_doc_txt__1__0,R0061,CRI/0 Km/0Km CRI.I. 25-48 Particle In IC Stud (ESCORT) ...19.doc.txt,1,25.04.2025,IC Stud,False,--,UNKNOWN,,placeholder,Al alloy,False,0,EXTERNAL_ONLY,0,0
CRI_0_Km_0Km_CRI_I_24_22_Particle_In_Z_Hole_SMIL_11_doc_txt__1__0,R0010,CRI/0 Km/0Km CRI.I. 24-22 Particle In Z Hole (SMIL) .....11.doc.txt,1,01.03.2024,Z Hole Particle,False,ZnP,COATED,ZnP,explicit,Leaded plain,False,2,INTERNAL_ONLY,0,0
I_0_Km_0Km_CRI_I_24_51_Particle_on_VFK_Spring_M_M_23_doc_txt__1__0,R0017,CRI/0 Km/0Km CRI.I. 24-51 Particle on VFK Spring (M&M) ....23.doc.txt,1,01.04.2024,VFK Spring,False,??,UNKNOWN,,placeholder,Iron base,False,1,INTERNAL_ONLY,2,2
I_0_Km_0Km_CRI_I_24_51_Particle_on_VFK_Spring_M_M_23_doc_txt__3__0,R0017,CRI/0 Km/0Km CRI.I. 24-51 Particle on VFK Spring (M&M) ....23.doc.txt,3,01.04.2024,,False,---,UNKNOWN,,placeholder,Iron,False,1,INTERNAL_ONLY,2,2
I_0_Km_0Km_CRI_I_24_51_Particle_on_VFK_Spring_M_M_23_doc_txt__4__0,R0017,CRI/0 Km/0Km CRI.I. 24-51 Particle on VFK Spring (M&M) ....23.doc.txt,4,01.04.2024,,False,??,UNKNOWN,,placeholder,Plain C steel,False,2,INTERNAL_ONLY,3,3
I_0_Km_0Km_CRI_I_24_51_Particle_on_VFK_Spring_M_M_23_doc_txt__5__0,R0017,CRI/0 Km/0Km CRI.I. 24-51 Particle on VFK Spring (M&M) ....23.doc.txt,5,01.04.2024,,False,---,UNKNOWN,,placeholder,Iron,False,1,INTERNAL_ONLY,1,1
I_0_Km_0Km_CRI_I_24_51_Particle_on_VFK_Spring_M_M_23_doc_txt__6__0,R0017,CRI/0 Km/0Km CRI.I. 24-51 Particle on VFK Spring (M&M) ....23.doc.txt,6,01.04.2024,,False,---,UNKNOWN,,placeholder,Iron,False,1,INTERNAL_ONLY,1,1
I_0_Km_0Km_CRI_I_24_51_Particle_on_VFK_Spring_M_M_23_doc_txt__7__0,R0017,CRI/0 Km/0Km CRI.I. 24-51 Particle on VFK Spring (M&M) ....23.doc.txt,7,01.04.2024,,False,??,UNKNOWN,,placeholder,Plain C steel,False,2,INTERNAL_ONLY,2,2
I_0_Km_0Km_CRI_I_24_51_Particle_on_VFK_Spring_M_M_23_doc_txt__8__0,R0017,CRI/0 Km/0Km CRI.I. 24-51 Particle on VFK Spring (M&M) ....23.doc.txt,8,01.04.2024,,False,,UNKNOWN,,missing,Plain C steel,False,2,INTERNAL_ONLY,2,2
_Km_0Km_CRI_I_25_146_Particle_In_NB_Seat_Area_M_M_22_doc_txt__1__0,R0035,CRI/0 Km/0Km CRI.I. 25-146 Particle In NB Seat Area (M&M) .....22.doc.txt,1,15.10.2025,NB Seat Area,False,,UNKNOWN,,missing,Thread,False,0,EXTERNAL_ONLY,0,0
CRI_0_Km_0Km_CRI_I_24_63_Particle_on_AH_Plate_M_M_28_doc_txt__1__0,R0019,CRI/0 Km/0Km CRI.I. 24-63 Particle on AH. Plate  (M&M) .....28.doc.txt,1,07.05.2024,Armature Plate,False,--,UNKNOWN,,placeholder,Iron,False,1,INTERNAL_ONLY,3,3
CRI_0_Km_0Km_CRI_I_24_63_Particle_on_AH_Plate_M_M_28_doc_txt__2__0,R0019,CRI/0 Km/0Km CRI.I. 24-63 Particle on AH. Plate  (M&M) .....28.doc.txt,2,07.05.2024,,False,--,UNKNOWN,,placeholder,Iron,False,1,INTERNAL_ONLY,2,2
CRI_0_Km_0Km_CRI_I_24_63_Particle_on_AH_Plate_M_M_28_doc_txt__3__0,R0019,CRI/0 Km/0Km CRI.I. 24-63 Particle on AH. Plate  (M&M) .....28.doc.txt,3,07.05.2024,,False,--,UNKNOWN,,placeholder,Iron,False,1,INTERNAL_ONLY,2,2
CRI_0_Km_0Km_CRI_I_24_63_Particle_on_AH_Plate_M_M_28_doc_txt__4__0,R0019,CRI/0 Km/0Km CRI.I. 24-63 Particle on AH. Plate  (M&M) .....28.doc.txt,4,07.05.2024,,False,--,UNKNOWN,,placeholder,Iron,False,1,INTERNAL_ONLY,2,2
CRI_0_Km_0Km_CRI_I_24_63_Particle_on_AH_Plate_M_M_28_doc_txt__5__0,R0019,CRI/0 Km/0Km CRI.I. 24-63 Particle on AH. Plate  (M&M) .....28.doc.txt,5,07.05.2024,,False,--,UNKNOWN,,placeholder,Iron,False,1,INTERNAL_ONLY,2,2
CRI_0_Km_0Km_CRI_I_24_63_Particle_on_AH_Plate_M_M_28_doc_txt__6__0,R0019,CRI/0 Km/0Km CRI.I. 24-63 Particle on AH. Plate  (M&M) .....28.doc.txt,6,07.05.2024,,False,--,UNKNOWN,,placeholder,Iron,False,1,INTERNAL_ONLY,0,0
_Km_0Km_CRI_I_25_132_Particle_On_VFK_Spring_ISUZU_01_doc_txt__2__0,R0030,CRI/0 Km/0Km CRI.I. 25-132 Particle On VFK Spring (ISUZU) ….01.doc.txt,2,06.10.2025,,False,--,UNKNOWN,,placeholder,Iron Oxidized,False,0,EXTERNAL_ONLY,0,0
Km_0Km_CRI_I_25_93_Particle_On_Armature_Plate_M_M_15_doc_txt__2__0,R0070,CRI/0 Km/0Km CRI.I. 25-93 Particle On Armature Plate (M&M) .....15.doc.txt,2,08.08.2025,,False,--,UNKNOWN,,placeholder,Iron,False,1,INTERNAL_ONLY,2,2
Km_0Km_CRI_I_25_93_Particle_On_Armature_Plate_M_M_15_doc_txt__3__0,R0070,CRI/0 Km/0Km CRI.I. 25-93 Particle On Armature Plate (M&M) .....15.doc.txt,3,08.08.2025,,False,--,UNKNOWN,,placeholder,Iron,False,1,INTERNAL_ONLY,1,1
Km_0Km_CRI_I_25_93_Particle_On_Armature_Plate_M_M_15_doc_txt__4__0,R0070,CRI/0 Km/0Km CRI.I. 25-93 Particle On Armature Plate (M&M) .....15.doc.txt,4,08.08.2025,,False,--,UNKNOWN,,placeholder,Iron,False,1,INTERNAL_ONLY,1,1
Km_0Km_CRI_I_25_93_Particle_On_Armature_Plate_M_M_15_doc_txt__5__0,R0070,CRI/0 Km/0Km CRI.I. 25-93 Particle On Armature Plate (M&M) .....15.doc.txt,5,08.08.2025,,False,--,UNKNOWN,,placeholder,Iron,False,1,INTERNAL_ONLY,1,1
Km_0Km_CRI_I_25_93_Particle_On_Armature_Plate_M_M_15_doc_txt__6__0,R0070,CRI/0 Km/0Km CRI.I. 25-93 Particle On Armature Plate (M&M) .....15.doc.txt,6,08.08.2025,,False,--,UNKNOWN,,placeholder,Iron,False,1,INTERNAL_ONLY,1,1
Km_0Km_CRI_I_25_93_Particle_On_Armature_Plate_M_M_15_doc_txt__7__0,R0070,CRI/0 Km/0Km CRI.I. 25-93 Particle On Armature Plate (M&M) .....15.doc.txt,7,08.08.2025,,False,--,UNKNOWN,,placeholder,Iron,False,1,INTERNAL_ONLY,2,2
Km_0Km_CRI_I_25_93_Particle_On_Armature_Plate_M_M_15_doc_txt__8__0,R0070,CRI/0 Km/0Km CRI.I. 25-93 Particle On Armature Plate (M&M) .....15.doc.txt,8,08.08.2025,,False,--,UNKNOWN,,placeholder,Iron,False,1,INTERNAL_ONLY,0,0
Km_CRI_I_26_27_Particle_In_Z_Hole_Sr_No_2416_SMLI_15_doc_txt__1__0,R0092,CRI/0 Km/0Km CRI.I. 26-27 Particle In Z Hole Sr.No-2416 (SMLI) ....15.doc.txt,1,25.02.2026,Z Hole,False,Zinc Phosphate,COATED,ZnP,explicit,Leaded Plain C,False,3,INTERNAL_ONLY,0,0
Km_CRI_I_26_27_Particle_In_Z_Hole_Sr_No_2416_SMLI_15_doc_txt__2__0,R0092,CRI/0 Km/0Km CRI.I. 26-27 Particle In Z Hole Sr.No-2416 (SMLI) ....15.doc.txt,2,25.02.2026,,False,Zinc Phosphate,COATED,ZnP,explicit,Leaded Plain C,False,3,INTERNAL_ONLY,0,0
0Km_CRI_I_25_48_Particle_Near_Small_O_Ring_Escort_23_doc_txt__2__0,R0062,CRI/0 Km/0Km CRI.I. 25-48 Particle Near Small O-Ring (Escort) ….23.doc.txt,2,15.05.2025,,False,Nil,NONE,,explicit,Carbon base -,False,0,EXTERNAL_ONLY,2,2
CRI_0_Km_0KM_CRI_I_24_76_Particle_on_Magnet_Group_04_doc_txt__1__0,R0002,CRI/0 Km/0KM CRI.I. 24-76 Particle on Magnet Group ....04.doc.txt,1,03.06.2024,On Magnet Group,False,--,UNKNOWN,,placeholder,Iron,False,1,INTERNAL_ONLY,2,2
CRI_0_Km_0KM_CRI_I_24_76_Particle_on_Magnet_Group_04_doc_txt__2__0,R0002,CRI/0 Km/0KM CRI.I. 24-76 Particle on Magnet Group ....04.doc.txt,2,03.06.2024,,False,--,UNKNOWN,,placeholder,Iron,False,1,INTERNAL_ONLY,0,0
CRI_0_Km_0KM_CRI_I_24_76_Particle_on_Magnet_Group_04_doc_txt__3__0,R0002,CRI/0 Km/0KM CRI.I. 24-76 Particle on Magnet Group ....04.doc.txt,3,03.06.2024,,False,--,UNKNOWN,,placeholder,Iron,False,1,INTERNAL_ONLY,0,0
CRI_0_Km_0KM_CRI_I_24_76_Particle_on_Magnet_Group_04_doc_txt__4__0,R0002,CRI/0 Km/0KM CRI.I. 24-76 Particle on Magnet Group ....04.doc.txt,4,03.06.2024,,False,--,UNKNOWN,,placeholder,Iron,False,1,INTERNAL_ONLY,0,0
CRI_0_Km_0KM_CRI_I_24_76_Particle_on_Magnet_Group_04_doc_txt__5__0,R0002,CRI/0 Km/0KM CRI.I. 24-76 Particle on Magnet Group ....04.doc.txt,5,03.06.2024,,False,--,UNKNOWN,,placeholder,Iron,False,1,INTERNAL_ONLY,0,0
CRI_0_Km_0KM_CRI_I_24_76_Particle_on_Magnet_Group_04_doc_txt__6__0,R0002,CRI/0 Km/0KM CRI.I. 24-76 Particle on Magnet Group ....04.doc.txt,6,03.06.2024,,False,--,UNKNOWN,,placeholder,Iron,False,1,INTERNAL_ONLY,2,2
CRI_0_Km_0KM_CRI_I_24_76_Particle_on_Magnet_Group_04_doc_txt__7__0,R0002,CRI/0 Km/0KM CRI.I. 24-76 Particle on Magnet Group ....04.doc.txt,7,03.06.2024,,False,--,UNKNOWN,,placeholder,Iron,False,1,INTERNAL_ONLY,2,2
I_0_Km_0KM_CRI_I_24_76_Particle_on_Armature_Group_04_doc_txt__1__0,R0001,CRI/0 Km/0KM CRI.I. 24-76 Particle on Armature Group ....04.doc.txt,1,03.06.2024,On Armature Group,False,--,UNKNOWN,,placeholder,Iron,False,1,INTERNAL_ONLY,0,0
I_0_Km_0KM_CRI_I_24_76_Particle_on_Armature_Group_04_doc_txt__2__0,R0001,CRI/0 Km/0KM CRI.I. 24-76 Particle on Armature Group ....04.doc.txt,2,03.06.2024,,False,--,UNKNOWN,,placeholder,Iron,False,1,INTERNAL_ONLY,0,0
I_0_Km_0KM_CRI_I_24_76_Particle_on_Armature_Group_04_doc_txt__3__0,R0001,CRI/0 Km/0KM CRI.I. 24-76 Particle on Armature Group ....04.doc.txt,3,03.06.2024,,False,--,UNKNOWN,,placeholder,Iron,False,1,INTERNAL_ONLY,2,2
I_0_Km_0KM_CRI_I_24_76_Particle_on_Armature_Group_04_doc_txt__4__0,R0001,CRI/0 Km/0KM CRI.I. 24-76 Particle on Armature Group ....04.doc.txt,4,03.06.2024,,False,--,UNKNOWN,,placeholder,Iron,False,1,INTERNAL_ONLY,2,2
I_0_Km_0KM_CRI_I_24_76_Particle_on_Armature_Group_04_doc_txt__5__0,R0001,CRI/0 Km/0KM CRI.I. 24-76 Particle on Armature Group ....04.doc.txt,5,03.06.2024,,False,--,UNKNOWN,,placeholder,Iron,False,1,INTERNAL_ONLY,3,3
RI_0_Km_0Km_CRI_I_25_107_Particle_On_AH_Plate_M_M_27_doc_txt__1__0,R0026,CRI/0 Km/0Km CRI.I. 25-107 Particle On AH Plate (M&M) ....27.doc.txt,1,01.09.2025,Armature Plate,False,Nil,NONE,,explicit,Iron base,False,1,INTERNAL_ONLY,2,2
RI_0_Km_0Km_CRI_I_25_107_Particle_On_AH_Plate_M_M_27_doc_txt__2__0,R0026,CRI/0 Km/0Km CRI.I. 25-107 Particle On AH Plate (M&M) ....27.doc.txt,2,01.09.2025,,False,Nil,NONE,,explicit,Carbon base,False,0,EXTERNAL_ONLY,0,0
RI_0_Km_0Km_CRI_I_24_47_Particle_on_Nozzle_HP_M_M_22_doc_txt__1__0,R0014,CRI/0 Km/0Km CRI.I. 24-47 Particle on Nozzle HP ((M&M) .....22.doc.txt,1,27.03.2024,Nozzle HP,False,--,UNKNOWN,,placeholder,Aluminum base,False,0,EXTERNAL_ONLY,0,0
RI_0_Km_0Km_CRI_I_24_47_Particle_on_Nozzle_HP_M_M_22_doc_txt__2__0,R0014,CRI/0 Km/0Km CRI.I. 24-47 Particle on Nozzle HP ((M&M) .....22.doc.txt,2,27.03.2024,,False,--,UNKNOWN,,placeholder,Aluminum base,False,0,EXTERNAL_ONLY,0,0
RI_0_Km_0Km_CRI_I_24_47_Particle_on_Nozzle_HP_M_M_22_doc_txt__3__0,R0014,CRI/0 Km/0Km CRI.I. 24-47 Particle on Nozzle HP ((M&M) .....22.doc.txt,3,27.03.2024,,False,??,UNKNOWN,,placeholder,Plain C steel,False,2,INTERNAL_ONLY,2,2
_0_Km_0Km_CRI_I_24_69_Particle_on_Magnet_Core_M_M_29_doc_txt__1__0,R0023,CRI/0 Km/0Km CRI.I. 24-69 Particle on Magnet Core (M&M) ......29.doc.txt,1,30.05.2024,Magnet Core,False,--,UNKNOWN,,placeholder,Carbon base non,False,0,EXTERNAL_ONLY,0,0
CRI_0_Km_0Km_CRI_I_26_44_Particle_At_IC_Stud_M_M_02_doc_txt__1__0,R0097,CRI/0 Km/0Km CRI.I. 26-44 Particle At IC Stud (M&M) .…02.doc.txt,1,19.03.2026,At IC Stud,False,Nil,NONE,,explicit,Al alloy,False,0,EXTERNAL_ONLY,0,0
CRI_0_Km_0Km_CRI_I_26_44_Particle_At_IC_Stud_M_M_02_doc_txt__2__0,R0097,CRI/0 Km/0Km CRI.I. 26-44 Particle At IC Stud (M&M) .…02.doc.txt,2,19.03.2026,,False,Nil,NONE,,explicit,Al alloy,False,0,EXTERNAL_ONLY,0,0
CRI_0_Km_0Km_CRI_I_26_44_Particle_At_IC_Stud_M_M_02_doc_txt__3__0,R0097,CRI/0 Km/0Km CRI.I. 26-44 Particle At IC Stud (M&M) .…02.doc.txt,3,19.03.2026,,False,Nil,NONE,,explicit,Al alloy,False,0,EXTERNAL_ONLY,0,0
CRI_0_Km_0Km_CRI_I_25_51_Particle_in_Z_Hole_M_M_17_doc_txt__1__0,R0065,CRI/0 Km/0Km CRI.I. 25-51 Particle in Z Hole ( M&M) .....17.doc.txt,1,29.04.2025,Z Hole,False,--,UNKNOWN,,placeholder,Cu-Sn,False,1,INTERNAL_ONLY,0,0
CRI_0_Km_0Km_CRI_I_25_161_Particle_In_Z_Hole_M_M_02_doc_txt__1__0,R0050,CRI/0 Km/0Km CRI.I. 25-161 Particle In Z Hole (M&M) .....02.doc.txt,1,11.11.2025,Z Hole,False,,UNKNOWN,,missing,Plain C steel,False,4,MIXED,0,0
_0_Km_0Km_CRI_I_24_116_NB_Filter_Paper_BharatBenz_27_doc_txt__2__0,R0003,CRI/0 Km/0Km CRI.I. 24-116 NB  Filter Paper (BharatBenz) .....27.doc.txt,2,08.010.2024,,False,Nil,NONE,,explicit,Sl2b17,False,1,INTERNAL_ONLY,0,0
_0_Km_0Km_CRI_I_24_116_NB_Filter_Paper_BharatBenz_27_doc_txt__4__0,R0003,CRI/0 Km/0Km CRI.I. 24-116 NB  Filter Paper (BharatBenz) .....27.doc.txt,4,08.010.2024,,False,Nil,NONE,,explicit,Sl48,False,1,INTERNAL_ONLY,0,0
_0_Km_0Km_CRI_I_24_116_NB_Filter_Paper_BharatBenz_27_doc_txt__5__0,R0003,CRI/0 Km/0Km CRI.I. 24-116 NB  Filter Paper (BharatBenz) .....27.doc.txt,5,08.010.2024,,False,Nil,NONE,,explicit,Sl 48,False,1,INTERNAL_ONLY,0,0
I_0_Km_0Km_CRI_I_25_48_Particle_in_IC_Stud_Escort_07_doc_txt__1__0,R0063,CRI/0 Km/0Km CRI.I. 25-48 Particle in IC Stud (Escort) ….07.doc.txt,1,16.05.2025,IC Stud,False,--,UNKNOWN,,placeholder,Al alloy,False,0,EXTERNAL_ONLY,0,0
_0_Km_0Km_CRI_I_25_176_Particle_In_Bar_Filter_M_M_07_doc_txt__2__0,R0056,CRI/0 Km/0Km CRI.I. 25-176 Particle In Bar-Filter (M&M) ......07.doc.txt,2,02.12.2025,,False,---,UNKNOWN,,placeholder,ETG100,False,2,INTERNAL_ONLY,0,0
_0_Km_0Km_CRI_I_25_176_Particle_In_Bar_Filter_M_M_07_doc_txt__3__0,R0056,CRI/0 Km/0Km CRI.I. 25-176 Particle In Bar-Filter (M&M) ......07.doc.txt,3,02.12.2025,,False,---,UNKNOWN,,placeholder,ETG100,False,2,INTERNAL_ONLY,2,2
_0_Km_0Km_CRI_I_25_176_Particle_In_Bar_Filter_M_M_07_doc_txt__4__0,R0056,CRI/0 Km/0Km CRI.I. 25-176 Particle In Bar-Filter (M&M) ......07.doc.txt,4,02.12.2025,,False,---,UNKNOWN,,placeholder,ETG100,False,2,INTERNAL_ONLY,2,2
_0_Km_0Km_CRI_I_25_176_Particle_In_Bar_Filter_M_M_07_doc_txt__6__0,R0056,CRI/0 Km/0Km CRI.I. 25-176 Particle In Bar-Filter (M&M) ......07.doc.txt,6,02.12.2025,,False,ZnP,COATED,ZnP,explicit,Plain carbon,False,2,INTERNAL_ONLY,0,0
I_0_Km_0Km_CRI_I_26_05_Particle_In_Bar_Filter_TML_18_doc_txt__1__0,R0075,CRI/0 Km/0Km CRI.I. 26-05 Particle In Bar Filter (TML) ......18.doc.txt,1,16.01.2026,In Bar-Filter,False,--,UNKNOWN,,placeholder,Sl2b17,False,2,INTERNAL_ONLY,0,0
m_0Km_CRI_I_24_140_Particle_at_Bar_Filter_Pin_M_M_22_doc_txt__1__0,R0004,CRI/0 Km/0Km CRI.I. 24-140 Particle at Bar Filter Pin (M&M) .....22.doc.txt,1,19.09.2024,Bar Filter Pin Inside,False,Nil,NONE,,explicit,Sl4b2/ HSS M2,False,0,UNRESOLVED,0,0
CRI_0_Km_0Km_CRI_I_25_136_Particle_On_VSS_M_M_19_doc_txt__1__0,R0033,CRI/0 Km/0Km CRI.I. 25-136 Particle On VSS (M&M) .....19.doc.txt,1,06.10.2025,On VSS,False,---,UNKNOWN,,placeholder,Iron,False,1,INTERNAL_ONLY,3,3
RI_0_Km_0Km_CRI_I_24_171_Particle_in_Z_Hole_ISUZU_29_doc_txt__1__0,R0009,CRI/0 Km/0Km CRI.I. 24-171 Particle in Z Hole (ISUZU) .....29.doc.txt,1,08.11.2024,In Z Hole,False,ZnP,COATED,ZnP,explicit,Leaded plain,False,2,INTERNAL_ONLY,0,0
CRI_0_Km_0Km_CRI_I_26_06_Particle_In_B_F_Pin_TML_14_doc_txt__1__0,R0076,CRI/0 Km/0Km CRI.I. 26-06 Particle In B-F Pin (TML) ....14.doc.txt,1,28.01.2026,In Bar-Filter Pin,False,---,UNKNOWN,,placeholder,Sl2b17,False,2,INTERNAL_ONLY,0,0
CRI_0_Km_0Km_CRI_I_25_82_Particle_in_NB_Seat_M_M_24_doc_txt__2__0,R0068,CRI/0 Km/0Km CRI.I. 25-82 Particle in NB Seat (M&M) .....24.doc.txt,2,02.07.2025,,False,Carbon base –,UNKNOWN,,unrecognised,Polymer,False,0,EXTERNAL_ONLY,0,0
CRI_0_Km_0Km_CRI_I_25_82_Particle_in_NB_Seat_M_M_24_doc_txt__3__0,R0068,CRI/0 Km/0Km CRI.I. 25-82 Particle in NB Seat (M&M) .....24.doc.txt,3,02.07.2025,,False,Carbon base –,UNKNOWN,,unrecognised,Polymer,False,0,EXTERNAL_ONLY,0,0
CRI_0_Km_0Km_CRI_I_25_82_Particle_in_NB_Seat_M_M_24_doc_txt__4__0,R0068,CRI/0 Km/0Km CRI.I. 25-82 Particle in NB Seat (M&M) .....24.doc.txt,4,02.07.2025,,False,Carbon base –,UNKNOWN,,unrecognised,Polymer,False,0,EXTERNAL_ONLY,0,0
CRI_0_Km_0Km_CRI_I_25_82_Particle_in_NB_Seat_M_M_24_doc_txt__5__0,R0068,CRI/0 Km/0Km CRI.I. 25-82 Particle in NB Seat (M&M) .....24.doc.txt,5,02.07.2025,,False,Carbon base –,UNKNOWN,,unrecognised,Polymer,False,0,EXTERNAL_ONLY,0,0
CRI_0_Km_0Km_CRI_I_24_152_Particle_in_Z_Hole_M_M_19_doc_txt__1__0,R0006,CRI/0 Km/0Km CRI.I. 24-152 Particle in Z Hole (M&M) ...... 19.doc.txt,1,07.10.2024,Z Hole,False,‘--,UNKNOWN,,placeholder,Leaded Plain C,False,2,INTERNAL_ONLY,0,0
Km_CRI_I_26_59_Particle_In_IC_Stud_Sr_No_0107_M_M_15_doc_txt__1__0,R0099,CRI/0 Km/0Km CRI.I. 26-59 Particle In IC Stud Sr.No-0107 (M&M) …..15.doc.txt,1,01.04.2026,At IC Stud,False,Zn plating,COATED,Zn,explicit,Zn plating flake,False,0,UNRESOLVED,2,2
_CRI_I_24_140_Particle_at_VFK_Spring_AH_Plate_M_M_08_doc_txt__1__0,R0005,CRI/0 Km/0Km CRI.I. 24-140 Particle at VFK Spring & AH. Plate (M&M) .....08.doc.txt,1,19.09.2024,Armature Plate & VFK Spring,False,Nil,NONE,,explicit,Sl4b2,False,2,INTERNAL_ONLY,0,0
_CRI_I_24_140_Particle_at_VFK_Spring_AH_Plate_M_M_08_doc_txt__2__0,R0005,CRI/0 Km/0Km CRI.I. 24-140 Particle at VFK Spring & AH. Plate (M&M) .....08.doc.txt,2,19.09.2024,,False,Nil,NONE,,explicit,Sl4b2,False,2,INTERNAL_ONLY,0,0
_CRI_I_24_140_Particle_at_VFK_Spring_AH_Plate_M_M_08_doc_txt__3__0,R0005,CRI/0 Km/0Km CRI.I. 24-140 Particle at VFK Spring & AH. Plate (M&M) .....08.doc.txt,3,19.09.2024,,False,Nil,NONE,,explicit,Sl4b2,False,2,INTERNAL_ONLY,0,0
_CRI_I_24_140_Particle_at_VFK_Spring_AH_Plate_M_M_08_doc_txt__4__0,R0005,CRI/0 Km/0Km CRI.I. 24-140 Particle at VFK Spring & AH. Plate (M&M) .....08.doc.txt,4,19.09.2024,,False,Nil,NONE,,explicit,Sl4b2,False,2,INTERNAL_ONLY,0,0
CRI_0_Km_0Km_CRI_I_26_120_Particle_In_Z_Hole_M_M_25_doc_txt__1__0,R0084,CRI/0 Km/0Km CRI.I. 26-120 Particle In Z Hole  (M&M) ....25.doc.txt,1,: 19.06.2026,In Z Hole,False,ZnP,COATED,ZnP,explicit,Low alloy steel,False,0,EXTERNAL_ONLY,0,0
Km_CRI_I_26_59_Particle_In_IC_Stud_Sr_No_2280_M_M_14_doc_txt__1__0,R0100,CRI/0 Km/0Km CRI.I. 26-59 Particle In IC Stud Sr.No-2280 (M&M) …..14.doc.txt,1,01.04.2026,At IC Stud,True,,UNKNOWN,,missing,Plain C steel,False,2,INTERNAL_ONLY,0,0
CRI_0_Km_0Km_CRI_I_26_16_Particle_In_Z_Hole_M_M_28_doc_txt__1__0,R0088,CRI/0 Km/0Km CRI.I. 26-16 Particle In Z Hole (M&M) ....28.doc.txt,1,26.02.2026,In Z Hole,False,Nil,NONE,,explicit,Diffused plain C,False,3,INTERNAL_ONLY,0,0
CRI_0_Km_0Km_CRI_I_26_15_Particle_In_Z_Hole_M_M_23_doc_txt__1__0,R0086,CRI/0 Km/0Km CRI.I. 26-15 Particle In Z Hole (M&M) ....23.doc.txt,1,26.02.2026,In Z Hole,False,Zinc Phosphate,COATED,ZnP,explicit,Plain carbon,False,3,INTERNAL_ONLY,0,0
CRI_0_Km_0Km_CRI_I_24_63_Particle_on_B_F_Pin_M_M_22_doc_txt__1__0,R0020,CRI/0 Km/0Km CRI.I. 24-63 Particle on B-F Pin (M&M) .....22.doc.txt,1,07.05.2024,Bar Filter Pin,False,ZnP,COATED,ZnP,explicit,ZnP Flake,False,0,EXTERNAL_ONLY,0,0
RI_0_Km_0Km_CRI_I_24_161_Particle_in_IC_Stud_DICV_17_doc_txt__1__0,R0007,CRI/0 Km/0Km CRI.I. 24-161 Particle in IC Stud (DICV) .....17.doc.txt,1,25.10.2024,In IC Stud,False,Nil,NONE,,explicit,Aluminum Alloy,False,0,UNRESOLVED,0,0
0_Km_0Km_CRI_I_24_70_Particle_on_Magnet_Group_M_M_17_doc_txt__1__0,R0025,CRI/0 Km/0Km CRI.I. 24-70 Particle on Magnet Group (M&M) .....17.doc.txt,1,31.05.2024,Magnet group,False,--,UNKNOWN,,placeholder,Sl2b17,False,2,INTERNAL_ONLY,0,0
0_Km_0Km_CRI_I_24_70_Particle_on_Magnet_Group_M_M_17_doc_txt__2__0,R0025,CRI/0 Km/0Km CRI.I. 24-70 Particle on Magnet Group (M&M) .....17.doc.txt,2,31.05.2024,,False,--,UNKNOWN,,placeholder,Sl2b17,False,2,INTERNAL_ONLY,0,0
0_Km_0Km_CRI_I_24_70_Particle_on_Magnet_Group_M_M_17_doc_txt__3__0,R0025,CRI/0 Km/0Km CRI.I. 24-70 Particle on Magnet Group (M&M) .....17.doc.txt,3,31.05.2024,,False,--,UNKNOWN,,placeholder,Sl2b17,False,2,INTERNAL_ONLY,0,0
_CRI_I_26_104_Particle_In_IC_Stud_Sr_No_2640_FUSO_06_doc_txt__1__0,R0079,CRI/0 Km/0Km CRI.I. 26-104 Particle In IC Stud  Sr.No-  2640 (FUSO) …..06.doc.txt,1,,In IC Stud,False,,UNKNOWN,,missing,Al alloy,False,0,UNRESOLVED,0,0
_0_Km_0Km_CRI_I_24_22_Particle_on_Bar_Filter_SMIL_15_doc_txt__1__0,R0011,CRI/0 Km/0Km CRI.I. 24-22 Particle on Bar Filter (SMIL) .....15.doc.txt,1,01.03.2024,Particle in Bar-Filter,False,--,UNKNOWN,,placeholder,Non metallic,False,0,EXTERNAL_ONLY,0,0
CRI_0_Km_0Km_CRI_I_26_111_Particle_In_Z_Hole_FUSO_13_doc_txt__1__0,R0081,CRI/0 Km/0Km CRI.I. 26-111 Particle In Z Hole (FUSO) ……13.doc.txt,1,: 08.06.2026,Z Hole,False,ZnP,COATED,ZnP,explicit,Leaded Plain C,False,1,INTERNAL_ONLY,0,0
0_Km_0Km_CRI_I_26_118_Particle_In_Valve_Piece_M_M_26_doc_txt__1__0,R0082,CRI/0 Km/0Km CRI.I. 26-118 Particle In Valve Piece (M&M) .....26.doc.txt,1,: 25.06.2026,In Valve Piece,False,,UNKNOWN,,missing,Aluminum alloy,False,0,EXTERNAL_ONLY,0,0
CRI_0_Km_0Km_CRI_I_24_47_Particle_on_AH_Plate_M_M_01_doc_txt__1__0,R0013,CRI/0 Km/0Km CRI.I. 24-47 Particle on AH Plate  ((M&M) .....01.doc.txt,1,28.03.2024,AH Plate,False,Nil,NONE,,explicit,Spring Steel,False,3,INTERNAL_ONLY,0,0
CRI_0_Km_0Km_CRI_I_24_47_Particle_on_AH_Plate_M_M_01_doc_txt__2__0,R0013,CRI/0 Km/0Km CRI.I. 24-47 Particle on AH Plate  ((M&M) .....01.doc.txt,2,28.03.2024,,False,ZnP,COATED,ZnP,explicit,Plain carbon,False,2,INTERNAL_ONLY,0,0
CRI_0_Km_0Km_CRI_I_24_47_Particle_on_AH_Plate_M_M_01_doc_txt__3__0,R0013,CRI/0 Km/0Km CRI.I. 24-47 Particle on AH Plate  ((M&M) .....01.doc.txt,3,28.03.2024,,False,Nil,NONE,,explicit,Spring Steel,False,3,INTERNAL_ONLY,0,0
CRI_0_Km_0Km_CRI_I_24_47_Particle_on_AH_Plate_M_M_01_doc_txt__4__0,R0013,CRI/0 Km/0Km CRI.I. 24-47 Particle on AH Plate  ((M&M) .....01.doc.txt,4,28.03.2024,,False,--,UNKNOWN,,placeholder,Iron,False,1,INTERNAL_ONLY,0,0
CRI_0_Km_0Km_CRI_I_24_62_Particle_in_Z_Hole_M_M_12_doc_txt__1__0,R0018,CRI/0 Km/0Km CRI.I. 24-62 Particle in Z Hole (M&M) .....12.doc.txt,1,07.05.2024,Z Hole,False,ZnP,COATED,ZnP,explicit,Plain carbon,False,2,INTERNAL_ONLY,0,0
CRI_0_Km_0Km_CRI_I_26_20_Particle_In_Z_Hole_TML_11_doc_txt__2__0,R0090,CRI/0 Km/0Km CRI.I. 26-20 Particle In Z Hole (TML) ......11.doc.txt,2,,,False,200,UNKNOWN,,placeholder,Iron base – or,False,1,INTERNAL_ONLY,0,0
CRI_0_Km_0Km_CRI_I_26_61_Particle_In_IC_Stud_A_L_13_doc_txt__1__0,R0104,CRI/0 Km/0Km CRI.I. 26-61 Particle In IC Stud (A.L.) ....13.doc.txt,1,16.04.2026,IC Stud,False,Nil,NONE,,explicit,Zn Flake,False,0,UNRESOLVED,0,0
I_0_Km_0Km_CRI_I_25_165_NB_Seat_Particle_M_M_11_Copy_doc_txt__1__0,R0053,CRI/0 Km/0Km CRI.I. 25-165 NB Seat Particle (M&M) ….11 - Copy.doc.txt,1,31.11.2025,NB Seat Area,False,,UNKNOWN,,missing,Leaded Plain C,False,3,INTERNAL_ONLY,0,0
I_0_Km_0Km_CRI_I_25_165_NB_Seat_Particle_M_M_11_Copy_doc_txt__2__0,R0053,CRI/0 Km/0Km CRI.I. 25-165 NB Seat Particle (M&M) ….11 - Copy.doc.txt,2,31.11.2025,,False,,UNKNOWN,,missing,Leaded Plain C,False,3,INTERNAL_ONLY,0,0
0_Km_0Km_CRI_I_26_56_Particle_In_NB_Seat_Area_M_M_13_doc_txt__1__0,R0098,CRI/0 Km/0Km CRI.I. 26-56 Particle In NB Seat Area (M&M) .....13.doc.txt,1,01.04.2026,NB Seat Area,False,Nil,NONE,,explicit,Carbon base,False,0,EXTERNAL_ONLY,2,2
0_Km_0Km_CRI_I_26_56_Particle_In_NB_Seat_Area_M_M_13_doc_txt__2__0,R0098,CRI/0 Km/0Km CRI.I. 26-56 Particle In NB Seat Area (M&M) .....13.doc.txt,2,01.04.2026,,False,Nil,NONE,,explicit,Carbon base,False,0,EXTERNAL_ONLY,0,0
_Km_0Km_CRI_I_25_145_Particle_In_NB_Seat_Area_M_M_19_doc_txt__1__0,R0034,CRI/0 Km/0Km CRI.I. 25-145 Particle In NB Seat Area (M&M) .....19.doc.txt,1,15.10.2025,NB Seat Area,False,Zinc Phosphate,COATED,ZnP,explicit,Leaded Plain C,False,3,INTERNAL_ONLY,0,0
_Km_0Km_CRI_I_25_145_Particle_In_NB_Seat_Area_M_M_19_doc_txt__2__0,R0034,CRI/0 Km/0Km CRI.I. 25-145 Particle In NB Seat Area (M&M) .....19.doc.txt,2,15.10.2025,,False,,UNKNOWN,,missing,Plain C steel,False,3,INTERNAL_ONLY,0,0
0Km_CRI_I_25_125_Particle_In_IC_Stud_Sr_2104_SMLI_09_doc_txt__1__0,R0027,CRI/0 Km/0Km CRI.I. 25-125 Particle In IC Stud Sr.2104 (SMLI) ....09.doc.txt,1,,In IC Stud,False,Nil,NONE,,explicit,Aluminum alloy,False,0,UNRESOLVED,0,0
_Km_0Km_CRI_I_25_177_Particle_In_NB_Seat_Area_M_M_19_doc_txt__1__0,R0058,CRI/0 Km/0Km CRI.I. 25-177 Particle In NB Seat Area (M&M) …..19.doc.txt,1,02.12.2025,NB Seat Area,False,ZnP,COATED,ZnP,explicit,Leaded plain,False,2,INTERNAL_ONLY,0,0
_CRI_I_26_40_Particle_In_IC_Stud_SR_No_1855_1_A_L_02_doc_txt__1__0,R0093,CRI/0 Km/0Km CRI.I. 26-40 Particle In IC Stud SR.No-1855-1 (A.L.) ......02.doc.txt,1,10.03.2026,In IC Stud,False,ZnP,COATED,ZnP,explicit,Zn Flake,False,0,EXTERNAL_ONLY,0,0
RI_0_Km_0Km_CRI_I_26_60_Particle_In_IC_Stud_ISUZU_15_doc_txt__1__0,R0102,CRI/0 Km/0Km CRI.I. 26-60 Particle In IC Stud (ISUZU) …15.doc.txt,1,07.04.2026,In IC Stud,False,ZnP traces,TRACES,ZnP,traces,1.2 Mn steel,False,4,INTERNAL_ONLY,0,0
RI_0_Km_0Km_CRI_I_26_60_Particle_In_IC_Stud_ISUZU_15_doc_txt__2__0,R0102,CRI/0 Km/0Km CRI.I. 26-60 Particle In IC Stud (ISUZU) …15.doc.txt,2,07.04.2026,,False,,UNKNOWN,,missing,Iron base – or,False,0,UNRESOLVED,0,0
I_0_Km_0Km_CRI_I_25_164_NB_Seat_Particle_M_M_13_Copy_doc_txt__1__0,R0052,CRI/0 Km/0Km CRI.I. 25-164 NB Seat Particle (M&M) ….13 - Copy.doc.txt,1,13.11.2025,NB Seat Area,False,Zinc Phosphate,COATED,ZnP,explicit,Leaded Plain C,False,3,INTERNAL_ONLY,0,0
Km_CRI_I_25_157_Particle_In_Z_Hole_Sr_1335_1_SMLI_18_doc_txt__1__0,R0045,CRI/0 Km/0Km CRI.I. 25-157 Particle In Z Hole Sr-1335-1 (SMLI) .....18.doc.txt,1,07.11.2025,Z Hole,False,ZnP,COATED,ZnP,explicit,Leaded Plain,False,2,INTERNAL_ONLY,0,0
CRI_0_Km_0Km_CRI_I_24_51_Particle_on_AH_Group_M_M_25_doc_txt__1__0,R0016,CRI/0 Km/0Km CRI.I. 24-51 Particle on AH Group (M&M) ....25.doc.txt,1,01.04.2024,Armature Group,False,ZnP,COATED,ZnP,explicit,Plain C steel,False,2,INTERNAL_ONLY,0,0
CRI_0_Km_0Km_CRI_I_24_51_Particle_on_AH_Group_M_M_25_doc_txt__2__0,R0016,CRI/0 Km/0Km CRI.I. 24-51 Particle on AH Group (M&M) ....25.doc.txt,2,01.04.2024,,False,??,UNKNOWN,,placeholder,Plain C steel,False,2,INTERNAL_ONLY,3,3
CRI_0_Km_0Km_CRI_I_24_51_Particle_on_AH_Group_M_M_25_doc_txt__3__0,R0016,CRI/0 Km/0Km CRI.I. 24-51 Particle on AH Group (M&M) ....25.doc.txt,3,01.04.2024,,False,??,UNKNOWN,,placeholder,Plain C steel,False,2,INTERNAL_ONLY,3,3
CRI_0_Km_0Km_CRI_I_24_51_Particle_on_AH_Group_M_M_25_doc_txt__4__0,R0016,CRI/0 Km/0Km CRI.I. 24-51 Particle on AH Group (M&M) ....25.doc.txt,4,01.04.2024,,False,Traces of Zn,TRACES,Zn,traces,Plain C steel,False,2,INTERNAL_ONLY,0,0
CRI_0_Km_0Km_CRI_I_24_51_Particle_on_AH_Group_M_M_25_doc_txt__5__0,R0016,CRI/0 Km/0Km CRI.I. 24-51 Particle on AH Group (M&M) ....25.doc.txt,5,01.04.2024,,False,ZnP,COATED,ZnP,explicit,Plain C steel,False,2,INTERNAL_ONLY,0,0
CRI_0_Km_0Km_CRI_I_24_51_Particle_on_AH_Group_M_M_25_doc_txt__6__0,R0016,CRI/0 Km/0Km CRI.I. 24-51 Particle on AH Group (M&M) ....25.doc.txt,6,01.04.2024,,False,??,UNKNOWN,,placeholder,Plain C steel,False,2,INTERNAL_ONLY,2,2
CRI_0_Km_0Km_CRI_I_24_51_Particle_on_AH_Group_M_M_25_doc_txt__7__0,R0016,CRI/0 Km/0Km CRI.I. 24-51 Particle on AH Group (M&M) ....25.doc.txt,7,01.04.2024,,False,ZnP,COATED,ZnP,explicit,Plain C steel,False,2,INTERNAL_ONLY,0,0
CRI_0_Km_0Km_CRI_I_24_171_Particle_in_BFT_ISUZU_24_doc_txt__1__0,R0008,CRI/0 Km/0Km CRI.I. 24-171 Particle in BFT (ISUZU) ....24.doc.txt,1,08.11.2024,In BFT,False,Zn plating,COATED,Zn,explicit,Zn plating,False,0,EXTERNAL_ONLY,0,0
CRI_0_Km_0Km_CRI_I_25_168_NB_Seat_Particle_ISUZU_07_doc_txt__2__0,R0054,CRI/0 Km/0Km CRI.I. 25-168 NB Seat Particle (ISUZU) .....07.doc.txt,2,20.11.2025,,False,,UNKNOWN,,missing,Sl48,False,1,INTERNAL_ONLY,0,0
Km_0Km_CRI_I_25_128_Particle_in_NB_Seat_Area_SMLI_09_doc_txt__1__0,R0029,CRI/0 Km/0Km CRI.I. 25-128 Particle in NB Seat Area (SMLI) .....09.doc.txt,1,06.10.2025,In NB Seat Area,False,??,UNKNOWN,,placeholder,Leaded Plain C steel,False,2,INTERNAL_ONLY,0,0
Km_0Km_CRI_I_25_128_Particle_in_NB_Seat_Area_SMLI_09_doc_txt__2__0,R0029,CRI/0 Km/0Km CRI.I. 25-128 Particle in NB Seat Area (SMLI) .....09.doc.txt,2,06.10.2025,,False,??,UNKNOWN,,placeholder,Plain C steel,False,2,INTERNAL_ONLY,0,0
Km_0Km_CRI_I_25_128_Particle_in_NB_Seat_Area_SMLI_09_doc_txt__3__0,R0029,CRI/0 Km/0Km CRI.I. 25-128 Particle in NB Seat Area (SMLI) .....09.doc.txt,3,06.10.2025,,False,??,UNKNOWN,,placeholder,Plain C steel,False,2,INTERNAL_ONLY,0,0
Km_0Km_CRI_I_25_128_Particle_in_NB_Seat_Area_SMLI_09_doc_txt__4__0,R0029,CRI/0 Km/0Km CRI.I. 25-128 Particle in NB Seat Area (SMLI) .....09.doc.txt,4,06.10.2025,,False,??,UNKNOWN,,placeholder,Plain C steel,False,2,INTERNAL_ONLY,0,0
Km_0Km_CRI_I_25_128_Particle_in_NB_Seat_Area_SMLI_09_doc_txt__5__0,R0029,CRI/0 Km/0Km CRI.I. 25-128 Particle in NB Seat Area (SMLI) .....09.doc.txt,5,06.10.2025,,False,??,UNKNOWN,,placeholder,Plain C steel,False,2,INTERNAL_ONLY,0,0
Km_0Km_CRI_I_25_128_Particle_in_NB_Seat_Area_SMLI_09_doc_txt__6__0,R0029,CRI/0 Km/0Km CRI.I. 25-128 Particle in NB Seat Area (SMLI) .....09.doc.txt,6,06.10.2025,,False,??,UNKNOWN,,placeholder,Plain C steel,False,2,INTERNAL_ONLY,0,0
CRI_0_Km_0Km_CRI_I_25_155_Particle_in_Z_Hole_A_L_02_doc_txt__1__0,R0037,CRI/0 Km/0Km CRI.I. 25-155 Particle in Z Hole (A.L.) .....02.doc.txt,1,28.10.2025,Z Hole,False,Zinc Phosphate,COATED,ZnP,explicit,Plain C steel,False,4,INTERNAL_ONLY,0,0
_0_Km_0Km_CRI_I_25_161_Particle_on_Nozzle_Tip_M_M_17_doc_txt__1__0,R0051,CRI/0 Km/0Km CRI.I. 25-161 Particle on Nozzle Tip (M&M) …..17.doc.txt,1,10.11.2025,Nozzle Tip,False,---,UNKNOWN,,placeholder,Refractory of,False,0,EXTERNAL_ONLY,0,0
CRI_0_Km_0Km_CRI_I_24_51_Particle_In_IC_Stud_M_M_01_doc_txt__1__0,R0015,CRI/0 Km/0Km CRI.I. 24-51 Particle In IC Stud (M&M) ....01.doc.txt,1,01.04.2024,IC Stud,False,Zn,COATED,Zn,explicit,Zn flake,False,0,EXTERNAL_ONLY,4,4
CRI_0_Km_0Km_CRI_I_25_194_Particle_In_IC_Stud_A_L_25_doc_txt__1__0,R0060,CRI/0 Km/0Km CRI.I. 25-194 Particle In IC Stud (A.L.) .....25.doc.txt,1,18-12-25,IC Stud,False,Nil,NONE,,explicit,Plain C steel,False,0,UNRESOLVED,3,3
RI_0_Km_0Km_CRI_I_25_157_Particle_In_IC_Stud_SMLI_10_doc_txt__1__0,R0043,CRI/0 Km/0Km CRI.I. 25-157 Particle In IC Stud (SMLI) ....10.doc.txt,1,04.11.2025,IC Stud,False,ZnP,COATED,ZnP,explicit,ETG100,False,3,INTERNAL_ONLY,0,0
RI_0_Km_0Km_CRI_I_25_157_Particle_In_IC_Stud_SMLI_10_doc_txt__2__0,R0043,CRI/0 Km/0Km CRI.I. 25-157 Particle In IC Stud (SMLI) ....10.doc.txt,2,04.11.2025,,False,--,UNKNOWN,,placeholder,Non metallic,False,0,EXTERNAL_ONLY,0,0
0Km_CRI_I_25_125_Particle_In_IC_Stud_Sr_2113_SMLI_25_doc_txt__2__0,R0028,CRI/0 Km/0Km CRI.I. 25-125 Particle In IC Stud Sr.2113 (SMLI) ....25.doc.txt,2,17.09.2025,,False,Zn,COATED,Zn,explicit,Loose Zn flake,False,0,EXTERNAL_ONLY,2,2
0Km_CRI_I_25_125_Particle_In_IC_Stud_Sr_2113_SMLI_25_doc_txt__3__0,R0028,CRI/0 Km/0Km CRI.I. 25-125 Particle In IC Stud Sr.2113 (SMLI) ....25.doc.txt,3,17.09.2025,,False,Zn,COATED,Zn,explicit,Loose Zn flake,False,0,EXTERNAL_ONLY,0,0
0Km_CRI_I_25_125_Particle_In_IC_Stud_Sr_2113_SMLI_25_doc_txt__4__0,R0028,CRI/0 Km/0Km CRI.I. 25-125 Particle In IC Stud Sr.2113 (SMLI) ....25.doc.txt,4,17.09.2025,,False,Zn,COATED,Zn,explicit,Loose Zn flake,False,0,EXTERNAL_ONLY,0,0
0_Km_0km_CRI_I_26_111_Particles_For_Analysis_FUSO_06_doc_txt__2__0,R0107,CRI/0 Km/0km CRI.I.26.111 Particles For Analysis (FUSO)  …06.doc.txt,2,: 13.07.2026,,False,‘---,UNKNOWN,,placeholder,Plain C steel,False,0,UNRESOLVED,1,1
CRI_0_Km_0Km_CRI_I_26_20_Particle_In_IC_Stud_TML_10_doc_txt__1__0,R0089,CRI/0 Km/0Km CRI.I. 26-20 Particle In IC Stud (TML) .....10.doc.txt,1,24.02.2026,In IC Stud,False,,UNKNOWN,,missing,Aluminum alloy,False,0,EXTERNAL_ONLY,0,0
CRI_0_Km_0Km_CRI_I_25_176_Particle_In_Z_Hole_M_M_14_doc_txt__1__0,R0057,CRI/0 Km/0Km CRI.I. 25-176 Particle In Z Hole (M&M) ......14.doc.txt,1,02.12.2025,Z Hole,False,--,UNKNOWN,,placeholder,Cr-Si steel,False,0,EXTERNAL_ONLY,0,0
CRI_0_Km_0Km_CRI_I_25_176_Particle_In_Z_Hole_M_M_14_doc_txt__2__0,R0057,CRI/0 Km/0Km CRI.I. 25-176 Particle In Z Hole (M&M) ......14.doc.txt,2,02.12.2025,,False,ZnP,COATED,ZnP,explicit,Plain carbon,False,2,INTERNAL_ONLY,0,0
CRI_0_Km_0Km_CRI_I_25_176_Particle_In_Z_Hole_M_M_14_doc_txt__3__0,R0057,CRI/0 Km/0Km CRI.I. 25-176 Particle In Z Hole (M&M) ......14.doc.txt,3,02.12.2025,,False,--,UNKNOWN,,placeholder,Cr-Si steel,False,0,EXTERNAL_ONLY,0,0
CRI_0_Km_0Km_CRI_I_25_176_Particle_In_Z_Hole_M_M_14_doc_txt__4__0,R0057,CRI/0 Km/0Km CRI.I. 25-176 Particle In Z Hole (M&M) ......14.doc.txt,4,02.12.2025,,False,---,UNKNOWN,,placeholder,Iron,False,1,INTERNAL_ONLY,1,1
RI_0_Km_0Km_CRI_I_25_135_Particle_On_AH_Plate_M_M_28_doc_txt__1__0,R0031,CRI/0 Km/0Km CRI.I. 25-135 Particle On AH Plate (M&M) .....28.doc.txt,1,06.10.2025,On Armature Plate,False,??,UNKNOWN,,placeholder,Plain C steel,False,2,INTERNAL_ONLY,0,0
CRI_0_Km_0Km_CRI_I_25_59_Particle_In_IC_Stud_M_M_19_doc_txt__1__0,R0067,CRI/0 Km/0Km CRI.I. 25-59 Particle In IC Stud (M&M) ...19.doc.txt,1,20.05.2025,IC Stud,True,ZnP,COATED,ZnP,explicit,Plain carbon,False,2,INTERNAL_ONLY,0,0
_0_Km_0Km_CRI_I_24_69_Particle_on_AH_Bolt_Top_M_M_12_doc_txt__2__0,R0022,CRI/0 Km/0Km CRI.I. 24-69 Particle on AH. Bolt Top (M&M) ....12.doc.txt,2,28.05.2024,,False,Nil,NONE,,explicit,Carbon base Non,False,0,EXTERNAL_ONLY,0,0
Km_CRI_I_26_27_Particle_In_Z_Hole_Sr_No_0166_SMLI_01_doc_txt__1__0,R0091,CRI/0 Km/0Km CRI.I. 26-27 Particle In Z Hole Sr.No-0166 (SMLI) ...01.doc.txt,1,26.02.2026,Z Hole,False,ZnP,COATED,ZnP,explicit,Plain C Steel,False,3,INTERNAL_ONLY,0,0
I_0_Km_0Km_CRI_I_25_161_NB_Seat_Particle_M_M_14_Copy_doc_txt__1__0,R0046,CRI/0 Km/0Km CRI.I. 25-161 NB Seat Particle (M&M) ….14 - Copy.doc.txt,1,,NB Seat Area,False,Zinc Phosphate,COATED,ZnP,explicit,Leaded Plain C,False,3,INTERNAL_ONLY,0,0
_0_Km_0Km_CRI_I_24_63_Particle_on_Magnet_Core_M_M_28_doc_txt__2__0,R0021,CRI/0 Km/0Km CRI.I. 24-63 Particle on Magnet Core (M&M) .....28.doc.txt,2,07.05.2024,,False,--,UNKNOWN,,placeholder,Iron,False,1,INTERNAL_ONLY,2,2
_0_Km_0Km_CRI_I_24_63_Particle_on_Magnet_Core_M_M_28_doc_txt__3__0,R0021,CRI/0 Km/0Km CRI.I. 24-63 Particle on Magnet Core (M&M) .....28.doc.txt,3,07.05.2024,,False,--,UNKNOWN,,placeholder,Iron,False,1,INTERNAL_ONLY,0,0
_0_Km_0Km_CRI_I_24_63_Particle_on_Magnet_Core_M_M_28_doc_txt__4__0,R0021,CRI/0 Km/0Km CRI.I. 24-63 Particle on Magnet Core (M&M) .....28.doc.txt,4,07.05.2024,,False,--,UNKNOWN,,placeholder,Iron,False,1,INTERNAL_ONLY,0,0
_0_Km_0Km_CRI_I_24_63_Particle_on_Magnet_Core_M_M_28_doc_txt__5__0,R0021,CRI/0 Km/0Km CRI.I. 24-63 Particle on Magnet Core (M&M) .....28.doc.txt,5,07.05.2024,,False,--,UNKNOWN,,placeholder,Iron,False,1,INTERNAL_ONLY,2,2
_CRI_I_26_40_Particle_In_IC_Stud_SR_No_3033_3_A_L_28_doc_txt__2__0,R0094,CRI/0 Km/0Km CRI.I. 26-40 Particle In IC Stud SR.No-3033-3 (A.L.) ......28.doc.txt,2,10.03.2026,,False,ZnP,COATED,ZnP,explicit,Plain carbon,False,2,INTERNAL_ONLY,0,0
0_Km_0Km_CRI_I_26_09_Particle_on_Small_O_Ring_M_M_29_doc_txt__1__0,R0078,CRI/0 Km/0Km CRI.I. 26-09 Particle on Small O Ring (M&M) .....29.doc.txt,1,21.01.2026,On Small O Ring,False,ZnP,COATED,ZnP,explicit,Plain carbon,False,3,INTERNAL_ONLY,0,0
Km_0Km_CRI_I_26_04_Particle_In_NB_Seat_Area_ISUZU_01_doc_txt__1__0,R0074,CRI/0 Km/0Km CRI.I. 26-04 Particle In NB Seat Area (ISUZU) ......01.doc.txt,1,11.01.2026,NB Seat Area,False,--,UNKNOWN,,placeholder,Non metallic,False,0,EXTERNAL_ONLY,0,0
I_Field_Field_CRI_I_26_42_Particle_In_Z_Hole_SMLI_22_doc_txt__1__0,R0233,CRI/Field/Field CRI.I. 26-42 Particle In Z Hole (SMLI) …...22.doc.txt,1,13.03.2026,Particle In Z Hole,False,ZnP,COATED,ZnP,explicit,Plain C Steel,False,2,INTERNAL_ONLY,0,0
_Field_Field_CRI_I_24_164_Particle_in_IC_Stud_M_M_09_doc_txt__1__0,R0139,CRI/Field/Field CRI.I. 24-164 Particle in IC Stud (M&M) .....09.doc.txt,1,28.10.2024,IC Stud,False,Nil,NONE,,explicit,1.2 Mn Steel ( Plain,False,0,UNRESOLVED,0,0
_Field_Field_CRI_I_24_164_Particle_in_IC_Stud_M_M_09_doc_txt__2__0,R0139,CRI/Field/Field CRI.I. 24-164 Particle in IC Stud (M&M) .....09.doc.txt,2,28.10.2024,,False,Nil,NONE,,explicit,1.2 Mn Steel ( Plain,False,0,UNRESOLVED,0,0
_Field_Field_CRI_I_24_164_Particle_in_IC_Stud_M_M_09_doc_txt__3__0,R0139,CRI/Field/Field CRI.I. 24-164 Particle in IC Stud (M&M) .....09.doc.txt,3,28.10.2024,,False,Nil,NONE,,explicit,1.2 Mn Steel ( Plain,False,0,UNRESOLVED,0,0
_Field_Field_CRI_I_24_164_Particle_in_IC_Stud_M_M_09_doc_txt__4__0,R0139,CRI/Field/Field CRI.I. 24-164 Particle in IC Stud (M&M) .....09.doc.txt,4,28.10.2024,,False,Nil,NONE,,explicit,1.2 Mn Steel ( Plain,False,0,UNRESOLVED,0,0
ld_Field_CRI_I_26_28_Particle_From_Bar_Filter_TML_22_doc_txt__1__0,R0226,CRI/Field/Field CRI.I. 26-28 Particle From Bar Filter ((TML) …..22.doc.txt,1,02.03.2026,Bar Filter,False,--,UNKNOWN,,placeholder,Plain carbon,False,2,INTERNAL_ONLY,0,0
ld_Field_CRI_I_26_28_Particle_From_Bar_Filter_TML_22_doc_txt__2__0,R0226,CRI/Field/Field CRI.I. 26-28 Particle From Bar Filter ((TML) …..22.doc.txt,2,02.03.2026,,False,‘---,UNKNOWN,,placeholder,Plain carbon,False,2,INTERNAL_ONLY,0,0
ld_Field_CRI_I_26_28_Particle_From_Bar_Filter_TML_22_doc_txt__3__0,R0226,CRI/Field/Field CRI.I. 26-28 Particle From Bar Filter ((TML) …..22.doc.txt,3,02.03.2026,,False,‘--,UNKNOWN,,placeholder,Plain carbon,False,2,INTERNAL_ONLY,0,0
ield_Field_CRI_I_25_175_Particle_NB_Seat_Area_M_M_13_doc_txt__1__0,R0170,CRI/Field/Field CRI.I. 25-175 Particle NB Seat Area  (M&M) ......13.doc.txt,1,05.12.2025,NB Seat Area & Spray Hole,False,,UNKNOWN,,missing,Plain C steel,False,3,INTERNAL_ONLY,0,0
ield_Field_CRI_I_25_175_Particle_NB_Seat_Area_M_M_13_doc_txt__2__0,R0170,CRI/Field/Field CRI.I. 25-175 Particle NB Seat Area  (M&M) ......13.doc.txt,2,05.12.2025,,False,,UNKNOWN,,missing,Plain C steel,False,3,INTERNAL_ONLY,0,0
ield_Field_CRI_I_25_175_Particle_NB_Seat_Area_M_M_13_doc_txt__3__0,R0170,CRI/Field/Field CRI.I. 25-175 Particle NB Seat Area  (M&M) ......13.doc.txt,3,05.12.2025,,False,,UNKNOWN,,missing,Plain C steel,False,3,INTERNAL_ONLY,0,0
d_Field_CRI_I_25_167_Particle_on_Valve_Piston_M_M_08_doc_txt__2__0,R0166,CRI/Field/Field CRI.I. 25-167 Particle on Valve Piston (M&M) .....08.doc.txt,2,21.11.2025,,False,--,UNKNOWN,,placeholder,Nonmetallic,False,0,EXTERNAL_ONLY,1,1
d_Field_CRI_I_25_167_Particle_on_Valve_Piston_M_M_08_doc_txt__3__0,R0166,CRI/Field/Field CRI.I. 25-167 Particle on Valve Piston (M&M) .....08.doc.txt,3,21.11.2025,,False,--,UNKNOWN,,placeholder,Refractory,False,0,EXTERNAL_ONLY,0,0
d_Field_CRI_I_25_167_Particle_on_Valve_Piston_M_M_08_doc_txt__4__0,R0166,CRI/Field/Field CRI.I. 25-167 Particle on Valve Piston (M&M) .....08.doc.txt,4,21.11.2025,,False,--,UNKNOWN,,placeholder,Nonmetallic,False,0,UNRESOLVED,0,0
RI_Field_Field_CRI_I_25_127_Particle_In_Body_SMLI_24_doc_txt__1__0,R0158,CRI/Field/Field CRI.I. 25-127  Particle In Body (SMLI) …..24.doc.txt,1,29.09.2025,Body,True,Zinc Phosphate,COATED,ZnP,explicit,Plain C steel,False,2,INTERNAL_ONLY,0,0
ld_Field_CRI_I_26_69_Particle_In_NB_Seat_Area_M_M_29_doc_txt__1__0,R0241,CRI/Field/Field CRI.I. 26-69 Particle In NB Seat Area (M&M) ….29.doc.txt,1,28.04.2026,NB Seat Area,False,--,UNKNOWN,,placeholder,Leaded Plain C,False,3,INTERNAL_ONLY,0,0
Field_Field_CRI_I_26_106_Particle_In_IC_Stud_FUSO_21_doc_txt__1__0,R0214,CRI/Field/Field CRI.I. 26-106 Particle In IC Stud (FUSO) ......21.doc.txt,1,01.06.2026,In IC Stud,False,Zn,COATED,Zn,explicit,Zn Flake,False,0,EXTERNAL_ONLY,0,0
CRI_Field_Field_CRI_I_24_68_NB_Particle_Depo_M_M_21_doc_txt__1__0,R0152,CRI/Field/Field CRI.I. 24-68 NB Particle & Depo. (M&M) ....21.doc.txt,1,: 29.05.2024,,False,ZnP,COATED,ZnP,explicit,Plain carbon,False,2,INTERNAL_ONLY,0,0
RI_Field_Field_CRI_I_25_74_Particle_in_Z_Hole_M_M_02_doc_txt__1__0,R0198,CRI/Field/Field CRI.I. 25-74 Particle in Z Hole (M&M) ....02.doc.txt,1,25.06.2025,Z Hole,False,??,UNKNOWN,,placeholder,Plain C steel,False,2,INTERNAL_ONLY,0,0
CRI_Field_Field_CRI_I_24_40_Particle_in_B_F_MAH_02_doc_txt__1__0,R0148,CRI/Field/Field CRI.I. 24-40 Particle in B-F (MAH) .....02.doc.txt,1,12.03.2024,Particle in B/F,False,Traces of ZnP,TRACES,ZnP,traces,Plain carbon,False,2,INTERNAL_ONLY,0,0
RI_Field_Field_CRI_I_26_03_Particle_In_Z_Hole_M_M_25_doc_txt__1__0,R0211,CRI/Field/Field CRI.I. 26-03 Particle In Z Hole (M&M) .....25.doc.txt,1,12.01.2026,Z Hole,False,--,UNKNOWN,,placeholder,Leaded plain,False,2,INTERNAL_ONLY,0,0
CRI_Field_Field_CRI_I_23_191_NB_Seat_Particle_M_M_21_doc_txt__1__0,R0136,CRI/Field/Field CRI.I. 23-191 NB Seat Particle (M&M) .....21.doc.txt,1,05.01.2024,NB Seat Particle,False,--,UNKNOWN,,placeholder,Non metallic,False,0,EXTERNAL_ONLY,0,0
I_Field_Field_CRI_I_25_26_Particle_in_IC_Stud_M_M_19_doc_txt__1__0,R0181,CRI/Field/Field CRI.I. 25-26 Particle in IC Stud (M&M) .....19.doc.txt,1,10.02.2025,In IC Stud,False,Zn,COATED,Zn,explicit,Zn Flake,False,0,UNRESOLVED,0,0
d_CRI_I_25_187_Particle_in_IC_Stud_Sr_No_2839_M_M_10_doc_txt__1__0,R0175,CRI/Field/Field CRI.I. 25-187 Particle in IC Stud Sr. No-2839 (M&M) ....10.doc.txt,1,04.12.2025,In IC Stud,False,Zinc Plating,COATED,Zn,explicit,Zn base,False,0,UNRESOLVED,0,0
d_Field_CRI_I_25_187_Particle_on_IC_Stud_Cone_M_M_12_doc_txt__1__0,R0177,CRI/Field/Field CRI.I. 25-187 Particle on IC Stud Cone (M&M) ......12.doc.txt,1,04.12.2025,IC Stud Cone,False,Zn,COATED,Zn,explicit,Zn Flake,False,0,EXTERNAL_ONLY,0,0
d_Field_CRI_I_25_187_Particle_on_IC_Stud_Cone_M_M_12_doc_txt__2__0,R0177,CRI/Field/Field CRI.I. 25-187 Particle on IC Stud Cone (M&M) ......12.doc.txt,2,04.12.2025,,False,Zn,COATED,Zn,explicit,Zn Flake,False,0,EXTERNAL_ONLY,0,0
d_Field_CRI_I_25_187_Particle_on_IC_Stud_Cone_M_M_12_doc_txt__3__0,R0177,CRI/Field/Field CRI.I. 25-187 Particle on IC Stud Cone (M&M) ......12.doc.txt,3,04.12.2025,,False,Zn,COATED,Zn,explicit,Zn Flake,False,0,EXTERNAL_ONLY,0,0
d_Field_CRI_I_25_187_Particle_on_IC_Stud_Cone_M_M_12_doc_txt__4__0,R0177,CRI/Field/Field CRI.I. 25-187 Particle on IC Stud Cone (M&M) ......12.doc.txt,4,04.12.2025,,False,Zn,COATED,Zn,explicit,Zn Flake,False,0,EXTERNAL_ONLY,0,0
d_Field_CRI_I_25_187_Particle_on_IC_Stud_Cone_M_M_12_doc_txt__5__0,R0177,CRI/Field/Field CRI.I. 25-187 Particle on IC Stud Cone (M&M) ......12.doc.txt,5,04.12.2025,,False,Zn,COATED,Zn,explicit,Zn Flake,False,0,EXTERNAL_ONLY,2,2
_Field_Field_CRI_I_24_172_Particle_in_IC_Stud_TML_14_doc_txt__2__0,R0143,CRI/Field/Field CRI.I. 24-172 Particle in IC Stud (TML) .....14.doc.txt,2,13.11.2024,,False,Zn,COATED,Zn,explicit,Iron base Zn,False,0,EXTERNAL_ONLY,0,0
RI_Field_Field_CRI_I_25_123_Particle_in_Z_Hole_A_L_1_doc_txt__1__0,R0258,CRI/Field/Field CRI.I.25.123 Particle in Z Hole A.L....1.doc.txt,1,19.09.2025,Particle at Z Hole,False,Nil,NONE,,explicit,Cu – Sn,False,1,INTERNAL_ONLY,0,0
ield_Field_CRI_I_26_46_Particle_From_IC_Stud_SMLI_22_doc_txt__1__0,R0234,CRI/Field/Field CRI.I. 26-46 Particle From IC Stud (SMLI) .…22.doc.txt,1,23.03.2026,From IC Stud,False,Nil,NONE,,explicit,Plain C steel,False,1,INTERNAL_ONLY,0,0
_Field_Field_CRI_I_25_187_Particle_At_NB_Seat_M_M_07_doc_txt__3__0,R0174,CRI/Field/Field CRI.I. 25-187 Particle At NB Seat (M&M) ….07.doc.txt,3,12.12.2025,,False,Nil,NONE,,explicit,Copper,False,1,INTERNAL_ONLY,1,1
ld_Field_CRI_I_26_03_Particle_In_NB_Seat_Area_M_M_21_doc_txt__1__0,R0210,CRI/Field/Field CRI.I. 26-03 Particle In NB Seat Area (M&M) .....21.doc.txt,1,13.01.2026,NB Seat Area,False,--,UNKNOWN,,placeholder,Sl48,False,1,INTERNAL_ONLY,0,0
ld_Field_CRI_I_26_03_Particle_In_NB_Seat_Area_M_M_21_doc_txt__2__0,R0210,CRI/Field/Field CRI.I. 26-03 Particle In NB Seat Area (M&M) .....21.doc.txt,2,13.01.2026,,False,--,UNKNOWN,,placeholder,Sl48,False,1,INTERNAL_ONLY,0,0
ld_Field_CRI_I_26_03_Particle_In_NB_Seat_Area_M_M_21_doc_txt__3__0,R0210,CRI/Field/Field CRI.I. 26-03 Particle In NB Seat Area (M&M) .....21.doc.txt,3,13.01.2026,,False,--,UNKNOWN,,placeholder,Sl48,False,1,INTERNAL_ONLY,0,0
ld_Field_CRI_I_26_03_Particle_In_NB_Seat_Area_M_M_21_doc_txt__4__0,R0210,CRI/Field/Field CRI.I. 26-03 Particle In NB Seat Area (M&M) .....21.doc.txt,4,13.01.2026,,False,--,UNKNOWN,,placeholder,Sl48,False,1,INTERNAL_ONLY,0,0
ld_Field_CRI_I_26_03_Particle_In_NB_Seat_Area_M_M_21_doc_txt__5__0,R0210,CRI/Field/Field CRI.I. 26-03 Particle In NB Seat Area (M&M) .....21.doc.txt,5,13.01.2026,,False,--,UNKNOWN,,placeholder,Sl48,False,1,INTERNAL_ONLY,0,0
ld_Field_CRI_I_26_03_Particle_In_NB_Seat_Area_M_M_21_doc_txt__6__0,R0210,CRI/Field/Field CRI.I. 26-03 Particle In NB Seat Area (M&M) .....21.doc.txt,6,13.01.2026,,False,ZnP,COATED,ZnP,explicit,Palin carbon,False,2,INTERNAL_ONLY,0,0
CRI_I_25_138_Particle_In_IC_Stud_Sr_No_0673_ISUZU_18_doc_txt__1__0,R0161,CRI/Field/Field CRI.I. 25-138 Particle In IC Stud Sr.No-0673 (ISUZU) ….18.doc.txt,1,10.10.2025,IC Stud,True,--,UNKNOWN,,placeholder,Plain carbon,False,2,MIXED,0,0
d_Field_CRI_I_23_192_NB_Particles_Deposition_KOEL_21_doc_txt__2__0,R0137,CRI/Field/Field CRI.I. 23-192 NB Particles & Deposition (KOEL) ....21.doc.txt,2,:18.01.204,,False,--,UNKNOWN,,placeholder,Nonmetallic,False,0,EXTERNAL_ONLY,0,0
d_Field_CRI_I_23_192_NB_Particles_Deposition_KOEL_21_doc_txt__4__0,R0137,CRI/Field/Field CRI.I. 23-192 NB Particles & Deposition (KOEL) ....21.doc.txt,4,:18.01.204,,False,--,UNKNOWN,,placeholder,Nonmetallic,False,0,EXTERNAL_ONLY,0,0
I_Field_Field_CRI_I_26_95_Particle_In_IC_Stud_A_L_13_doc_txt__1__0,R0255,CRI/Field/Field CRI.I. 26-95 Particle In IC Stud (A.L.) .....13.doc.txt,1,14.05.2026,In IC Stud,True,Nil,NONE,,explicit,Plain C steel,False,1,INTERNAL_ONLY,0,0
I_Field_Field_CRI_I_26_95_Particle_In_IC_Stud_A_L_13_doc_txt__2__0,R0255,CRI/Field/Field CRI.I. 26-95 Particle In IC Stud (A.L.) .....13.doc.txt,2,14.05.2026,,False,Nil,NONE,,explicit,Plain C steel,False,1,INTERNAL_ONLY,3,3
_Field_Field_CRI_I_26_84_Particle_At_AH_Plate_M_M_23_doc_txt__1__0,R0246,CRI/Field/Field CRI.I. 26-84 Particle At AH Plate (M&M) …..23.doc.txt,1,30.04.2026,Armature Plate,False,Nil,NONE,,explicit,Plain C Steel/,False,1,INTERNAL_ONLY,2,2
_Field_Field_CRI_I_26_84_Particle_At_AH_Plate_M_M_23_doc_txt__2__0,R0246,CRI/Field/Field CRI.I. 26-84 Particle At AH Plate (M&M) …..23.doc.txt,2,30.04.2026,,False,Zinc Phosphate,COATED,ZnP,explicit,Leaded Plain C,False,3,INTERNAL_ONLY,0,0
_Field_Field_CRI_I_26_84_Particle_At_AH_Plate_M_M_23_doc_txt__3__0,R0246,CRI/Field/Field CRI.I. 26-84 Particle At AH Plate (M&M) …..23.doc.txt,3,30.04.2026,,False,Nil,NONE,,explicit,Plain C Steel/,False,1,INTERNAL_ONLY,0,0
_Field_Field_CRI_I_26_84_Particle_At_AH_Plate_M_M_23_doc_txt__4__0,R0246,CRI/Field/Field CRI.I. 26-84 Particle At AH Plate (M&M) …..23.doc.txt,4,30.04.2026,,False,Nil,NONE,,explicit,Plain C Steel/,False,1,INTERNAL_ONLY,1,1
ield_CRI_I_25_158_Particle_In_IC_Stud_SR_0068_FML_02_doc_txt__2__0,R0163,CRI/Field/Field CRI.I. 25-158 Particle In IC Stud SR-0068 (FML) ....02.doc.txt,2,05.11.2025,,False,Nil,NONE,,explicit,1.5 Mn steel,False,1,INTERNAL_ONLY,2,2
_Field_Field_CRI_I_26_142_Particle_In_IC_Stud_M_M_25_doc_txt__1__0,R0221,CRI/Field/Field CRI.I. 26-142 Particle In IC Stud (M&M) .....25.doc.txt,1,: 13.07.2026,IC Stud,False,Nil,NONE,,explicit,Cr- Mn Steel,False,0,EXTERNAL_ONLY,0,0
_Field_Field_CRI_I_26_142_Particle_In_IC_Stud_M_M_25_doc_txt__2__0,R0221,CRI/Field/Field CRI.I. 26-142 Particle In IC Stud (M&M) .....25.doc.txt,2,: 13.07.2026,,False,Nil,NONE,,explicit,Silica – Alumina,False,0,EXTERNAL_ONLY,0,0
_Field_Field_CRI_I_26_142_Particle_In_IC_Stud_M_M_25_doc_txt__3__0,R0221,CRI/Field/Field CRI.I. 26-142 Particle In IC Stud (M&M) .....25.doc.txt,3,: 13.07.2026,,False,Nil,NONE,,explicit,Silica – Alumina,False,0,EXTERNAL_ONLY,1,1
I_Field_Field_CRI_I_25_44_Particle_in_IC_Stud_M_M_25_doc_txt__3__0,R0185,CRI/Field/Field CRI.I. 25-44 Particle in IC Stud (M&M) .....25.doc.txt,3,26.03.2025,,False,Zn plating,COATED,Zn,explicit,Zn plating flake,False,0,UNRESOLVED,0,0
I_Field_Field_CRI_I_24_164_Particle_in_Z_Hole_M_M_18_doc_txt__1__0,R0140,CRI/Field/Field CRI.I. 24-164 Particle in Z Hole (M&M) ....18.doc.txt,1,28.10.2024,Z Hole,False,Nil,NONE,,explicit,1.2 Mn Steel ( Plain,False,0,UNRESOLVED,0,0
I_Field_Field_CRI_I_24_61_Particle_at_Z_Hole_SMLI_21_doc_txt__1__0,R0151,CRI/Field/Field CRI.I. 24-61 Particle at Z Hole (SMLI) ......21.doc.txt,1,16.05.2024,At Z Hole,False,-,UNKNOWN,,placeholder,Sl48,False,1,INTERNAL_ONLY,0,0
ld_CRI_I_25_60_Particle_In_IC_Stud_SR_No_1187_M_M_29_doc_txt__3__0,R0195,CRI/Field/Field CRI.I. 25-60 Particle In IC Stud SR No.-1187 (M&M) ....29.doc.txt,3,23.05.2025,,False,??,UNKNOWN,,placeholder,Leaded steel,False,2,INTERNAL_ONLY,0,0
I_Field_Field_CRI_I_25_122_Particle_In_Magnet_A_L_29_doc_txt__2__0,R0157,CRI/Field/Field CRI.I. 25-122 Particle In Magnet (A.L.) ......29.doc.txt,2,21.11.2025,,False,--,UNKNOWN,,placeholder,rtv„?¤¦¼âäæèú,True,0,EXTERNAL_ONLY,1,1
Field_Field_CRI_I_26_133_Particle_Near_Z_Hole_M_M_25_doc_txt__1__0,R0220,CRI/Field/Field CRI.I. 26-133 Particle Near Z Hole (M&M) ....25.doc.txt,1,: 31.07.2026,Near Z Hole,False,Nil,NONE,,explicit,SrFe₁₂O₁₉,True,0,EXTERNAL_ONLY,0,0
eld_Field_CRI_I_26_48_Particle_on_Bar_Filter_SMLI_10_doc_txt__1__0,R0237,CRI/Field/Field CRI.I. 26-48 Particle on Bar Filter (SMLI) ….10.doc.txt,1,07.04.2026,On Bar Filter,False,--,UNKNOWN,,placeholder,Carbon base,False,0,EXTERNAL_ONLY,0,0
ld_Field_CRI_I_26_47_Particle_From_Bar_Filter_TML_23_doc_txt__1__0,R0236,CRI/Field/Field CRI.I. 26-47 Particle From Bar Filter (TML) …..23.doc.txt,1,20.03.2026,Bar Filter,False,Nil,NONE,,explicit,SS 302/304,False,0,EXTERNAL_ONLY,0,0
I_Field_Field_CRI_I_24_86_Particle_in_Z_Hole_KOEL_14_doc_txt__1__0,R0154,CRI/Field/Field CRI.I. 24-86 Particle in Z Hole (KOEL) …..14.doc.txt,1,09.07.2024,Z Hole,False,Nil,NONE,,explicit,1.5 Mn steel,False,0,UNRESOLVED,0,0
ield_Field_CRI_I_26_90_Particle_In_Bar_Filter_M_M_29_doc_txt__1__0,R0252,CRI/Field/Field CRI.I. 26-90 Particle In Bar Filter (M&M) ….29.doc.txt,1,12.05.2026,In Bar Filter After DA,False,ZnP coating,COATED,ZnP,explicit,Low alloy steel,False,0,UNRESOLVED,0,0
ld_Field_CRI_I_25_89_Particle_In_Dia_2_2_Body_M_M_24_doc_txt__1__0,R0204,CRI/Field/Field CRI.I. 25-89 Particle In Dia 2.2 Body  (M&M) ....24.doc.txt,1,10.09.2025,In Dia 2.2 Body Hole,False,--,UNKNOWN,,placeholder,Non metallic,False,0,EXTERNAL_ONLY,0,0
ld_Field_CRI_I_25_89_Particle_In_Dia_2_2_Body_M_M_24_doc_txt__2__0,R0204,CRI/Field/Field CRI.I. 25-89 Particle In Dia 2.2 Body  (M&M) ....24.doc.txt,2,10.09.2025,,False,--,UNKNOWN,,placeholder,Non metallic,False,0,EXTERNAL_ONLY,0,0
_Field_Field_CRI_I_25_52_Particle_In_IC_Stud_KOEL_26_doc_txt__1__0,R0189,CRI/Field/Field CRI.I. 25-52 Particle In IC Stud (KOEL) .....26.doc.txt,1,27.03.2026,In IC Stud,False,Nickel,COATED,Ni,explicit,Nickel plating,False,1,INTERNAL_ONLY,0,0
Field_Field_CRI_I_26_65_NB_Seat_Area_Particle_M_M_18_doc_txt__1__0,R0240,CRI/Field/Field CRI.I. 26-65 NB Seat Area Particle (M&M) .....18.doc.txt,1,20.04.2026,NB Seat Area,False,Zinc phosphate,COATED,ZnP,explicit,Leaded plain C,False,3,INTERNAL_ONLY,0,0
RI_Field_Field_CRI_I_26_32_Particle_In_Z_Hole_M_M_13_doc_txt__1__0,R0230,CRI/Field/Field CRI.I. 26-32 Particle In Z Hole ((M&M) …..13.doc.txt,1,10.03.2026,Z Hole,False,ZnP,COATED,ZnP,explicit,Plain carbon,False,2,INTERNAL_ONLY,0,0
Field_CRI_I_25_06_Particle_in_NB_Seat_Needle_SMLI_17_doc_txt__3__0,R0155,CRI/Field/Field CRI.I. 25-06 Particle in NB Seat & Needle (SMLI) ....17.doc.txt,3,22.01.2025,,False,--,UNKNOWN,,placeholder,Carbon base non,False,0,EXTERNAL_ONLY,2,2
Field_CRI_I_25_06_Particle_in_NB_Seat_Needle_SMLI_17_doc_txt__4__0,R0155,CRI/Field/Field CRI.I. 25-06 Particle in NB Seat & Needle (SMLI) ....17.doc.txt,4,22.01.2025,,False,--,UNKNOWN,,placeholder,Carbon base non,False,0,EXTERNAL_ONLY,2,2
Field_CRI_I_25_06_Particle_in_NB_Seat_Needle_SMLI_17_doc_txt__5__0,R0155,CRI/Field/Field CRI.I. 25-06 Particle in NB Seat & Needle (SMLI) ....17.doc.txt,5,22.01.2025,,False,--,UNKNOWN,,placeholder,Sl48,False,1,INTERNAL_ONLY,0,0
d_Field_CRI_I_25_50_Abnormal_Particle_on_Core_M_M_23_doc_txt__1__0,R0186,CRI/Field/Field CRI.I. 25-50 Abnormal Particle on Core (M&M) ....23.doc.txt,1,29.04.2025,On Core,False,--,UNKNOWN,,placeholder,Al-Si,False,0,EXTERNAL_ONLY,0,0
d_Field_CRI_I_25_50_Abnormal_Particle_on_Core_M_M_23_doc_txt__2__0,R0186,CRI/Field/Field CRI.I. 25-50 Abnormal Particle on Core (M&M) ....23.doc.txt,2,29.04.2025,,False,--,UNKNOWN,,placeholder,Al-Si,False,0,EXTERNAL_ONLY,0,0
d_Field_CRI_I_25_50_Abnormal_Particle_on_Core_M_M_23_doc_txt__3__0,R0186,CRI/Field/Field CRI.I. 25-50 Abnormal Particle on Core (M&M) ....23.doc.txt,3,29.04.2025,,False,--,UNKNOWN,,placeholder,Al-Si,False,0,EXTERNAL_ONLY,0,0
CRI_Field_Field_CRI_I_26_105_Particle_In_Body_FML_29_doc_txt__1__0,R0213,CRI/Field/Field CRI.I. 26-105 Particle In Body (FML) .....29.doc.txt,1,26.05.2026,In Body,False,Zinc phosphate,COATED,ZnP,explicit,Leaded Plain C,False,3,INTERNAL_ONLY,0,0
d_CRI_I_26_29_Particle_At_IC_Stud_Sr_No_2794_TMTL_28_doc_txt__2__0,R0228,CRI/Field/Field CRI.I. 26-29 Particle At IC Stud Sr.No-2794 (TMTL) ....28.doc.txt,2,27.02.2026,,False,Zinc phosphate,COATED,ZnP,explicit,Plain C steel,False,3,INTERNAL_ONLY,0,0
_I_25_60_Particle_At_Body_DFK_Near_SR_No_1169_M_M_18_doc_txt__2__0,R0192,CRI/Field/Field CRI.I. 25-60 Particle At Body DFK Near SR No.-1169 (M&M) ....18.doc.txt,2,26.05.2025,,False,Ni plating,COATED,Ni,explicit,Nil base,False,1,INTERNAL_ONLY,0,0
_I_25_60_Particle_At_Body_DFK_Near_SR_No_1169_M_M_18_doc_txt__4__0,R0192,CRI/Field/Field CRI.I. 25-60 Particle At Body DFK Near SR No.-1169 (M&M) ....18.doc.txt,4,26.05.2025,,False,Nil,NONE,,explicit,Plain C steel,False,2,INTERNAL_ONLY,0,0
CRI_I_25_60_Particle_At_Piston_Top_SR_No_1120_M_M_17_doc_txt__1__0,R0194,CRI/Field/Field CRI.I. 25-60 Particle At Piston Top SR No.-1120 (M&M) ....17.doc.txt,1,26.05.2025,Piston Top,False,Nil,NONE,,explicit,Sm-Co alloy,False,0,UNRESOLVED,0,0
CRI_I_25_60_Particle_At_Piston_Top_SR_No_1120_M_M_17_doc_txt__3__0,R0194,CRI/Field/Field CRI.I. 25-60 Particle At Piston Top SR No.-1120 (M&M) ....17.doc.txt,3,26.05.2025,,False,Nil,NONE,,explicit,Sm-Co alloy,False,0,UNRESOLVED,0,0
_CRI_I_26_97_Particle_At_IC_Stud_Sr_No_0610_1_TML_26_doc_txt__1__0,R0257,CRI/Field/Field CRI.I. 26-97 Particle At IC Stud Sr.No-0610-1(TML) .....26.doc.txt,1,13.05.2026,IC Stud,False,Nil,NONE,,explicit,Plain C steel,False,0,UNRESOLVED,0,0
_I_25_60_Particle_At_DFK_Shim_Area_SR_No_1179_M_M_22_doc_txt__5__0,R0193,CRI/Field/Field CRI.I. 25-60 Particle At DFK Shim Area SR No.-1179 (M&M) ....22.doc.txt,5,25.05.2025,,False,Nil,NONE,,explicit,Sm-Co alloy,False,0,UNRESOLVED,0,0
CRI_Field_Field_CRI_I_24_83_NB_Ball_Breakage_TCL_24_doc_txt__1__0,R0153,CRI/Field/Field CRI.I. 24-83 NB Ball Breakage (TCL) ....24.doc.txt,1,,Nozzle ball tip,False,Nil,NONE,,explicit,Vaseline 8401,False,0,EXTERNAL_ONLY,0,0
Field_Field_CRI_I_24_156_Particle_in_IC_Stud_SMLI_22_doc_txt__1__0,R0138,CRI/Field/Field CRI.I. 24-156 Particle in IC Stud (SMLI) .....22.doc.txt,1,11.10.2024,In IC Stud,False,Nil,NONE,,explicit,Plain C steel,False,1,INTERNAL_ONLY,0,0
26_110_Particle_At_NB_Seat_Area_Sr_No_1781_V_SMLM_11_doc_txt__1__0,R0217,CRI/Field/Field CRI.I. 26-110 Particle At NB Seat Area Sr.No-1781-V-(SMLM) ....11.doc.txt,1,: 03.06.2026,NB Seat Area,False,--,UNKNOWN,,placeholder,Plain carbon,False,3,INTERNAL_ONLY,0,0
26_110_Particle_At_NB_Seat_Area_Sr_No_1781_V_SMLM_11_doc_txt__2__0,R0217,CRI/Field/Field CRI.I. 26-110 Particle At NB Seat Area Sr.No-1781-V-(SMLM) ....11.doc.txt,2,: 03.06.2026,,False,--,UNKNOWN,,placeholder,Plain carbon,False,3,INTERNAL_ONLY,0,0
CRI_Field_Field_CRI_I_26_30_NB_Seat_Particle_TMTL_28_doc_txt__2__0,R0229,CRI/Field/Field CRI.I. 26-30 NB Seat Particle (TMTL) .....28.doc.txt,2,10.03.2026,,False,--,UNKNOWN,,placeholder,Nonmetallic,False,0,EXTERNAL_ONLY,0,0
CRI_Field_Field_CRI_I_26_30_NB_Seat_Particle_TMTL_28_doc_txt__3__0,R0229,CRI/Field/Field CRI.I. 26-30 NB Seat Particle (TMTL) .....28.doc.txt,3,10.03.2026,,False,--,UNKNOWN,,placeholder,Nonmetallic,False,0,EXTERNAL_ONLY,0,0
CRI_Field_Field_CRI_I_26_30_NB_Seat_Particle_TMTL_28_doc_txt__4__0,R0229,CRI/Field/Field CRI.I. 26-30 NB Seat Particle (TMTL) .....28.doc.txt,4,10.03.2026,,False,--,UNKNOWN,,placeholder,Nonmetallic,False,0,EXTERNAL_ONLY,0,0
CRI_Field_Field_CRI_I_26_30_NB_Seat_Particle_TMTL_28_doc_txt__5__0,R0229,CRI/Field/Field CRI.I. 26-30 NB Seat Particle (TMTL) .....28.doc.txt,5,10.03.2026,,False,--,UNKNOWN,,placeholder,Nonmetallic,False,0,EXTERNAL_ONLY,0,0
d_CRI_I_26_146_Particle_At_IC_Stud_Sr_No_2702_M_M_06_doc_txt__4__0,R0223,CRI/Field/Field CRI.I. 26-146 Particle At IC Stud Sr.No-2702 (M&M) ……06.doc.txt,4,: 16.07.2026,,False,Nil,NONE,,explicit,Oxides of,False,0,UNRESOLVED,0,0
d_CRI_I_25_29_Particle_on_Ar_Plate_Seal_Ring_SMLI_12_doc_txt__2__0,R0183,CRI/Field/Field CRI.I. 25-29 Particle on Ar. Plate & Seal Ring (SMLI) ...12.doc.txt,2,04.03.2025,,False,--,UNKNOWN,,placeholder,Sl2b17,False,2,INTERNAL_ONLY,0,0
d_CRI_I_25_29_Particle_on_Ar_Plate_Seal_Ring_SMLI_12_doc_txt__3__0,R0183,CRI/Field/Field CRI.I. 25-29 Particle on Ar. Plate & Seal Ring (SMLI) ...12.doc.txt,3,04.03.2025,,False,--,UNKNOWN,,placeholder,Sl2b17,False,2,INTERNAL_ONLY,0,0
d_CRI_I_25_29_Particle_on_Ar_Plate_Seal_Ring_SMLI_12_doc_txt__4__0,R0183,CRI/Field/Field CRI.I. 25-29 Particle on Ar. Plate & Seal Ring (SMLI) ...12.doc.txt,4,04.03.2025,,False,Nil,NONE,,explicit,Cu – Sn,False,1,INTERNAL_ONLY,0,0
d_CRI_I_25_29_Particle_on_Ar_Plate_Seal_Ring_SMLI_12_doc_txt__5__0,R0183,CRI/Field/Field CRI.I. 25-29 Particle on Ar. Plate & Seal Ring (SMLI) ...12.doc.txt,5,04.03.2025,,False,Nil,NONE,,explicit,Cu – Sn,False,1,INTERNAL_ONLY,0,0
RI_Field_Field_CRI_I_26_01_Particle_At_Z_Hole_M_M_01_doc_txt__1__0,R0209,CRI/Field/Field CRI.I. 26-01 Particle At Z Hole (M&M) ....01.doc.txt,1,02.02.2026,At Z Hole,False,--,UNKNOWN,,placeholder,Cu-Sn,False,1,INTERNAL_ONLY,0,0
d_CRI_I_25_187_Particle_in_IC_Stud_Sr_No_3918_M_M_15_doc_txt__1__0,R0176,CRI/Field/Field CRI.I. 25-187 Particle in IC Stud Sr. No-3918 (M&M) ....15.doc.txt,1,04.12.2025,In IC Stud,False,Zn plating,COATED,Zn,explicit,Plain C steel,False,0,UNRESOLVED,0,0
d_CRI_I_25_187_Particle_on_NB_Sr_No_3918_2839_M_M_29_doc_txt__2__0,R0178,CRI/Field/Field CRI.I. 25-187 Particle on NB Sr. No-3918-2839 (M&M) .....29.doc.txt,2,04.12.2025,,False,,UNKNOWN,,missing,Carbon base,False,0,UNRESOLVED,0,0
I_Field_Field_CRI_I_25_54_Particle_in_IC_Stud_M_M_21_doc_txt__1__0,R0190,CRI/Field/Field CRI.I. 25-54 Particle in IC Stud (M&M) .....21.doc.txt,1,06.05.2025,IC Stud,True,‘-----,UNKNOWN,,placeholder,Plain C steel,False,3,INTERNAL_ONLY,0,0
ld_CRI_I_24_168_Sr_No_0298_Particle_in_IC_Stud_AL_08_doc_txt__2__0,R0141,CRI/Field/Field CRI.I. 24-168 Sr. No-0298 Particle in IC Stud (AL) ....08.doc.txt,2,07.11.2024,,False,ZnP,COATED,ZnP,explicit,Plain C steel,False,2,INTERNAL_ONLY,0,0
_CRI_I_26_96_Particle_At_IC_Stud_Sr_No_1798_1_TML_06_doc_txt__2__0,R0256,CRI/Field/Field CRI.I. 26-96 Particle At IC Stud Sr.No-1798-1(TML) .....06.doc.txt,2,09.05.2026,,False,Nil,NONE,,explicit,Alumina Silica,False,0,UNRESOLVED,0,0
eld_Field_CRI_I_26_42_Particle_In_Bar_Filter_SMLI_25_doc_txt__1__0,R0232,CRI/Field/Field CRI.I. 26-42 Particle In Bar Filter (SMLI) …...25.doc.txt,1,13.03.2026,In Bar Filter,False,Nil,NONE,,explicit,Tool Steel (HSS,False,2,INTERNAL_ONLY,0,0
CRI_Field_CRI_I_24_223_ISUZU_17_doc_txt__1__0,R0131,CRI/Field/CRI.I.24.223 ISUZU......17.doc.txt,1,24.12.2024,,False,Zinc Phosphating,COATED,ZnP,explicit,Leaded Plain,False,3,INTERNAL_ONLY,0,0
CRI_Field_CRI_I_24_223_ISUZU_17_doc_txt__6__0,R0131,CRI/Field/CRI.I.24.223 ISUZU......17.doc.txt,6,24.12.2024,,False,Zinc Plating,COATED,Zn,explicit,Zinc Plating,False,0,UNRESOLVED,0,0
ld_CRI_I_26_93_Particle_In_IC_Stud_Sr_No_3077_MAH_25_doc_txt__1__0,R0253,CRI/Field/Field CRI.I. 26-93 Particle In IC Stud Sr.No-3077 (MAH) .....25.doc.txt,1,11.05.2026,In IC Stud,False,--,UNKNOWN,,placeholder,ETG100,False,3,INTERNAL_ONLY,0,0
ld_Field_CRI_I_26_70_Particle_In_NB_Seat_Area_M_M_10_doc_txt__1__0,R0242,CRI/Field/Field CRI.I. 26-70 Particle In NB Seat Area (M&M) ….10.doc.txt,1,04.05.2026,NB Seat Area,False,Nil,NONE,,explicit,1.2 Mn Steel,False,1,INTERNAL_ONLY,0,0
ld_Field_CRI_I_26_70_Particle_In_NB_Seat_Area_M_M_10_doc_txt__2__0,R0242,CRI/Field/Field CRI.I. 26-70 Particle In NB Seat Area (M&M) ….10.doc.txt,2,04.05.2026,,False,Nil,NONE,,explicit,1.2 Mn Steel,False,1,INTERNAL_ONLY,0,0
ld_Field_CRI_I_26_70_Particle_In_NB_Seat_Area_M_M_10_doc_txt__4__0,R0242,CRI/Field/Field CRI.I. 26-70 Particle In NB Seat Area (M&M) ….10.doc.txt,4,04.05.2026,,False,Nil,NONE,,explicit,1.2 Mn Steel,False,1,INTERNAL_ONLY,3,3
ld_Field_CRI_I_26_70_Particle_In_NB_Seat_Area_M_M_10_doc_txt__5__0,R0242,CRI/Field/Field CRI.I. 26-70 Particle In NB Seat Area (M&M) ….10.doc.txt,5,04.05.2026,,False,Nil,NONE,,explicit,1.2 Mn Steel,False,1,INTERNAL_ONLY,0,0
Field_Field_CRI_I_26_47_NB_Seat_Area_Particle_TML_19_doc_txt__1__0,R0235,CRI/Field/Field CRI.I. 26-47 NB Seat Area Particle (TML) …..19.doc.txt,1,23.03.2026,NB Seat Area,False,---,UNKNOWN,,placeholder,Carbon base,False,0,EXTERNAL_ONLY,0,0
Field_Field_CRI_I_26_47_NB_Seat_Area_Particle_TML_19_doc_txt__2__0,R0235,CRI/Field/Field CRI.I. 26-47 NB Seat Area Particle (TML) …..19.doc.txt,2,23.03.2026,,False,---,UNKNOWN,,placeholder,Carbon base,False,1,INTERNAL_ONLY,0,0
Field_Field_CRI_I_26_47_NB_Seat_Area_Particle_TML_19_doc_txt__3__0,R0235,CRI/Field/Field CRI.I. 26-47 NB Seat Area Particle (TML) …..19.doc.txt,3,23.03.2026,,False,--,UNKNOWN,,placeholder,Carbon base,False,0,EXTERNAL_ONLY,0,0
Field_Field_CRI_I_26_47_NB_Seat_Area_Particle_TML_19_doc_txt__4__0,R0235,CRI/Field/Field CRI.I. 26-47 NB Seat Area Particle (TML) …..19.doc.txt,4,23.03.2026,,False,--,UNKNOWN,,placeholder,Carbon base,False,0,UNRESOLVED,0,0
RI_I_26_117_Particle_In_IC_Stud_Sr_No_0639_4_SMLI_18_doc_txt__1__0,R0219,CRI/Field/Field CRI.I. 26-117 Particle In IC Stud Sr.No-0639-4 (SMLI) ……..18.doc.txt,1,15.06.2026,In IC Stud,True,ZnP,COATED,ZnP,explicit,Plain carbon,False,3,INTERNAL_ONLY,0,0
RI_I_26_117_Particle_In_IC_Stud_Sr_No_0639_4_SMLI_18_doc_txt__2__0,R0219,CRI/Field/Field CRI.I. 26-117 Particle In IC Stud Sr.No-0639-4 (SMLI) ……..18.doc.txt,2,15.06.2026,,False,---,UNKNOWN,,placeholder,Plain carbon,False,0,EXTERNAL_ONLY,0,0
ield_Field_CRI_I_25_181_Particle_NB_Seat_Area_M_M_18_doc_txt__1__0,R0171,CRI/Field/Field CRI.I. 25-181 Particle NB Seat Area  (M&M) ......18.doc.txt,1,12.12.2025,NB Seat Area & Spray Hole,False,--,UNKNOWN,,placeholder,Sl2b17,False,2,INTERNAL_ONLY,0,0
ield_Field_CRI_I_25_181_Particle_NB_Seat_Area_M_M_18_doc_txt__4__0,R0171,CRI/Field/Field CRI.I. 25-181 Particle NB Seat Area  (M&M) ......18.doc.txt,4,12.12.2025,,False,--,UNKNOWN,,placeholder,Al oxide,False,0,EXTERNAL_ONLY,2,2
ield_Field_CRI_I_26_108_Particle_In_IC_Stud_ISUZU_14_doc_txt__1__0,R0216,CRI/Field/Field CRI.I. 26-108 Particle In IC Stud (ISUZU) ......14.doc.txt,1,: 04.06.2026,In IC Stud,True,Traces of Zn,TRACES,Zn,traces,Plain carbon,False,3,INTERNAL_ONLY,0,0
I_Field_Field_CRI_I_26_88_Particle_In_IC_Stud_M_M_13_doc_txt__1__0,R0249,CRI/Field/Field CRI.I. 26-88 Particle In IC Stud (M&M) ....13.doc.txt,1,06.05.2026,In IC Stud,False,Nil,NONE,,explicit,Carbon base,False,0,UNRESOLVED,0,0
RI_Field_Field_CRI_I_26_24_Particle_In_Z_Hole_M_M_07_doc_txt__1__0,R0225,CRI/Field/Field CRI.I. 26-24 Particle In Z Hole (M&M) ….07.doc.txt,1,26.02.2026,Z Hole,False,ZnP,COATED,ZnP,explicit,Plain carbon,False,3,INTERNAL_ONLY,0,0
RI_Field_Field_CRI_I_26_24_Particle_In_Z_Hole_M_M_07_doc_txt__2__0,R0225,CRI/Field/Field CRI.I. 26-24 Particle In Z Hole (M&M) ….07.doc.txt,2,26.02.2026,,False,ZnP,COATED,ZnP,explicit,Plain carbon,False,3,INTERNAL_ONLY,0,0
d_CRI_I_26_146_Particle_At_IC_Stud_Sr_No_2711_M_M_19_doc_txt__1__0,R0133,CRI/Field/Field  CRI.I. 26-146 Particle At IC Stud Sr.No-2711 (M&M) ……19.doc.txt,1,: 16.07.2026,At IC Stud,False,Nil,NONE,,explicit,Carbon base –,False,0,EXTERNAL_ONLY,0,0
Field_Field_CRI_I_26_15_Particle_On_Seal_Ring_M_M_05_doc_txt__1__0,R0224,CRI/Field/Field CRI.I. 26-15 Particle On Seal Ring (M&M) .....05.doc.txt,1,26.02.2026,On Seal Ring,False,ZnP,COATED,ZnP,explicit,ETG100,False,1,INTERNAL_ONLY,0,0
ld_CRI_I_26_146_Particle_In_Z_Hole_Sr_No_2702_M_M_22_doc_txt__1__0,R0135,CRI/Field/Field  CRI.I. 26-146 Particle In Z Hole Sr.No-2702 (M&M) ……22.doc.txt,1,: 16.07.2026,Z Hole,False,Nil,NONE,,explicit,Cu Sn Metal,False,1,INTERNAL_ONLY,0,0
Field_Field_CRI_I_25_26_Particle_on_Arm_Plate_FML_07_doc_txt__1__0,R0182,CRI/Field/Field CRI.I. 25-26 Particle on Arm. Plate (FML) ....07.doc.txt,1,10.02.2025,Armature Plate,False,Nil,NONE,,explicit,Cu – Sn,False,1,INTERNAL_ONLY,0,0
Field_CRI_I_25_87_Particle_on_Body_NSS_NB_Top_M_M_07_doc_txt__1__0,R0201,CRI/Field/Field CRI.I. 25-87 Particle on Body NSS & NB Top (M&M) .....07.doc.txt,1,25.07.2025,Body NSS & NB Top Area,False,ZnP,COATED,ZnP,explicit,Plain carbon,False,3,INTERNAL_ONLY,0,0
Field_CRI_I_25_87_Particle_on_Body_NSS_NB_Top_M_M_07_doc_txt__2__0,R0201,CRI/Field/Field CRI.I. 25-87 Particle on Body NSS & NB Top (M&M) .....07.doc.txt,2,25.07.2025,,False,ZnP,COATED,ZnP,explicit,Plain carbon,False,3,INTERNAL_ONLY,0,0
I_Field_Field_CRI_I_25_171_Particle_In_Z_Hole_M_M_12_doc_txt__1__0,R0167,CRI/Field/Field CRI.I. 25-171 Particle In Z Hole (M&M) ….12.doc.txt,1,25.11.2025,Z Hole,False,ZnP,COATED,ZnP,explicit,Pb plain carbon,False,2,INTERNAL_ONLY,0,0
ield_Field_CRI_I_25_183_Particle_In_IC_Stud_ISUZU_26_doc_txt__1__0,R0172,CRI/Field/Field CRI.I. 25-183 Particle In IC Stud (ISUZU) ......26.doc.txt,1,04.12.2025,IC Stud,False,Zn,COATED,Zn,explicit,SS 316 ( Stainless steel,False,0,EXTERNAL_ONLY,0,0
ield_Field_CRI_I_25_50_Particle_in_Ball_Guide_M_M_02_doc_txt__1__0,R0188,CRI/Field/Field CRI.I. 25-50 Particle in Ball Guide (M&M) ….02.doc.txt,1,07.05.2025,Ball Guide,False,Nil,NONE,,explicit,Silica – Carbo,False,1,INTERNAL_ONLY,0,0
eld_Field_CRI_I_26_143_Particle_In_Bar_Filter_M_M_15_doc_txt__1__0,R0222,CRI/Field/Field CRI.I. 26-143 Particle In Bar Filter (M&M) .....15.doc.txt,1,: 11.07.2026,,False,Nil,NONE,,explicit,Copper,False,1,INTERNAL_ONLY,0,0
eld_Field_CRI_I_25_196_Particle_In_IC_Stud_Escort_01_doc_txt__1__0,R0179,CRI/Field/Field CRI.I. 25-196 Particle In IC Stud (Escort) ….01.doc.txt,1,07.01.2026,In IC Stud,True,--,UNKNOWN,,placeholder,Plain carbon,False,2,MIXED,0,0
_Field_Field_CRI_I_25_127_Particle_In_Z_Hole_SMLI_25_doc_txt__1__0,R0159,CRI/Field/Field CRI.I. 25-127  Particle In Z Hole (SMLI) …..25.doc.txt,1,29.09.2025,Z Hole,False,Zinc Phosphate,COATED,ZnP,explicit,Lead – Plain C,False,3,INTERNAL_ONLY,0,0
RI_Field_Field_CRI_I_26_55_Particle_In_Z_Hole_M_M_28_doc_txt__1__0,R0239,CRI/Field/Field CRI.I. 26-55 Particle In Z Hole (M&M) .....28.doc.txt,1,01.04.2026,Z Hole,False,--,UNKNOWN,,placeholder,Cr-Mn steel,False,1,INTERNAL_ONLY,0,0
ield_Field_CRI_I_25_74_Particle_On_Bar_Filter_M_M_11_doc_txt__1__0,R0197,CRI/Field/Field CRI.I. 25-74 Particle On Bar Filter (M&M) ....11.doc.txt,1,20.06.2025,Bar Filter,False,ZnP,COATED,ZnP,explicit,Plain carbon,False,2,INTERNAL_ONLY,0,0
I_Field_Field_CRI_I_25_57_Particle_in_IC_Stud_M_M_10_doc_txt__1__0,R0191,CRI/Field/Field CRI.I. 25-57 Particle in IC Stud (M&M) .....10.doc.txt,1,21.05.2025,IC Stud,False,Nil,NONE,,explicit,Resulphurised,False,2,INTERNAL_ONLY,0,0
ield_Field_CRI_I_24_223_Particle_in_IC_Stud_ISUZU_26_doc_txt__1__0,R0146,CRI/Field/Field CRI.I. 24-223 Particle in IC Stud (ISUZU) ......26.doc.txt,1,01.01.2025,In IC Stud,False,Zn,COATED,Zn,explicit,Zn Flake,False,0,EXTERNAL_ONLY,0,0
I_Field_Field_CRI_I_25_89_Particle_In_IC_Stud_M_M_10_doc_txt__1__0,R0206,CRI/Field/Field CRI.I. 25-89 Particle In IC Stud (M&M) ....10.doc.txt,1,10.09.2025,In IC Stud,False,--,UNKNOWN,,placeholder,Nonmetallic,False,0,EXTERNAL_ONLY,1,1
I_Field_Field_CRI_I_25_89_Particle_In_IC_Stud_M_M_10_doc_txt__2__0,R0206,CRI/Field/Field CRI.I. 25-89 Particle In IC Stud (M&M) ....10.doc.txt,2,10.09.2025,,False,--,UNKNOWN,,placeholder,Nonmetallic,False,0,EXTERNAL_ONLY,0,0
I_Field_Field_CRI_I_25_89_Particle_In_IC_Stud_M_M_10_doc_txt__3__0,R0206,CRI/Field/Field CRI.I. 25-89 Particle In IC Stud (M&M) ....10.doc.txt,3,10.09.2025,,False,--,UNKNOWN,,placeholder,Nonmetallic,False,0,EXTERNAL_ONLY,0,0
ld_Field_CRI_I_26_95_Loose_Particle_At_Z_Hole_A_L_29_doc_txt__1__0,R0254,CRI/Field/Field CRI.I. 26-95 Loose Particle At Z Hole (A.L.) ....29.doc.txt,1,19.05.2026,In IC Stud,False,Nil,NONE,,explicit,Cu-Sn6 Metal,False,1,INTERNAL_ONLY,0,0
_Field_Field_CRI_I_25_159_Particle_In_IC_Stud_A_L_15_doc_txt__1__0,R0165,CRI/Field/Field CRI.I. 25-159 Particle In IC Stud (A.L.) …..15.doc.txt,1,07.11.2025,IC Stud,True,ZnP,COATED,ZnP,explicit,Plain Carbon,False,2,INTERNAL_ONLY,0,0
Field_Field_CRI_I_26_36_Particle_On_AH_Plate_TMTL_10_doc_txt__1__0,R0231,CRI/Field/Field CRI.I. 26-36 Particle On AH. Plate (TMTL) .....10.doc.txt,1,10.03.2026,On Armature Plate,False,--,UNKNOWN,,placeholder,VDSiCrDIN,False,3,INTERNAL_ONLY,0,0
Field_Field_CRI_I_26_36_Particle_On_AH_Plate_TMTL_10_doc_txt__2__0,R0231,CRI/Field/Field CRI.I. 26-36 Particle On AH. Plate (TMTL) .....10.doc.txt,2,10.03.2026,,False,--,UNKNOWN,,placeholder,VDSiCrDIN,False,3,INTERNAL_ONLY,0,0
ield_Field_CRI_I_25_89_Particle_Found_In_Body_M_M_13_doc_txt__1__0,R0202,CRI/Field/Field CRI.I. 25-89 Particle Found In Body (M&M) .....13.doc.txt,1,05.08.2025,Particle Found In Body At Valve Piece Sitting Surface,False,ZnP,COATED,ZnP,explicit,Plain carbon,False,2,INTERNAL_ONLY,0,0
CRI_Field_Field_CRI_I_26_29_NB_Seat_Particle_TMTL_28_doc_txt__2__0,R0227,CRI/Field/Field CRI.I. 26-29 NB Seat Particle (TMTL) .....28.doc.txt,2,10.03.2026,,False,--,UNKNOWN,,placeholder,Nonmetallic,False,0,EXTERNAL_ONLY,0,0
CRI_Field_Field_CRI_I_26_29_NB_Seat_Particle_TMTL_28_doc_txt__4__0,R0227,CRI/Field/Field CRI.I. 26-29 NB Seat Particle (TMTL) .....28.doc.txt,4,10.03.2026,,False,--,UNKNOWN,,placeholder,Nonmetallic,False,0,EXTERNAL_ONLY,0,0
I_Field_Field_CRI_I_25_92_NB_Damage_Particles_FML_07_doc_txt__2__0,R0208,CRI/Field/Field CRI.I. 25-92 NB Damage & Particles (FML) .....07.doc.txt,2,: 01.09.2025,,False,Nil,NONE,,explicit,Carbon and,False,0,EXTERNAL_ONLY,0,0
RI_I_26_146_Particle_At_Bar_Filter_Sr_No_2378_M_M_09_doc_txt__1__0,R0132,CRI/Field/Field  CRI.I. 26-146 Particle At Bar Filter Sr.No-2378 (M&M) …..09.doc.txt,1,: 16.07.2026,At Bar Filter,False,Nil,NONE,,explicit,Aluminum,False,0,UNRESOLVED,0,0
26_115_Particle_In_NB_Seat_Area_Sr_No_1532_2_SMLI_06_doc_txt__1__0,R0218,CRI/Field/Field CRI.I. 26-115 Particle In NB Seat Area Sr. No-1532-2 (SMLI) ….06.doc.txt,1,15.06.2026,NB Seat Area,False,--,UNKNOWN,,placeholder,Carbon base,False,0,EXTERNAL_ONLY,2,2
26_115_Particle_In_NB_Seat_Area_Sr_No_1532_2_SMLI_06_doc_txt__2__0,R0218,CRI/Field/Field CRI.I. 26-115 Particle In NB Seat Area Sr. No-1532-2 (SMLI) ….06.doc.txt,2,15.06.2026,,False,--,UNKNOWN,,placeholder,Carbon base,False,0,EXTERNAL_ONLY,2,2
26_115_Particle_In_NB_Seat_Area_Sr_No_1532_2_SMLI_06_doc_txt__3__0,R0218,CRI/Field/Field CRI.I. 26-115 Particle In NB Seat Area Sr. No-1532-2 (SMLI) ….06.doc.txt,3,15.06.2026,,False,--,UNKNOWN,,placeholder,Carbon base,False,0,EXTERNAL_ONLY,0,0
_Field_Field_CRI_I_26_102_Particle_In_IC_Stud_M_M_11_doc_txt__1__0,R0212,CRI/Field/Field CRI.I. 26-102 Particle In IC Stud (M&M) .....11.doc.txt,1,20.05.26,In IC Stud,False,Zn,COATED,Zn,explicit,Zn flake,False,0,EXTERNAL_ONLY,0,0
CRI_Field_Field_CRI_I_25_75_Particle_Analysis_GCL_12_doc_txt__1__0,R0199,CRI/Field/Field CRI.I. 25-75 Particle Analysis (GCL) .....12.doc.txt,1,25.06.2025,IC Stud,False,--,UNKNOWN,,placeholder,Iron,False,1,INTERNAL_ONLY,2,2
CRI_Field_Field_CRI_I_25_75_Particle_Analysis_GCL_12_doc_txt__2__0,R0199,CRI/Field/Field CRI.I. 25-75 Particle Analysis (GCL) .....12.doc.txt,2,25.06.2025,,False,--,UNKNOWN,,placeholder,Iron,False,1,INTERNAL_ONLY,3,3
CRI_Field_Field_CRI_I_25_75_Particle_Analysis_GCL_12_doc_txt__3__0,R0199,CRI/Field/Field CRI.I. 25-75 Particle Analysis (GCL) .....12.doc.txt,3,25.06.2025,,False,--,UNKNOWN,,placeholder,100Cr6,False,1,INTERNAL_ONLY,0,0
CRI_Field_Field_CRI_I_25_75_Particle_Analysis_GCL_12_doc_txt__5__0,R0199,CRI/Field/Field CRI.I. 25-75 Particle Analysis (GCL) .....12.doc.txt,5,25.06.2025,,False,--,UNKNOWN,,placeholder,Iron,False,1,INTERNAL_ONLY,1,1
CRI_Field_Field_CRI_I_25_75_Particle_Analysis_GCL_12_doc_txt__6__0,R0199,CRI/Field/Field CRI.I. 25-75 Particle Analysis (GCL) .....12.doc.txt,6,25.06.2025,,False,--,UNKNOWN,,placeholder,Iron,False,1,INTERNAL_ONLY,1,1
CRI_Field_Field_CRI_I_25_75_Particle_Analysis_GCL_12_doc_txt__7__0,R0199,CRI/Field/Field CRI.I. 25-75 Particle Analysis (GCL) .....12.doc.txt,7,25.06.2025,,False,--,UNKNOWN,,placeholder,Iron,False,1,INTERNAL_ONLY,1,1
_Field_CRI_I_26_85_Particle_In_NB_Seat_Area_M_M_22_M_doc_txt__2__0,R0248,CRI/Field/Field CRI.I. 26-85 Particle In NB Seat Area (M&M) ......22 M.doc.txt,2,04.05.2026,,False,Nil,NONE,,explicit,Leaded Plain C,False,3,INTERNAL_ONLY,0,0
_Field_CRI_I_26_85_Particle_In_NB_Seat_Area_M_M_22_M_doc_txt__3__0,R0248,CRI/Field/Field CRI.I. 26-85 Particle In NB Seat Area (M&M) ......22 M.doc.txt,3,04.05.2026,,False,Nil,NONE,,explicit,Leaded Plain C,False,3,INTERNAL_ONLY,0,0
CRI_Field_Field_CRI_I_24_41_NB_Seat_Particle_SMLI_22_doc_txt__1__0,R0149,CRI/Field/Field CRI.I. 24-41 NB Seat Particle (SMLI) ....22.doc.txt,1,14.03.2024,NB Seat Area,False,Zinc Phosphate,COATED,ZnP,explicit,Leaded Plain,False,2,INTERNAL_ONLY,0,0
I_Field_Field_CRI_I_26_82_Particle_In_IC_Stud_M_M_25_doc_txt__3__0,R0245,CRI/Field/Field CRI.I. 26-82 Particle In IC Stud (M&M) .....25.doc.txt,3,28.04.2026,,False,--,UNKNOWN,,placeholder,Zn based,False,0,UNRESOLVED,2,2
d_CRI_I_24_172_Particle_in_IC_Stud_Sr_No_0787_TML_28_doc_txt__1__0,R0144,CRI/Field/Field CRI.I. 24-172 Particle in IC Stud Sr No. 0787 (TML) .....28.doc.txt,1,13.11.2024,In IC Stud,False,Zn,COATED,Zn,explicit,Iron base Zn,False,0,EXTERNAL_ONLY,0,0
d_CRI_I_24_172_Particle_in_IC_Stud_Sr_No_0787_TML_28_doc_txt__2__0,R0144,CRI/Field/Field CRI.I. 24-172 Particle in IC Stud Sr No. 0787 (TML) .....28.doc.txt,2,13.11.2024,,False,Zn,COATED,Zn,explicit,Iron base Zn,False,0,EXTERNAL_ONLY,0,0
I_Field_Field_CRI_I_25_172_Particle_In_Z_Hole_M_M_26_doc_txt__1__0,R0168,CRI/Field/Field CRI.I. 25-172 Particle In Z Hole (M&M) ….26.doc.txt,1,27.11.2025,Z Hole,False,---,UNKNOWN,,placeholder,Cu-Sn,False,1,INTERNAL_ONLY,0,0
CRI_I_25_50_Particle_in_A_Hole_of_Valve_Piece_M_M_08_doc_txt__1__0,R0187,CRI/Field/Field CRI.I. 25-50 Particle in A Hole of Valve Piece (M&M) ….08.doc.txt,1,07.05.2025,A Hole of Valve Piece,False,Nil,NONE,,explicit,Silica – Carbo,False,1,INTERNAL_ONLY,0,0
CRI_I_25_50_Particle_in_A_Hole_of_Valve_Piece_M_M_08_doc_txt__2__0,R0187,CRI/Field/Field CRI.I. 25-50 Particle in A Hole of Valve Piece (M&M) ….08.doc.txt,2,07.05.2025,,False,Nil,NONE,,explicit,Silica – Carbo,False,1,INTERNAL_ONLY,0,0
CRI_I_25_50_Particle_in_A_Hole_of_Valve_Piece_M_M_08_doc_txt__3__0,R0187,CRI/Field/Field CRI.I. 25-50 Particle in A Hole of Valve Piece (M&M) ….08.doc.txt,3,07.05.2025,,False,Nil,NONE,,explicit,Silica – Carbo,False,1,INTERNAL_ONLY,0,0
CRI_I_25_50_Particle_in_A_Hole_of_Valve_Piece_M_M_08_doc_txt__4__0,R0187,CRI/Field/Field CRI.I. 25-50 Particle in A Hole of Valve Piece (M&M) ….08.doc.txt,4,07.05.2025,,False,Nil,NONE,,explicit,Silica – Carbo,False,1,INTERNAL_ONLY,0,0
CRI_I_25_50_Particle_in_A_Hole_of_Valve_Piece_M_M_08_doc_txt__5__0,R0187,CRI/Field/Field CRI.I. 25-50 Particle in A Hole of Valve Piece (M&M) ….08.doc.txt,5,07.05.2025,,False,Nil,NONE,,explicit,Silica – Carbo,False,1,INTERNAL_ONLY,0,0
ld_Field_CRI_I_25_128_Particle_in_Bar_Filter_SMLI_25_doc_txt__1__0,R0160,CRI/Field/Field CRI.I. 25-128 Particle in Bar-Filter (SMLI) …..25.doc.txt,1,11.11.2025,In Bar Filter,False,--,UNKNOWN,,placeholder,Plain carbon,False,2,INTERNAL_ONLY,2,2
ld_Field_CRI_I_25_128_Particle_in_Bar_Filter_SMLI_25_doc_txt__2__0,R0160,CRI/Field/Field CRI.I. 25-128 Particle in Bar-Filter (SMLI) …..25.doc.txt,2,11.11.2025,,False,Zn,COATED,Zn,explicit,Zn flake,False,0,EXTERNAL_ONLY,0,0
ld_Field_CRI_I_25_128_Particle_in_Bar_Filter_SMLI_25_doc_txt__3__0,R0160,CRI/Field/Field CRI.I. 25-128 Particle in Bar-Filter (SMLI) …..25.doc.txt,3,11.11.2025,,False,Zn,COATED,Zn,explicit,Zn flake,False,0,EXTERNAL_ONLY,0,0
I_Field_Field_CRI_I_25_43_Particle_in_IC_Stud_SML_08_doc_txt__1__0,R0184,CRI/Field/Field CRI.I. 25-43 Particle in IC Stud (SML) …..08.doc.txt,1,21.03.2025,IC Stud,True,Nil,NONE,,explicit,Plain C steel,False,1,INTERNAL_ONLY,0,0
I_Field_Field_CRI_I_25_43_Particle_in_IC_Stud_SML_08_doc_txt__2__0,R0184,CRI/Field/Field CRI.I. 25-43 Particle in IC Stud (SML) …..08.doc.txt,2,21.03.2025,,False,Nil,NONE,,explicit,Plain C steel,False,1,INTERNAL_ONLY,0,0
I_Field_Field_CRI_I_25_43_Particle_in_IC_Stud_SML_08_doc_txt__3__0,R0184,CRI/Field/Field CRI.I. 25-43 Particle in IC Stud (SML) …..08.doc.txt,3,21.03.2025,,False,Nil,NONE,,explicit,Plain C steel,False,1,INTERNAL_ONLY,0,0
I_Field_Field_CRI_I_25_43_Particle_in_IC_Stud_SML_08_doc_txt__4__0,R0184,CRI/Field/Field CRI.I. 25-43 Particle in IC Stud (SML) …..08.doc.txt,4,21.03.2025,,False,Nil,NONE,,explicit,Plain C steel,False,1,INTERNAL_ONLY,0,0
ld_CRI_I_25_158_Particle_In_IC_Stud_SR_0416_3_FML_15_doc_txt__1__0,R0164,CRI/Field/Field CRI.I. 25-158 Particle In IC Stud SR-0416-3 (FML) ....15.doc.txt,1,05.11.2025,IC Stud,False,Nil,NONE,,explicit,Plain C steel,False,0,UNRESOLVED,0,0
ld_CRI_I_26_146_Particle_In_Z_Hole_Sr_No_2702_M_M_22_doc_txt__1__0,R0134,CRI/Field/Field  CRI.I. 26-146 Particle In Z Hole Sr.No-2702 (M&M) ……22--.doc.txt,1,: 16.07.2026,Z Hole,False,Nil,NONE,,explicit,Aluminum,False,0,UNRESOLVED,0,0
d_Field_CRI_I_26_88_Particles_In_NB_Seat_Area_M_M_06_doc_txt__2__0,R0251,CRI/Field/Field CRI.I. 26-88 Particles In NB Seat Area (M&M) .....06.doc.txt,2,11.05.2025,,False,--,UNKNOWN,,placeholder,Carbon base,False,0,EXTERNAL_ONLY,0,0
d_Field_CRI_I_26_88_Particles_In_NB_Seat_Area_M_M_06_doc_txt__3__0,R0251,CRI/Field/Field CRI.I. 26-88 Particles In NB Seat Area (M&M) .....06.doc.txt,3,11.05.2025,,False,--,UNKNOWN,,placeholder,Carbon base,False,0,EXTERNAL_ONLY,1,1
23_126_Sr_No_2039_Particle_on_IC_Stud_ISUZU_2_Bin_17_doc_txt__1__0,R0130,CRI/Field/CRI.I. 23-126 Sr.No.2039 Particle on IC Stud ISUZU -2 Bin-17 .doc.txt,1,02.09.2023,IC stud,False,Nil,NONE,,explicit,"Poly(ethylene), low density",False,0,EXTERNAL_ONLY,0,0
ld_Field_CRI_I_26_78_Particle_In_NB_Seat_Area_M_M_07_doc_txt__1__0,R0244,CRI/Field/Field CRI.I. 26-78 Particle In NB Seat Area (M&M) .....07.doc.txt,1,04.05.2026,NB Seat Area,False,--,UNKNOWN,,placeholder,Carbon base,False,0,EXTERNAL_ONLY,0,0
ld_Field_CRI_I_26_78_Particle_In_NB_Seat_Area_M_M_07_doc_txt__2__0,R0244,CRI/Field/Field CRI.I. 26-78 Particle In NB Seat Area (M&M) .....07.doc.txt,2,04.05.2026,,False,--,UNKNOWN,,placeholder,Carbon base,False,0,EXTERNAL_ONLY,2,2
CRI_I_25_138_Particle_In_IC_Stud_Sr_No_0721_ISUZU_13_doc_txt__1__0,R0162,CRI/Field/Field CRI.I. 25-138 Particle In IC Stud Sr.No-0721 (ISUZU) ….13.doc.txt,1,10.10.2025,IC Stud,False,--,UNKNOWN,,placeholder,Nonmetallic,False,0,EXTERNAL_ONLY,0,0
RI_Field_Field_CRI_I_25_22_Particle_in_Z_Hole_M_M_15_doc_txt__1__0,R0180,CRI/Field/Field CRI.I. 25-22 Particle in Z Hole (M&M) ....15.doc.txt,1,24.01.2025,Z Hole,False,,UNKNOWN,,missing,Plain carbon,False,0,EXTERNAL_ONLY,0,0
ield_CRI_I_24_223_Particle_in_Injector_Body_ISUZU_15_doc_txt__1__0,R0147,CRI/Field/Field CRI.I. 24-223 Particle in Injector Body (ISUZU) ......15.doc.txt,1,03.01.2025,In IC Stud,True,??,UNKNOWN,,placeholder,Plain C steel,False,2,INTERNAL_ONLY,0,0
ield_CRI_I_24_223_Particle_in_Injector_Body_ISUZU_15_doc_txt__2__0,R0147,CRI/Field/Field CRI.I. 24-223 Particle in Injector Body (ISUZU) ......15.doc.txt,2,03.01.2025,,False,--,UNKNOWN,,placeholder,SS 410/420/430,False,0,EXTERNAL_ONLY,0,0
_Field_Field_CRI_I_25_72_Particle_On_Body_NSS_M_M_06_doc_txt__1__0,R0196,CRI/Field/Field CRI.I. 25-72 Particle On Body NSS (M&M) ....06.doc.txt,1,20.06.2025,Body NSS,False,ZnP,COATED,ZnP,explicit,Plain carbon steel,False,3,INTERNAL_ONLY,0,0
_Field_Field_CRI_I_25_72_Particle_On_Body_NSS_M_M_06_doc_txt__2__0,R0196,CRI/Field/Field CRI.I. 25-72 Particle On Body NSS (M&M) ....06.doc.txt,2,20.06.2025,,False,ZnP,COATED,ZnP,explicit,Plain carbon,False,3,INTERNAL_ONLY,0,0
_I_26_88_Particles_In_Bar_Filter_Sr_No_3762_2_M_M_14_doc_txt__2__0,R0250,CRI/Field/Field CRI.I. 26-88 Particles In Bar Filter Sr. No-3762-2 (M&M) ….14.doc.txt,2,09.05.2026,,False,Nil,NONE,,explicit,Iron base/ Plain,False,1,INTERNAL_ONLY,2,2
ld_CRI_I_24_168_Sr_No_0311_Particle_in_IC_Stud_AL_07_doc_txt__1__0,R0142,CRI/Field/Field CRI.I. 24-168 Sr. No-0311 Particle in IC Stud (AL) ....07.doc.txt,1,07.11.2024,In IC Stud,False,Zn plating,COATED,Zn,explicit,1.2 Mn Steel ( Plain,False,0,UNRESOLVED,0,0
ield_Field_CRI_I_26_50_NB_Particles_Analysis_SMLI_11_doc_txt__2__0,R0238,CRI/Field/Field CRI.I. 26-50 NB & Particles Analysis (SMLI) ....11.doc.txt,2,01.04.2026,,False,--,UNKNOWN,,placeholder,Carbon base,False,0,EXTERNAL_ONLY,0,0
ield_Field_CRI_I_26_50_NB_Particles_Analysis_SMLI_11_doc_txt__3__0,R0238,CRI/Field/Field CRI.I. 26-50 NB & Particles Analysis (SMLI) ....11.doc.txt,3,01.04.2026,,False,--,UNKNOWN,,placeholder,Carbon base,False,0,EXTERNAL_ONLY,1,1
7_Particle_At_NB_Seat_Area_Sr_No_0448_Rajput_SMLM_10_doc_txt__2__0,R0215,CRI/Field/Field CRI.I. 26-107 Particle At NB Seat Area Sr.No-0448-Rajput (SMLM) …...10.doc.txt,2,: 03.06.2026,,False,,UNKNOWN,,missing,SS302/ 304,False,0,EXTERNAL_ONLY,0,0
d_Field_CRI_I_25_185_Particle_In_NB_Seat_Area_M_M_21_doc_txt__1__0,R0173,CRI/Field/Field CRI.I. 25-185 Particle In NB Seat Area (M&M) .....21.doc.txt,1,05.12.2025,NB Spray Hole,False,Nil,NONE,,explicit,Sl48,False,0,UNRESOLVED,0,0
ld_Field_CRI_I_25_08_Particle_on_Small_O_Ring_A_L_04_doc_txt__1__0,R0156,CRI/Field/Field CRI.I. 25-08 Particle on Small O Ring (A.L.) .......04.doc.txt,1,20.02.2025,In Small O Ring,False,Traces of ZnP,TRACES,ZnP,traces,Leaded plain,False,1,INTERNAL_ONLY,0,0
CRI_Field_Field_CRI_I_26_78_Particle_In_BFT_M_M_28_doc_txt__2__0,R0243,CRI/Field/Field CRI.I. 26-78 Particle In BFT (M&M) .....28.doc.txt,2,24.04.2026,,False,Nil,NONE,,explicit,Spring Steel,False,3,INTERNAL_ONLY,1,1
ld_Field_CRI_I_25_89_Particle_From_Bar_Filter_M_M_12_doc_txt__1__0,R0203,CRI/Field/Field CRI.I. 25-89 Particle From Bar Filter  (M&M) ....12.doc.txt,1,10.09.2025,Bar Filter,False,--,UNKNOWN,,placeholder,Nonmetallic,False,0,EXTERNAL_ONLY,0,0
ld_Field_CRI_I_25_89_Particle_From_Bar_Filter_M_M_12_doc_txt__2__0,R0203,CRI/Field/Field CRI.I. 25-89 Particle From Bar Filter  (M&M) ....12.doc.txt,2,10.09.2025,,False,--,UNKNOWN,,placeholder,Nonmetallic,False,0,UNRESOLVED,0,0
I_Field_Field_CRI_I_25_89_Particle_In_NB_Seat_M_M_27_doc_txt__1__0,R0207,CRI/Field/Field CRI.I. 25-89 Particle In NB Seat (M&M) .....27.doc.txt,1,25.07.2025,NB Seat Area,False,Traces of ZnP,TRACES,ZnP,traces,Plain carbon,False,2,INTERNAL_ONLY,0,0
I_Field_Field_CRI_I_25_89_Particle_In_NB_Seat_M_M_27_doc_txt__2__0,R0207,CRI/Field/Field CRI.I. 25-89 Particle In NB Seat (M&M) .....27.doc.txt,2,25.07.2025,,False,Traces of ZnP,TRACES,ZnP,traces,Plain carbon,False,2,INTERNAL_ONLY,0,0
I_Field_Field_CRI_I_25_89_Particle_In_NB_Seat_M_M_27_doc_txt__3__0,R0207,CRI/Field/Field CRI.I. 25-89 Particle In NB Seat (M&M) .....27.doc.txt,3,25.07.2025,,False,ZnP,COATED,ZnP,explicit,Plain carbon,False,2,INTERNAL_ONLY,0,0
I_Field_Field_CRI_I_25_89_Particle_In_NB_Seat_M_M_27_doc_txt__4__0,R0207,CRI/Field/Field CRI.I. 25-89 Particle In NB Seat (M&M) .....27.doc.txt,4,25.07.2025,,False,--,UNKNOWN,,placeholder,Plain carbon,False,2,INTERNAL_ONLY,0,0
I_Field_Field_CRI_I_25_89_Particle_In_NB_Seat_M_M_27_doc_txt__5__0,R0207,CRI/Field/Field CRI.I. 25-89 Particle In NB Seat (M&M) .....27.doc.txt,5,25.07.2025,,False,ZnP,COATED,ZnP,explicit,Plain carbon,False,2,INTERNAL_ONLY,0,0
I_Field_Field_CRI_I_25_89_Particle_In_NB_Seat_M_M_27_doc_txt__6__0,R0207,CRI/Field/Field CRI.I. 25-89 Particle In NB Seat (M&M) .....27.doc.txt,6,25.07.2025,,False,Traces of ZnP?,TRACES,ZnP,traces,Plain carbon,False,2,INTERNAL_ONLY,0,0
_Field_Field_CRI_I_25_77_Particle_In_IC_Stud_SMLI_13_doc_txt__1__0,R0200,CRI/Field/Field CRI.I. 25-77 Particle In IC Stud (SMLI) ......13.doc.txt,1,25.06.2025,IC Stud,False,Zn,COATED,Zn,explicit,Zn Flake,False,0,EXTERNAL_ONLY,0,0
_Field_Field_CRI_I_24_46_Particle_in_IC_Stud_SMIL_11_doc_txt__1__0,R0150,CRI/Field/Field CRI.I. 24-46 Particle in IC Stud (SMIL) ......11.doc.txt,1,21-03-2024,In IC Stud,False,--,UNKNOWN,,placeholder,Carbon base non,False,0,EXTERNAL_ONLY,0,0
I_Field_Field_CRI_I_24_214_Particle_in_Z_Hole_M_M_06_doc_txt__1__0,R0145,CRI/Field/Field CRI.I. 24-214 Particle in Z Hole (M&M) ......06.doc.txt,1,24.12.2025,Z Hole,False,,UNKNOWN,,missing,SS 302/304,False,2,MIXED,0,0
I_I_25_89_Particle_In_Dia_2_2_Body_Inlet_Hole_M_M_13_doc_txt__1__0,R0205,CRI/Field/Field CRI.I. 25-89 Particle In Dia 2.2 Body & Inlet Hole   (M&M) ....13.doc.txt,1,15.09.2025,In Dia 2.2 Body Hole & Inlet Hole,False,--,UNKNOWN,,placeholder,Leaded Plain,False,2,INTERNAL_ONLY,0,0
I_I_25_89_Particle_In_Dia_2_2_Body_Inlet_Hole_M_M_13_doc_txt__3__0,R0205,CRI/Field/Field CRI.I. 25-89 Particle In Dia 2.2 Body & Inlet Hole   (M&M) ....13.doc.txt,3,15.09.2025,,False,--,UNKNOWN,,placeholder,Leaded Plain,False,2,INTERNAL_ONLY,0,0
I_Field_Field_CRI_I_25_173_NB_Seat_Particle_M_M_11_B_doc_txt__1__0,R0169,CRI/Field/Field CRI.I. 25-173 NB Seat Particle (M&M) ......11 B.doc.txt,1,05.12.2025,NB Seat Area & Spray Hole,False,--,UNKNOWN,,placeholder,Leaded plain,False,3,INTERNAL_ONLY,0,0
I_Field_Field_CRI_I_25_173_NB_Seat_Particle_M_M_11_B_doc_txt__3__0,R0169,CRI/Field/Field CRI.I. 25-173 NB Seat Particle (M&M) ......11 B.doc.txt,3,05.12.2025,,False,Zinc phosphate,COATED,ZnP,explicit,Leaded plain C,False,3,INTERNAL_ONLY,0,0
I_Field_Field_CRI_I_25_173_NB_Seat_Particle_M_M_11_B_doc_txt__4__0,R0169,CRI/Field/Field CRI.I. 25-173 NB Seat Particle (M&M) ......11 B.doc.txt,4,05.12.2025,,False,--,UNKNOWN,,placeholder,Plain carbon,False,3,INTERNAL_ONLY,0,0
I_Field_Field_CRI_I_25_173_NB_Seat_Particle_M_M_11_B_doc_txt__5__0,R0169,CRI/Field/Field CRI.I. 25-173 NB Seat Particle (M&M) ......11 B.doc.txt,5,05.12.2025,,False,--,UNKNOWN,,placeholder,Leaded Plain C,False,2,INTERNAL_ONLY,0,0
I_Field_Field_CRI_I_26_85_Particle_In_IC_Stud_M_M_21_doc_txt__1__0,R0247,CRI/Field/Field CRI.I. 26-85 Particle In IC Stud (M&M) …..21.doc.txt,1,30.04.2026,In IC Stud,False,Nil,NONE,,explicit,Zn based,False,0,UNRESOLVED,0,0
Km_Direct_0Km_CRI_I_23_136_Particle_in_Z_Hole_FML_02_doc_txt__1__0,R0113,CRI/0 Km/Direct/0Km CRI.I. 23-136 Particle in Z Hole (FML) ....02.doc.txt,1,08.09.2023,Z Hole of valve Piece,False,ZnP,COATED,ZnP,explicit,Leaded carbon,False,2,INTERNAL_ONLY,0,0
_CRI_I_23_117_Particles_on_Magnet_Body_Thread_M_M_14_doc_txt__1__0,R0111,CRI/0 Km/Direct/0Km CRI.I. 23-117 Particles on Magnet & Body Thread (M&M) ....14.doc.txt,1,19.07.2023,Magnet & Body Thread,False,ZnP,COATED,ZnP,explicit,Plain carbon,False,2,INTERNAL_ONLY,0,0
_CRI_I_23_117_Particles_on_Magnet_Body_Thread_M_M_14_doc_txt__2__0,R0111,CRI/0 Km/Direct/0Km CRI.I. 23-117 Particles on Magnet & Body Thread (M&M) ....14.doc.txt,2,19.07.2023,,False,ZnP,COATED,ZnP,explicit,Plain carbon,False,2,INTERNAL_ONLY,0,0
_CRI_I_23_117_Particles_on_Magnet_Body_Thread_M_M_14_doc_txt__3__0,R0111,CRI/0 Km/Direct/0Km CRI.I. 23-117 Particles on Magnet & Body Thread (M&M) ....14.doc.txt,3,19.07.2023,,False,ZnP,COATED,ZnP,explicit,Plain carbon,False,2,INTERNAL_ONLY,0,0
_CRI_I_23_117_Particles_on_Magnet_Body_Thread_M_M_14_doc_txt__4__0,R0111,CRI/0 Km/Direct/0Km CRI.I. 23-117 Particles on Magnet & Body Thread (M&M) ....14.doc.txt,4,19.07.2023,,False,ZnP,COATED,ZnP,explicit,Plain carbon,False,2,INTERNAL_ONLY,0,0
_CRI_I_23_117_Particles_on_Magnet_Body_Thread_M_M_14_doc_txt__5__0,R0111,CRI/0 Km/Direct/0Km CRI.I. 23-117 Particles on Magnet & Body Thread (M&M) ....14.doc.txt,5,19.07.2023,,False,ZnP,COATED,ZnP,explicit,Plain carbon,False,2,INTERNAL_ONLY,0,0
_Km_Direct_0Km_CRI_I_23_113_Z_Hole_Particle_ISUZU_17_doc_txt__1__0,R0110,CRI/0 Km/Direct/0Km CRI.I. 23-113 Z Hole Particle (ISUZU) .....17.doc.txt,1,12.07.2023,Z Hole of Valve Piece,False,ZnP,COATED,ZnP,explicit,Plain carbon,False,1,INTERNAL_ONLY,0,0
_Direct_0Km_CRI_I_23_127_Particle_on_Body_NSS_M_M_18_doc_txt__3__0,R0112,CRI/0 Km/Direct/0Km CRI.I. 23-127 Particle on Body NSS (M&M) ......18.doc.txt,3,31.08.2023,,False,Zinc phosphate,COATED,ZnP,explicit,Zinc phosphate,False,2,INTERNAL_ONLY,0,0
ct_0Km_CRI_I_23_150_Particle_At_V_Pc_V_Piston_M_M_25_doc_txt__2__0,R0114,CRI/0 Km/Direct/0Km CRI.I. 23-150 Particle At V.Pc.& V. Piston (M&M) ....25.doc.txt,2,29.09.2023,,False,--,UNKNOWN,,placeholder,100Cr6,False,2,INTERNAL_ONLY,3,5
ct_0Km_CRI_I_23_150_Particle_At_V_Pc_V_Piston_M_M_25_doc_txt__2__1,R0114,CRI/0 Km/Direct/0Km CRI.I. 23-150 Particle At V.Pc.& V. Piston (M&M) ....25.doc.txt,2,29.09.2023,,False,--,UNKNOWN,,placeholder,100Cr6,False,2,INTERNAL_ONLY,3,5
ct_0Km_CRI_I_23_150_Particle_At_V_Pc_V_Piston_M_M_25_doc_txt__2__2,R0114,CRI/0 Km/Direct/0Km CRI.I. 23-150 Particle At V.Pc.& V. Piston (M&M) ....25.doc.txt,2,29.09.2023,,False,--,UNKNOWN,,placeholder,100Cr6,False,2,INTERNAL_ONLY,3,5
ct_0Km_CRI_I_23_150_Particle_At_V_Pc_V_Piston_M_M_25_doc_txt__2__3,R0114,CRI/0 Km/Direct/0Km CRI.I. 23-150 Particle At V.Pc.& V. Piston (M&M) ....25.doc.txt,2,29.09.2023,,False,--,UNKNOWN,,placeholder,100Cr6,False,2,INTERNAL_ONLY,3,5
ct_0Km_CRI_I_23_150_Particle_At_V_Pc_V_Piston_M_M_25_doc_txt__3__0,R0114,CRI/0 Km/Direct/0Km CRI.I. 23-150 Particle At V.Pc.& V. Piston (M&M) ....25.doc.txt,3,29.09.2023,,False,ZnP,COATED,ZnP,explicit,Plain carbon,False,2,INTERNAL_ONLY,0,0
I_0_Km_Direct_0Km_CRI_I_24_27_Z_Hole_Particle_M_M_26_doc_txt__1__0,R0108,CRI/0 Km/Direct/0Km CRI.I 24-27 Z Hole Particle (M&M) ......26.doc.txt,1,04.03.2024,Z Hole of Valve Piece,False,ZnP,COATED,ZnP,explicit,Resulphurised,False,2,INTERNAL_ONLY,0,0
irect_0Km_CRI_I_23_150_Particle_in_Spray_Hole_M_M_15_doc_txt__1__0,R0115,CRI/0 Km/Direct/0Km CRI.I. 23-150 Particle in Spray Hole (M&M) ....15.doc.txt,1,03.10.2023,Spray Hole Of Nozzle,False,Nil,NONE,,explicit,"100Cr6 , ball",False,3,INTERNAL_ONLY,3,3
_Direct_0Km_CRI_I_23_111_Particle_in_Z_Hole_ISUZU_17_doc_txt__1__0,R0109,CRI/0 Km/Direct/0Km CRI.I. 23-111 Particle in Z Hole  (ISUZU) .....17.doc.txt,1,07.07.2023,Z Hole of Valve Piece,False,--,UNKNOWN,,placeholder,Cu-Sn,False,1,INTERNAL_ONLY,0,0
_Km_Indirect_0Km_CRI_I_23_53_B_F_Pin_Particle_M_M_17_doc_txt__1__0,R0123,CRI/0 Km/Indirect/0Km CRI.I. 23-53 B-F Pin Particle (M&M) .....17.doc.txt,1,18.04.2023,Bar Filter Pin,False,--,UNKNOWN,,placeholder,Non metallic,False,0,EXTERNAL_ONLY,0,0
ndirect_0Km_CRI_I_24_19_Particle_on_AH_Plate_SMIL_13_doc_txt__3__0,R0127,CRI/0 Km/Indirect/0Km CRI.I. 24-19 Particle on AH. Plate (SMIL) .....13.doc.txt,3,01.03.2024,,False,--,UNKNOWN,,placeholder,Plain carbon,False,2,MIXED,0,0
ndirect_0Km_CRI_I_24_19_Particle_on_AH_Plate_SMIL_13_doc_txt__4__0,R0127,CRI/0 Km/Indirect/0Km CRI.I. 24-19 Particle on AH. Plate (SMIL) .....13.doc.txt,4,01.03.2024,,False,--,UNKNOWN,,placeholder,Plain carbon,False,2,MIXED,0,0
rect_0Km_CRI_I_23_136_Particle_Bar_Filter_Pin_FML_04_doc_txt__1__0,R0120,CRI/0 Km/Indirect/0Km CRI.I. 23-136 Particle Bar Filter Pin (FML) ....04.doc.txt,1,08.09.2023,Particle On Bar Filter Pin,False,--,UNKNOWN,,placeholder,Refractory,False,0,UNRESOLVED,0,0
_Km_Indirect_0Km_CRI_I_23_53_NB_Seat_Particle_M_M_05_doc_txt__2__0,R0124,CRI/0 Km/Indirect/0Km CRI.I. 23-53 NB Seat Particle (M&M) .....05.doc.txt,2,18.04.2023,,False,--,UNKNOWN,,placeholder,Non metallic,False,0,EXTERNAL_ONLY,0,0
_Km_Indirect_0Km_CRI_I_23_53_NB_Seat_Particle_M_M_05_doc_txt__3__0,R0124,CRI/0 Km/Indirect/0Km CRI.I. 23-53 NB Seat Particle (M&M) .....05.doc.txt,3,18.04.2023,,False,--,UNKNOWN,,placeholder,Non metallic,False,0,EXTERNAL_ONLY,0,0
_Km_Indirect_0Km_CRI_I_23_53_NB_Seat_Particle_M_M_05_doc_txt__4__0,R0124,CRI/0 Km/Indirect/0Km CRI.I. 23-53 NB Seat Particle (M&M) .....05.doc.txt,4,18.04.2023,,False,--,UNKNOWN,,placeholder,Non metallic,False,0,EXTERNAL_ONLY,0,0
_Km_Indirect_0Km_CRI_I_23_53_NB_Seat_Particle_M_M_05_doc_txt__5__0,R0124,CRI/0 Km/Indirect/0Km CRI.I. 23-53 NB Seat Particle (M&M) .....05.doc.txt,5,18.04.2023,,False,--,UNKNOWN,,placeholder,Non metallic,False,0,EXTERNAL_ONLY,0,0
ect_0Km_CRI_I_23_111_Particle_on_Valve_Seat_ISUZU_02_doc_txt__1__0,R0117,CRI/0 Km/Indirect/0Km CRI.I. 23-111 Particle on Valve Seat (ISUZU) .....02.doc.txt,1,,Particle on Valve Piece Seat,False,Zn plating,COATED,Zn,explicit,Zn plating,False,0,UNRESOLVED,0,0
Km_Indirect_0Km_CRI_I_24_22_Particle_in_Body_SMLI_22_doc_txt__1__0,R0128,CRI/0 Km/Indirect/0Km CRI.I. 24-22 Particle in Body (SMLI) ....22.doc.txt,1,04.04.2024,Particle in Body,False,ZnP,COATED,ZnP,explicit,Plain carbon,False,2,INTERNAL_ONLY,0,0
Km_Indirect_0Km_CRI_I_24_22_Particle_in_Body_SMLI_22_doc_txt__2__0,R0128,CRI/0 Km/Indirect/0Km CRI.I. 24-22 Particle in Body (SMLI) ....22.doc.txt,2,04.04.2024,,False,ZnP,COATED,ZnP,explicit,Plain carbon,False,2,INTERNAL_ONLY,0,0
Indirect_0Km_CRI_I_23_123_Particle_on_IC_Stud_M_M_25_doc_txt__1__0,R0119,CRI/0 Km/Indirect/0Km CRI.I. 23-123 Particle on IC Stud (M&M) ....25.doc.txt,1,,IC Stud,False,Nil,NONE,,explicit,Aluminum alloy,False,0,UNRESOLVED,0,0
Indirect_0Km_CRI_I_23_123_Particle_on_IC_Stud_M_M_25_doc_txt__2__0,R0119,CRI/0 Km/Indirect/0Km CRI.I. 23-123 Particle on IC Stud (M&M) ....25.doc.txt,2,,,False,Nil,NONE,,explicit,5?CJ$OJQJaJ$hÍ*[,True,0,UNRESOLVED,0,0
_Km_Indirect_0Km_CRI_I_23_91_IC_Stud_Particle_M_M_18_doc_txt__1__0,R0125,CRI/0 Km/Indirect/0Km CRI.I. 23-91 IC Stud Particle (M&M) .....18.doc.txt,1,19.05.2023,IC Stud,False,Zn,COATED,Zn,explicit,Zn coated flake,False,0,EXTERNAL_ONLY,0,0
Indirect_0Km_CRI_I_23_50_Particle_on_Magnet_ISUZU_01_doc_txt__1__0,R0122,CRI/0 Km/Indirect/0Km CRI.I. 23-50 Particle on Magnet (ISUZU) ....01.doc.txt,1,28.03.2023,Magnet,False,,UNKNOWN,,missing,Non metallic,False,0,EXTERNAL_ONLY,0,0
irect_0Km_CRI_I_24_09_Particle_on_IC_Stud_CNH_TTF_19_doc_txt__1__0,R0126,CRI/0 Km/Indirect/0Km CRI.I. 24-09 Particle on IC Stud (CNH-TTF) .....19.doc.txt,1,12.02.2024,IC Stud,False,Zn,COATED,Zn,explicit,Zn Flake,False,0,EXTERNAL_ONLY,2,2
rect_0Km_CRI_I_23_162_Particle_on_Arm_Plate_ISUZU_09_doc_txt__1__0,R0121,CRI/0 Km/Indirect/0Km CRI.I. 23-162 Particle on Arm. Plate (ISUZU) ....09.doc.txt,1,02.11.2023,Armature Plate,False,--,UNKNOWN,,placeholder,Non,False,0,EXTERNAL_ONLY,0,0
_Indirect_0Km_CRI_I_23_121_Particle_in_Z_Hole_A_L_25_doc_txt__1__0,R0118,CRI/0 Km/Indirect/0Km CRI.I. 23-121 Particle in Z Hole (A.L.) ....25.doc.txt,1,28.07.2023,Z Hole of Valve Piece,False,,UNKNOWN,,missing,Plain C steel,False,1,MIXED,0,0
_Indirect_0Km_CRI_I_23_121_Particle_in_Z_Hole_A_L_25_doc_txt__4__0,R0118,CRI/0 Km/Indirect/0Km CRI.I. 23-121 Particle in Z Hole (A.L.) ....25.doc.txt,4,28.07.2023,,False,Nil,NONE,,explicit,Plain Carbon,False,4,INTERNAL_ONLY,2,2
_Indirect_0Km_CRI_I_24_27_Particle_in_IC_Stud_M_M_29_doc_txt__1__0,R0116,CRI/0 Km/Indirect/0Km CRI.I 24-27 Particle in IC Stud (M&M) ......29.doc.txt,1,04.03.2024,In IC Stud,False,Zn,COATED,Zn,explicit,Zn Flake,False,0,EXTERNAL_ONLY,3,3
_Indirect_0Km_CRI_I_24_27_Particle_in_IC_Stud_M_M_29_doc_txt__2__0,R0116,CRI/0 Km/Indirect/0Km CRI.I 24-27 Particle in IC Stud (M&M) ......29.doc.txt,2,04.03.2024,,False,Zn,COATED,Zn,explicit,Zn Flake,False,0,EXTERNAL_ONLY,0,0
_Indirect_0Km_CRI_I_24_27_Particle_in_IC_Stud_M_M_29_doc_txt__3__0,R0116,CRI/0 Km/Indirect/0Km CRI.I 24-27 Particle in IC Stud (M&M) ......29.doc.txt,3,04.03.2024,,False,Zn,COATED,Zn,explicit,Zn Flake,False,0,EXTERNAL_ONLY,1,1
