Sr No.,Spectrum,ComponentName,C,O,Al,Si,P,S,Cr,Mn,Ni,Pb,Fe,Mo,Cu,Sn,Zn,Au,K,N,Ca,V,W,Cl
1,1,Armature Bolt,2.77,0.59,0.0,0.22,0.0,0.0,1.73,0.25,0.0,0.0,94.44,0.0,0.0,0.0,0.0,0.0,0.0,0.0,0.0,0.0,0.0,0.0
2,2,Armature Bolt,2.42,0.47,0.0,0.28,0.0,0.0,1.72,0.25,0.0,0.0,94.86,0.0,0.0,0.0,0.0,0.0,0.0,0.0,0.0,0.0,0.0,0.0
3,3,Armature Bolt,2.77,0.77,0.0,0.36,0.0,0.0,1.67,0.29,0.0,0.0,94.14,0.0,0.0,0.0,0.0,0.0,0.0,0.0,0.0,0.0,0.0,0.0
4,4,Armature Bolt,2.23,0.49,0.0,0.26,0.0,0.0,1.79,0.27,0.0,0.0,94.96,0.0,0.0,0.0,0.0,0.0,0.0,0.0,0.0,0.0,0.0,0.0
5,5,Armature Bolt,3.27,0.47,0.0,0.19,0.0,0.0,1.65,0.28,0.0,0.0,94.14,0.0,0.0,0.0,0.0,0.0,0.0,0.0,0.0,0.0,0.0,0.0
6,6,Armature Bolt,2.53,0.37,0.0,0.22,0.0,0.0,1.51,0.35,0.0,0.0,95.02,0.0,0.0,0.0,0.0,0.0,0.0,0.0,0.0,0.0,0.0,0.0
7,7,Armature Bolt,1.86,0.6,0.0,0.27,0.0,0.0,1.6,0.27,0.0,0.0,95.4,0.0,0.0,0.0,0.0,0.0,0.0,0.0,0.0,0.0,0.0,0.0
8,8,Armature Bolt,2.42,0.45,0.0,0.33,0.0,0.0,1.6,0.29,0.0,0.0,94.91,0.0,0.0,0.0,0.0,0.0,0.0,0.0,0.0,0.0,0.0,0.0
9,9,Armature Bolt,2.4,0.4,0.0,0.27,0.0,0.0,1.78,0.26,0.0,0.0,94.89,0.0,0.0,0.0,0.0,0.0,0.0,0.0,0.0,0.0,0.0,0.0
10,10,Armature Bolt,2.18,0.5,0.0,0.21,0.0,0.0,1.63,0.26,0.0,0.0,95.22,0.0,0.0,0.0,0.0,0.0,0.0,0.0,0.0,0.0,0.0,0.0
11,11,Armature Bolt,2.13,0.47,0.0,0.27,0.0,0.0,1.69,0.28,0.0,0.0,95.16,0.0,0.0,0.0,0.0,0.0,0.0,0.0,0.0,0.0,0.0,0.0
12,12,Armature Bolt,2.78,0.5,0.0,0.3,0.0,0.0,1.69,0.26,0.0,0.0,94.47,0.0,0.0,0.0,0.0,0.0,0.0,0.0,0.0,0.0,0.0,0.0
13,13,Armature Bolt,2.3,0.48,0.0,0.24,0.0,0.0,1.58,0.32,0.0,0.0,95.08,0.0,0.0,0.0,0.0,0.0,0.0,0.0,0.0,0.0,0.0,0.0
14,14,Armature Bolt,2.2,0.42,0.0,0.17,0.0,0.0,1.74,0.22,0.0,0.0,95.25,0.0,0.0,0.0,0.0,0.0,0.0,0.0,0.0,0.0,0.0,0.0
15,15,Armature Bolt,2.66,0.46,0.0,0.23,0.0,0.0,1.62,0.25,0.0,0.0,94.78,0.0,0.0,0.0,0.0,0.0,0.0,0.0,0.0,0.0,0.0,0.0
16,16,Armature Bolt,3.02,0.57,0.0,0.23,0.0,0.0,1.8,0.28,0.0,0.0,94.1,0.0,0.0,0.0,0.0,0.0,0.0,0.0,0.0,0.0,0.0,0.0
17,17,Armature Bolt,2.03,0.61,0.0,0.2,0.0,0.0,1.55,0.25,0.0,0.0,95.36,0.0,0.0,0.0,0.0,0.0,0.0,0.0,0.0,0.0,0.0,0.0
18,18,Armature Bolt,2.58,0.59,0.0,0.28,0.0,0.0,1.75,0.3,0.0,0.0,94.5,0.0,0.0,0.0,0.0,0.0,0.0,0.0,0.0,0.0,0.0,0.0
19,19,Armature Bolt,2.55,0.6,0.0,0.28,0.0,0.0,1.5,0.31,0.0,0.0,94.76,0.0,0.0,0.0,0.0,0.0,0.0,0.0,0.0,0.0,0.0,0.0
20,20,Armature Bolt,2.22,0.43,0.0,0.23,0.0,0.0,1.63,0.24,0.0,0.0,95.25,0.0,0.0,0.0,0.0,0.0,0.0,0.0,0.0,0.0,0.0,0.0
21,21,Armature Bolt,2.24,0.55,0.0,0.23,0.0,0.0,1.46,0.29,0.0,0.0,95.23,0.0,0.0,0.0,0.0,0.0,0.0,0.0,0.0,0.0,0.0,0.0
22,22,Armature Bolt,2.54,0.5,0.0,0.25,0.0,0.0,1.84,0.21,0.0,0.0,94.66,0.0,0.0,0.0,0.0,0.0,0.0,0.0,0.0,0.0,0.0,0.0
23,23,Armature Bolt,2.4,0.53,0.0,0.26,0.0,0.0,1.64,0.26,0.0,0.0,94.91,0.0,0.0,0.0,0.0,0.0,0.0,0.0,0.0,0.0,0.0,0.0
24,24,Armature Bolt,2.6,0.47,0.0,0.26,0.0,0.0,1.45,0.27,0.0,0.0,94.95,0.0,0.0,0.0,0.0,0.0,0.0,0.0,0.0,0.0,0.0,0.0
25,25,Armature Bolt,2.85,0.46,0.0,0.27,0.0,0.0,1.76,0.29,0.0,0.0,94.37,0.0,0.0,0.0,0.0,0.0,0.0,0.0,0.0,0.0,0.0,0.0
26,26,Armature Bolt,2.34,0.48,0.0,0.26,0.0,0.0,1.85,0.25,0.0,0.0,94.82,0.0,0.0,0.0,0.0,0.0,0.0,0.0,0.0,0.0,0.0,0.0
27,27,Armature Bolt,2.18,0.5,0.0,0.23,0.0,0.0,1.72,0.3,0.0,0.0,95.07,0.0,0.0,0.0,0.0,0.0,0.0,0.0,0.0,0.0,0.0,0.0
28,28,Armature Bolt,2.2,0.53,0.0,0.27,0.0,0.0,1.67,0.27,0.0,0.0,95.06,0.0,0.0,0.0,0.0,0.0,0.0,0.0,0.0,0.0,0.0,0.0
29,29,Armature Bolt,2.57,0.48,0.0,0.25,0.0,0.0,1.5,0.25,0.0,0.0,94.95,0.0,0.0,0.0,0.0,0.0,0.0,0.0,0.0,0.0,0.0,0.0
30,30,Armature Bolt,2.76,0.56,0.0,0.26,0.0,0.0,1.78,0.24,0.0,0.0,94.4,0.0,0.0,0.0,0.0,0.0,0.0,0.0,0.0,0.0,0.0,0.0
31,31,Armature Bolt,2.14,0.51,0.0,0.28,0.0,0.0,1.81,0.29,0.0,0.0,94.97,0.0,0.0,0.0,0.0,0.0,0.0,0.0,0.0,0.0,0.0,0.0
32,32,Armature Bolt,3.01,0.43,0.0,0.25,0.0,0.0,1.54,0.28,0.0,0.0,94.49,0.0,0.0,0.0,0.0,0.0,0.0,0.0,0.0,0.0,0.0,0.0
33,33,Armature Bolt,2.17,0.62,0.0,0.21,0.0,0.0,1.66,0.26,0.0,0.0,95.08,0.0,0.0,0.0,0.0,0.0,0.0,0.0,0.0,0.0,0.0,0.0
34,34,Armature Bolt,3.04,0.52,0.0,0.24,0.0,0.0,1.51,0.21,0.0,0.0,94.48,0.0,0.0,0.0,0.0,0.0,0.0,0.0,0.0,0.0,0.0,0.0
35,35,Armature Bolt,2.76,0.59,0.0,0.28,0.0,0.0,1.52,0.26,0.0,0.0,94.59,0.0,0.0,0.0,0.0,0.0,0.0,0.0,0.0,0.0,0.0,0.0
36,36,Armature Bolt,2.62,0.61,0.0,0.28,0.0,0.0,1.89,0.31,0.0,0.0,94.29,0.0,0.0,0.0,0.0,0.0,0.0,0.0,0.0,0.0,0.0,0.0
37,37,Armature Bolt,2.8,0.47,0.0,0.25,0.0,0.0,1.82,0.22,0.0,0.0,94.44,0.0,0.0,0.0,0.0,0.0,0.0,0.0,0.0,0.0,0.0,0.0
38,38,Armature Bolt,2.38,0.46,0.0,0.18,0.0,0.0,1.87,0.26,0.0,0.0,94.85,0.0,0.0,0.0,0.0,0.0,0.0,0.0,0.0,0.0,0.0,0.0
39,39,Armature Bolt,2.57,0.51,0.0,0.26,0.0,0.0,1.91,0.28,0.0,0.0,94.47,0.0,0.0,0.0,0.0,0.0,0.0,0.0,0.0,0.0,0.0,0.0
40,40,Armature Bolt,2.64,0.51,0.0,0.31,0.0,0.0,1.51,0.26,0.0,0.0,94.77,0.0,0.0,0.0,0.0,0.0,0.0,0.0,0.0,0.0,0.0,0.0
41,41,Armature Bolt,2.66,0.4,0.0,0.26,0.0,0.0,1.48,0.21,0.0,0.0,94.99,0.0,0.0,0.0,0.0,0.0,0.0,0.0,0.0,0.0,0.0,0.0
42,42,Armature Bolt,2.24,0.54,0.0,0.28,0.0,0.0,1.6,0.25,0.0,0.0,95.09,0.0,0.0,0.0,0.0,0.0,0.0,0.0,0.0,0.0,0.0,0.0
43,43,Armature Bolt,2.13,0.45,0.0,0.27,0.0,0.0,1.51,0.32,0.0,0.0,95.32,0.0,0.0,0.0,0.0,0.0,0.0,0.0,0.0,0.0,0.0,0.0
44,44,Armature Bolt,2.74,0.49,0.0,0.19,0.0,0.0,1.41,0.24,0.0,0.0,94.93,0.0,0.0,0.0,0.0,0.0,0.0,0.0,0.0,0.0,0.0,0.0
45,45,Armature Bolt,2.42,0.53,0.0,0.25,0.0,0.0,1.49,0.27,0.0,0.0,95.04,0.0,0.0,0.0,0.0,0.0,0.0,0.0,0.0,0.0,0.0,0.0
46,46,Armature Bolt,2.52,0.45,0.0,0.19,0.0,0.0,1.57,0.23,0.0,0.0,95.04,0.0,0.0,0.0,0.0,0.0,0.0,0.0,0.0,0.0,0.0,0.0
47,47,Armature Bolt,2.25,0.46,0.0,0.22,0.0,0.0,1.64,0.23,0.0,0.0,95.2,0.0,0.0,0.0,0.0,0.0,0.0,0.0,0.0,0.0,0.0,0.0
48,48,Armature Bolt,2.49,0.61,0.0,0.25,0.0,0.0,1.71,0.25,0.0,0.0,94.69,0.0,0.0,0.0,0.0,0.0,0.0,0.0,0.0,0.0,0.0,0.0
49,49,Armature Bolt,3.09,0.4,0.0,0.31,0.0,0.0,2.0,0.26,0.0,0.0,93.94,0.0,0.0,0.0,0.0,0.0,0.0,0.0,0.0,0.0,0.0,0.0
50,50,Armature Bolt,2.36,0.56,0.0,0.28,0.0,0.0,1.55,0.25,0.0,0.0,95.0,0.0,0.0,0.0,0.0,0.0,0.0,0.0,0.0,0.0,0.0,0.0
51,51,Armature Bolt,2.27,0.44,0.0,0.27,0.0,0.0,1.44,0.3,0.0,0.0,95.28,0.0,0.0,0.0,0.0,0.0,0.0,0.0,0.0,0.0,0.0,0.0
52,52,Armature Bolt,2.23,0.49,0.0,0.27,0.0,0.0,1.8,0.21,0.0,0.0,95.0,0.0,0.0,0.0,0.0,0.0,0.0,0.0,0.0,0.0,0.0,0.0
53,53,Armature Bolt,2.48,0.5,0.0,0.28,0.0,0.0,1.72,0.31,0.0,0.0,94.71,0.0,0.0,0.0,0.0,0.0,0.0,0.0,0.0,0.0,0.0,0.0
54,54,Armature Bolt,2.94,0.52,0.0,0.24,0.0,0.0,1.87,0.25,0.0,0.0,94.18,0.0,0.0,0.0,0.0,0.0,0.0,0.0,0.0,0.0,0.0,0.0
55,55,Armature Bolt,2.52,0.61,0.0,0.3,0.0,0.0,1.72,0.26,0.0,0.0,94.59,0.0,0.0,0.0,0.0,0.0,0.0,0.0,0.0,0.0,0.0,0.0
56,56,Armature Bolt,2.31,0.47,0.0,0.24,0.0,0.0,1.82,0.24,0.0,0.0,94.92,0.0,0.0,0.0,0.0,0.0,0.0,0.0,0.0,0.0,0.0,0.0
57,57,Armature Bolt,2.73,0.45,0.0,0.27,0.0,0.0,1.63,0.33,0.0,0.0,94.59,0.0,0.0,0.0,0.0,0.0,0.0,0.0,0.0,0.0,0.0,0.0
58,58,Armature Bolt,2.94,0.53,0.0,0.2,0.0,0.0,1.6,0.27,0.0,0.0,94.46,0.0,0.0,0.0,0.0,0.0,0.0,0.0,0.0,0.0,0.0,0.0
59,59,Armature Bolt,2.17,0.47,0.0,0.24,0.0,0.0,1.69,0.29,0.0,0.0,95.14,0.0,0.0,0.0,0.0,0.0,0.0,0.0,0.0,0.0,0.0,0.0
60,60,Armature Bolt,3.06,0.42,0.0,0.24,0.0,0.0,1.81,0.25,0.0,0.0,94.22,0.0,0.0,0.0,0.0,0.0,0.0,0.0,0.0,0.0,0.0,0.0
61,61,Armature Bolt,2.06,0.45,0.0,0.23,0.0,0.0,1.52,0.22,0.0,0.0,95.52,0.0,0.0,0.0,0.0,0.0,0.0,0.0,0.0,0.0,0.0,0.0
62,62,Armature Bolt,2.42,0.43,0.0,0.26,0.0,0.0,1.62,0.26,0.0,0.0,95.01,0.0,0.0,0.0,0.0,0.0,0.0,0.0,0.0,0.0,0.0,0.0
63,63,Armature Bolt,2.85,0.49,0.0,0.28,0.0,0.0,1.72,0.32,0.0,0.0,94.34,0.0,0.0,0.0,0.0,0.0,0.0,0.0,0.0,0.0,0.0,0.0
64,64,Armature Bolt,2.52,0.62,0.0,0.29,0.0,0.0,1.71,0.29,0.0,0.0,94.57,0.0,0.0,0.0,0.0,0.0,0.0,0.0,0.0,0.0,0.0,0.0
65,65,Armature Bolt,2.81,0.55,0.0,0.22,0.0,0.0,1.61,0.22,0.0,0.0,94.59,0.0,0.0,0.0,0.0,0.0,0.0,0.0,0.0,0.0,0.0,0.0
66,66,Armature Bolt,2.75,0.46,0.0,0.26,0.0,0.0,1.75,0.34,0.0,0.0,94.44,0.0,0.0,0.0,0.0,0.0,0.0,0.0,0.0,0.0,0.0,0.0
67,67,Armature Bolt,2.51,0.43,0.0,0.27,0.0,0.0,1.31,0.25,0.0,0.0,95.23,0.0,0.0,0.0,0.0,0.0,0.0,0.0,0.0,0.0,0.0,0.0
68,68,Armature Bolt,2.68,0.55,0.0,0.25,0.0,0.0,1.67,0.25,0.0,0.0,94.6,0.0,0.0,0.0,0.0,0.0,0.0,0.0,0.0,0.0,0.0,0.0
69,69,Armature Bolt,2.42,0.5,0.0,0.25,0.0,0.0,1.54,0.25,0.0,0.0,95.04,0.0,0.0,0.0,0.0,0.0,0.0,0.0,0.0,0.0,0.0,0.0
70,70,Armature Bolt,2.94,0.5,0.0,0.23,0.0,0.0,1.65,0.22,0.0,0.0,94.46,0.0,0.0,0.0,0.0,0.0,0.0,0.0,0.0,0.0,0.0,0.0
71,71,Armature Bolt,2.42,0.55,0.0,0.24,0.0,0.0,1.77,0.26,0.0,0.0,94.76,0.0,0.0,0.0,0.0,0.0,0.0,0.0,0.0,0.0,0.0,0.0
72,72,Armature Bolt,2.83,0.52,0.0,0.24,0.0,0.0,1.5,0.33,0.0,0.0,94.58,0.0,0.0,0.0,0.0,0.0,0.0,0.0,0.0,0.0,0.0,0.0
73,73,Armature Bolt,2.84,0.54,0.0,0.2,0.0,0.0,1.74,0.24,0.0,0.0,94.44,0.0,0.0,0.0,0.0,0.0,0.0,0.0,0.0,0.0,0.0,0.0
74,74,Armature Bolt,2.67,0.55,0.0,0.27,0.0,0.0,1.76,0.31,0.0,0.0,94.44,0.0,0.0,0.0,0.0,0.0,0.0,0.0,0.0,0.0,0.0,0.0
75,75,Armature Bolt,2.87,0.57,0.0,0.3,0.0,0.0,1.85,0.33,0.0,0.0,94.08,0.0,0.0,0.0,0.0,0.0,0.0,0.0,0.0,0.0,0.0,0.0
76,76,Armature Bolt,2.95,0.46,0.0,0.31,0.0,0.0,1.5,0.26,0.0,0.0,94.52,0.0,0.0,0.0,0.0,0.0,0.0,0.0,0.0,0.0,0.0,0.0
77,77,Armature Bolt,2.56,0.55,0.0,0.25,0.0,0.0,1.67,0.22,0.0,0.0,94.75,0.0,0.0,0.0,0.0,0.0,0.0,0.0,0.0,0.0,0.0,0.0
78,78,Armature Bolt,2.5,0.39,0.0,0.27,0.0,0.0,1.52,0.27,0.0,0.0,95.05,0.0,0.0,0.0,0.0,0.0,0.0,0.0,0.0,0.0,0.0,0.0
79,79,Armature Bolt,3.27,0.47,0.0,0.31,0.0,0.0,1.45,0.26,0.0,0.0,94.24,0.0,0.0,0.0,0.0,0.0,0.0,0.0,0.0,0.0,0.0,0.0
80,80,Armature Bolt,2.67,0.46,0.0,0.21,0.0,0.0,1.58,0.25,0.0,0.0,94.83,0.0,0.0,0.0,0.0,0.0,0.0,0.0,0.0,0.0,0.0,0.0
81,81,Armature Bolt,2.57,0.46,0.0,0.24,0.0,0.0,1.4,0.25,0.0,0.0,95.08,0.0,0.0,0.0,0.0,0.0,0.0,0.0,0.0,0.0,0.0,0.0
82,82,Armature Bolt,2.92,0.51,0.0,0.26,0.0,0.0,1.69,0.3,0.0,0.0,94.32,0.0,0.0,0.0,0.0,0.0,0.0,0.0,0.0,0.0,0.0,0.0
83,83,Armature Bolt,2.41,0.43,0.0,0.29,0.0,0.0,1.56,0.24,0.0,0.0,95.07,0.0,0.0,0.0,0.0,0.0,0.0,0.0,0.0,0.0,0.0,0.0
84,84,Armature Bolt,2.59,0.52,0.0,0.26,0.0,0.0,1.62,0.24,0.0,0.0,94.77,0.0,0.0,0.0,0.0,0.0,0.0,0.0,0.0,0.0,0.0,0.0
85,85,Armature Bolt,2.65,0.53,0.0,0.26,0.0,0.0,1.66,0.32,0.0,0.0,94.58,0.0,0.0,0.0,0.0,0.0,0.0,0.0,0.0,0.0,0.0,0.0
86,86,Armature Bolt,3.05,0.53,0.0,0.22,0.0,0.0,1.71,0.28,0.0,0.0,94.21,0.0,0.0,0.0,0.0,0.0,0.0,0.0,0.0,0.0,0.0,0.0
87,87,Armature Bolt,2.39,0.45,0.0,0.26,0.0,0.0,1.86,0.27,0.0,0.0,94.77,0.0,0.0,0.0,0.0,0.0,0.0,0.0,0.0,0.0,0.0,0.0
88,88,Armature Bolt,2.5,0.41,0.0,0.32,0.0,0.0,1.79,0.25,0.0,0.0,94.73,0.0,0.0,0.0,0.0,0.0,0.0,0.0,0.0,0.0,0.0,0.0
89,89,Armature Bolt,2.91,0.47,0.0,0.27,0.0,0.0,1.82,0.26,0.0,0.0,94.27,0.0,0.0,0.0,0.0,0.0,0.0,0.0,0.0,0.0,0.0,0.0
90,90,Armature Bolt,2.6,0.64,0.0,0.23,0.0,0.0,1.63,0.26,0.0,0.0,94.64,0.0,0.0,0.0,0.0,0.0,0.0,0.0,0.0,0.0,0.0,0.0
91,91,Armature Bolt,2.79,0.62,0.0,0.22,0.0,0.0,1.96,0.39,0.0,0.0,94.02,0.0,0.0,0.0,0.0,0.0,0.0,0.0,0.0,0.0,0.0,0.0
92,92,Armature Bolt,2.79,0.49,0.0,0.27,0.0,0.0,1.7,0.29,0.0,0.0,94.46,0.0,0.0,0.0,0.0,0.0,0.0,0.0,0.0,0.0,0.0,0.0
93,93,Armature Bolt,2.37,0.5,0.0,0.29,0.0,0.0,1.7,0.29,0.0,0.0,94.85,0.0,0.0,0.0,0.0,0.0,0.0,0.0,0.0,0.0,0.0,0.0
94,94,Armature Bolt,2.74,0.54,0.0,0.25,0.0,0.0,1.41,0.23,0.0,0.0,94.83,0.0,0.0,0.0,0.0,0.0,0.0,0.0,0.0,0.0,0.0,0.0
95,95,Armature Bolt,2.47,0.49,0.0,0.28,0.0,0.0,1.78,0.26,0.0,0.0,94.72,0.0,0.0,0.0,0.0,0.0,0.0,0.0,0.0,0.0,0.0,0.0
96,96,Armature Bolt,2.39,0.42,0.0,0.36,0.0,0.0,1.78,0.31,0.0,0.0,94.74,0.0,0.0,0.0,0.0,0.0,0.0,0.0,0.0,0.0,0.0,0.0
97,97,Armature Bolt,3.11,0.6,0.0,0.28,0.0,0.0,1.86,0.3,0.0,0.0,93.85,0.0,0.0,0.0,0.0,0.0,0.0,0.0,0.0,0.0,0.0,0.0
98,98,Armature Bolt,2.63,0.52,0.0,0.22,0.0,0.0,1.57,0.21,0.0,0.0,94.85,0.0,0.0,0.0,0.0,0.0,0.0,0.0,0.0,0.0,0.0,0.0
99,99,Armature Bolt,2.45,0.53,0.0,0.23,0.0,0.0,1.8,0.33,0.0,0.0,94.66,0.0,0.0,0.0,0.0,0.0,0.0,0.0,0.0,0.0,0.0,0.0
100,100,Armature Bolt,3.22,0.55,0.0,0.23,0.0,0.0,1.84,0.3,0.0,0.0,93.86,0.0,0.0,0.0,0.0,0.0,0.0,0.0,0.0,0.0,0.0,0.0
101,1,Armature Guide,2.12,0.61,0.07,0.38,0.01,0.02,1.54,0.25,0.0,0.0,95.0,0.0,0.0,0.0,0.0,0.0,0.0,0.0,0.0,0.0,0.0,0.0
102,2,Armature Guide,2.27,0.48,0.09,0.36,0.01,0.02,1.62,0.21,0.0,0.0,94.94,0.0,0.0,0.0,0.0,0.0,0.0,0.0,0.0,0.0,0.0,0.0
103,3,Armature Guide,1.62,0.57,0.06,0.32,0.01,0.02,1.66,0.26,0.0,0.0,95.48,0.0,0.0,0.0,0.0,0.0,0.0,0.0,0.0,0.0,0.0,0.0
104,4,Armature Guide,2.08,0.46,0.08,0.35,0.01,0.02,1.69,0.23,0.0,0.0,95.08,0.0,0.0,0.0,0.0,0.0,0.0,0.0,0.0,0.0,0.0,0.0
105,5,Armature Guide,2.1,0.55,0.07,0.42,0.01,0.01,1.64,0.21,0.0,0.0,94.99,0.0,0.0,0.0,0.0,0.0,0.0,0.0,0.0,0.0,0.0,0.0
106,6,Armature Guide,2.04,0.5,0.08,0.35,0.01,0.02,1.46,0.28,0.0,0.0,95.26,0.0,0.0,0.0,0.0,0.0,0.0,0.0,0.0,0.0,0.0,0.0
107,7,Armature Guide,1.93,0.59,0.08,0.3,0.01,0.02,1.51,0.23,0.0,0.0,95.33,0.0,0.0,0.0,0.0,0.0,0.0,0.0,0.0,0.0,0.0,0.0
108,8,Armature Guide,1.91,0.5,0.09,0.37,0.01,0.02,1.7,0.26,0.0,0.0,95.14,0.0,0.0,0.0,0.0,0.0,0.0,0.0,0.0,0.0,0.0,0.0
109,9,Armature Guide,1.77,0.62,0.09,0.41,0.01,0.02,1.75,0.24,0.0,0.0,95.09,0.0,0.0,0.0,0.0,0.0,0.0,0.0,0.0,0.0,0.0,0.0
110,10,Armature Guide,2.06,0.64,0.09,0.36,0.01,0.02,1.64,0.25,0.0,0.0,94.93,0.0,0.0,0.0,0.0,0.0,0.0,0.0,0.0,0.0,0.0,0.0
111,11,Armature Guide,1.87,0.55,0.06,0.39,0.01,0.02,1.68,0.27,0.0,0.0,95.15,0.0,0.0,0.0,0.0,0.0,0.0,0.0,0.0,0.0,0.0,0.0
112,12,Armature Guide,1.83,0.48,0.09,0.35,0.01,0.02,1.71,0.22,0.0,0.0,95.29,0.0,0.0,0.0,0.0,0.0,0.0,0.0,0.0,0.0,0.0,0.0
113,13,Armature Guide,2.12,0.6,0.08,0.33,0.01,0.02,1.64,0.25,0.0,0.0,94.95,0.0,0.0,0.0,0.0,0.0,0.0,0.0,0.0,0.0,0.0,0.0
114,14,Armature Guide,2.0,0.48,0.08,0.36,0.01,0.02,1.66,0.28,0.0,0.0,95.11,0.0,0.0,0.0,0.0,0.0,0.0,0.0,0.0,0.0,0.0,0.0
115,15,Armature Guide,2.08,0.62,0.09,0.36,0.01,0.02,1.86,0.26,0.0,0.0,94.7,0.0,0.0,0.0,0.0,0.0,0.0,0.0,0.0,0.0,0.0,0.0
116,16,Armature Guide,2.53,0.53,0.08,0.37,0.01,0.02,1.8,0.23,0.0,0.0,94.43,0.0,0.0,0.0,0.0,0.0,0.0,0.0,0.0,0.0,0.0,0.0
117,17,Armature Guide,2.02,0.44,0.07,0.31,0.01,0.02,1.54,0.24,0.0,0.0,95.35,0.0,0.0,0.0,0.0,0.0,0.0,0.0,0.0,0.0,0.0,0.0
118,18,Armature Guide,2.36,0.56,0.09,0.35,0.01,0.02,1.6,0.2,0.0,0.0,94.81,0.0,0.0,0.0,0.0,0.0,0.0,0.0,0.0,0.0,0.0,0.0
119,19,Armature Guide,1.82,0.6,0.08,0.36,0.01,0.02,1.75,0.27,0.0,0.0,95.09,0.0,0.0,0.0,0.0,0.0,0.0,0.0,0.0,0.0,0.0,0.0
120,20,Armature Guide,1.85,0.62,0.07,0.35,0.01,0.02,1.52,0.25,0.0,0.0,95.31,0.0,0.0,0.0,0.0,0.0,0.0,0.0,0.0,0.0,0.0,0.0
121,21,Armature Guide,2.03,0.59,0.07,0.41,0.01,0.02,1.67,0.25,0.0,0.0,94.95,0.0,0.0,0.0,0.0,0.0,0.0,0.0,0.0,0.0,0.0,0.0
122,22,Armature Guide,2.12,0.61,0.08,0.34,0.01,0.02,1.77,0.27,0.0,0.0,94.78,0.0,0.0,0.0,0.0,0.0,0.0,0.0,0.0,0.0,0.0,0.0
123,23,Armature Guide,2.48,0.4,0.08,0.39,0.01,0.02,1.64,0.27,0.0,0.0,94.71,0.0,0.0,0.0,0.0,0.0,0.0,0.0,0.0,0.0,0.0,0.0
124,24,Armature Guide,2.04,0.51,0.08,0.34,0.01,0.01,1.43,0.22,0.0,0.0,95.36,0.0,0.0,0.0,0.0,0.0,0.0,0.0,0.0,0.0,0.0,0.0
125,25,Armature Guide,2.37,0.61,0.07,0.32,0.01,0.02,1.6,0.22,0.0,0.0,94.78,0.0,0.0,0.0,0.0,0.0,0.0,0.0,0.0,0.0,0.0,0.0
126,26,Armature Guide,1.98,0.52,0.07,0.32,0.01,0.02,1.59,0.29,0.0,0.0,95.2,0.0,0.0,0.0,0.0,0.0,0.0,0.0,0.0,0.0,0.0,0.0
127,27,Armature Guide,1.78,0.51,0.07,0.37,0.01,0.02,1.49,0.22,0.0,0.0,95.53,0.0,0.0,0.0,0.0,0.0,0.0,0.0,0.0,0.0,0.0,0.0
128,28,Armature Guide,2.46,0.68,0.09,0.34,0.01,0.02,1.75,0.31,0.0,0.0,94.34,0.0,0.0,0.0,0.0,0.0,0.0,0.0,0.0,0.0,0.0,0.0
129,29,Armature Guide,2.25,0.54,0.07,0.36,0.01,0.02,1.79,0.26,0.0,0.0,94.7,0.0,0.0,0.0,0.0,0.0,0.0,0.0,0.0,0.0,0.0,0.0
130,30,Armature Guide,2.18,0.47,0.08,0.37,0.01,0.02,1.6,0.26,0.0,0.0,95.01,0.0,0.0,0.0,0.0,0.0,0.0,0.0,0.0,0.0,0.0,0.0
131,31,Armature Guide,2.41,0.5,0.07,0.41,0.01,0.02,1.95,0.26,0.0,0.0,94.37,0.0,0.0,0.0,0.0,0.0,0.0,0.0,0.0,0.0,0.0,0.0
132,32,Armature Guide,1.61,0.45,0.1,0.31,0.01,0.02,1.68,0.23,0.0,0.0,95.59,0.0,0.0,0.0,0.0,0.0,0.0,0.0,0.0,0.0,0.0,0.0
133,33,Armature Guide,1.69,0.49,0.07,0.39,0.01,0.02,1.65,0.26,0.0,0.0,95.42,0.0,0.0,0.0,0.0,0.0,0.0,0.0,0.0,0.0,0.0,0.0
134,34,Armature Guide,2.22,0.5,0.08,0.37,0.01,0.01,1.54,0.22,0.0,0.0,95.05,0.0,0.0,0.0,0.0,0.0,0.0,0.0,0.0,0.0,0.0,0.0
135,35,Armature Guide,1.87,0.55,0.08,0.38,0.01,0.02,1.38,0.28,0.0,0.0,95.43,0.0,0.0,0.0,0.0,0.0,0.0,0.0,0.0,0.0,0.0,0.0
136,36,Armature Guide,2.04,0.54,0.08,0.43,0.01,0.02,1.71,0.27,0.0,0.0,94.9,0.0,0.0,0.0,0.0,0.0,0.0,0.0,0.0,0.0,0.0,0.0
137,37,Armature Guide,1.59,0.55,0.07,0.36,0.01,0.01,1.65,0.2,0.0,0.0,95.56,0.0,0.0,0.0,0.0,0.0,0.0,0.0,0.0,0.0,0.0,0.0
138,38,Armature Guide,2.15,0.59,0.1,0.39,0.01,0.02,1.69,0.21,0.0,0.0,94.84,0.0,0.0,0.0,0.0,0.0,0.0,0.0,0.0,0.0,0.0,0.0
139,39,Armature Guide,2.11,0.52,0.07,0.36,0.01,0.02,1.68,0.23,0.0,0.0,95.0,0.0,0.0,0.0,0.0,0.0,0.0,0.0,0.0,0.0,0.0,0.0
140,40,Armature Guide,2.25,0.54,0.08,0.31,0.01,0.02,1.84,0.25,0.0,0.0,94.7,0.0,0.0,0.0,0.0,0.0,0.0,0.0,0.0,0.0,0.0,0.0
141,41,Armature Guide,1.94,0.5,0.08,0.35,0.01,0.02,1.51,0.2,0.0,0.0,95.39,0.0,0.0,0.0,0.0,0.0,0.0,0.0,0.0,0.0,0.0,0.0
142,42,Armature Guide,1.98,0.44,0.1,0.38,0.01,0.02,1.38,0.31,0.0,0.0,95.38,0.0,0.0,0.0,0.0,0.0,0.0,0.0,0.0,0.0,0.0,0.0
143,43,Armature Guide,2.23,0.48,0.07,0.39,0.01,0.02,1.66,0.25,0.0,0.0,94.89,0.0,0.0,0.0,0.0,0.0,0.0,0.0,0.0,0.0,0.0,0.0
144,44,Armature Guide,2.34,0.52,0.06,0.41,0.01,0.02,1.59,0.31,0.0,0.0,94.74,0.0,0.0,0.0,0.0,0.0,0.0,0.0,0.0,0.0,0.0,0.0
145,45,Armature Guide,2.29,0.6,0.08,0.43,0.01,0.02,1.87,0.34,0.0,0.0,94.36,0.0,0.0,0.0,0.0,0.0,0.0,0.0,0.0,0.0,0.0,0.0
146,46,Armature Guide,2.36,0.54,0.09,0.35,0.01,0.02,1.59,0.22,0.0,0.0,94.82,0.0,0.0,0.0,0.0,0.0,0.0,0.0,0.0,0.0,0.0,0.0
147,47,Armature Guide,1.97,0.47,0.08,0.38,0.01,0.01,1.73,0.22,0.0,0.0,95.13,0.0,0.0,0.0,0.0,0.0,0.0,0.0,0.0,0.0,0.0,0.0
148,48,Armature Guide,1.96,0.6,0.07,0.41,0.01,0.02,1.86,0.22,0.0,0.0,94.85,0.0,0.0,0.0,0.0,0.0,0.0,0.0,0.0,0.0,0.0,0.0
149,49,Armature Guide,2.51,0.64,0.08,0.33,0.01,0.02,1.8,0.24,0.0,0.0,94.37,0.0,0.0,0.0,0.0,0.0,0.0,0.0,0.0,0.0,0.0,0.0
150,50,Armature Guide,1.87,0.56,0.07,0.41,0.01,0.02,1.58,0.23,0.0,0.0,95.25,0.0,0.0,0.0,0.0,0.0,0.0,0.0,0.0,0.0,0.0,0.0
151,51,Armature Guide,1.81,0.43,0.09,0.33,0.01,0.02,1.85,0.26,0.0,0.0,95.2,0.0,0.0,0.0,0.0,0.0,0.0,0.0,0.0,0.0,0.0,0.0
152,52,Armature Guide,2.36,0.53,0.09,0.34,0.01,0.02,1.76,0.27,0.0,0.0,94.62,0.0,0.0,0.0,0.0,0.0,0.0,0.0,0.0,0.0,0.0,0.0
153,53,Armature Guide,2.02,0.63,0.06,0.34,0.01,0.02,1.87,0.23,0.0,0.0,94.82,0.0,0.0,0.0,0.0,0.0,0.0,0.0,0.0,0.0,0.0,0.0
154,54,Armature Guide,2.05,0.53,0.1,0.37,0.01,0.02,1.66,0.23,0.0,0.0,95.03,0.0,0.0,0.0,0.0,0.0,0.0,0.0,0.0,0.0,0.0,0.0
155,55,Armature Guide,2.05,0.48,0.08,0.44,0.01,0.02,1.83,0.21,0.0,0.0,94.88,0.0,0.0,0.0,0.0,0.0,0.0,0.0,0.0,0.0,0.0,0.0
156,56,Armature Guide,2.4,0.5,0.07,0.35,0.01,0.02,1.67,0.27,0.0,0.0,94.71,0.0,0.0,0.0,0.0,0.0,0.0,0.0,0.0,0.0,0.0,0.0
157,57,Armature Guide,2.04,0.48,0.07,0.35,0.01,0.02,1.55,0.22,0.0,0.0,95.26,0.0,0.0,0.0,0.0,0.0,0.0,0.0,0.0,0.0,0.0,0.0
158,58,Armature Guide,2.18,0.69,0.08,0.36,0.01,0.02,1.64,0.21,0.0,0.0,94.81,0.0,0.0,0.0,0.0,0.0,0.0,0.0,0.0,0.0,0.0,0.0
159,59,Armature Guide,1.97,0.63,0.07,0.33,0.01,0.02,1.77,0.23,0.0,0.0,94.97,0.0,0.0,0.0,0.0,0.0,0.0,0.0,0.0,0.0,0.0,0.0
160,60,Armature Guide,2.34,0.54,0.07,0.32,0.01,0.02,1.69,0.22,0.0,0.0,94.79,0.0,0.0,0.0,0.0,0.0,0.0,0.0,0.0,0.0,0.0,0.0
161,61,Armature Guide,2.05,0.55,0.06,0.37,0.01,0.02,2.02,0.24,0.0,0.0,94.68,0.0,0.0,0.0,0.0,0.0,0.0,0.0,0.0,0.0,0.0,0.0
162,62,Armature Guide,2.19,0.58,0.08,0.4,0.01,0.02,1.56,0.2,0.0,0.0,94.96,0.0,0.0,0.0,0.0,0.0,0.0,0.0,0.0,0.0,0.0,0.0
163,63,Armature Guide,2.34,0.7,0.07,0.34,0.01,0.02,1.57,0.22,0.0,0.0,94.73,0.0,0.0,0.0,0.0,0.0,0.0,0.0,0.0,0.0,0.0,0.0
164,64,Armature Guide,1.94,0.57,0.07,0.41,0.01,0.02,1.76,0.27,0.0,0.0,94.95,0.0,0.0,0.0,0.0,0.0,0.0,0.0,0.0,0.0,0.0,0.0
165,65,Armature Guide,2.08,0.49,0.1,0.37,0.01,0.02,1.7,0.24,0.0,0.0,94.99,0.0,0.0,0.0,0.0,0.0,0.0,0.0,0.0,0.0,0.0,0.0
166,66,Armature Guide,2.57,0.53,0.09,0.39,0.01,0.01,1.79,0.26,0.0,0.0,94.35,0.0,0.0,0.0,0.0,0.0,0.0,0.0,0.0,0.0,0.0,0.0
167,67,Armature Guide,2.24,0.49,0.08,0.35,0.01,0.02,1.53,0.24,0.0,0.0,95.04,0.0,0.0,0.0,0.0,0.0,0.0,0.0,0.0,0.0,0.0,0.0
168,68,Armature Guide,1.8,0.56,0.08,0.41,0.01,0.02,1.58,0.2,0.0,0.0,95.34,0.0,0.0,0.0,0.0,0.0,0.0,0.0,0.0,0.0,0.0,0.0
169,69,Armature Guide,1.9,0.47,0.08,0.35,0.01,0.02,1.41,0.21,0.0,0.0,95.55,0.0,0.0,0.0,0.0,0.0,0.0,0.0,0.0,0.0,0.0,0.0
170,70,Armature Guide,2.35,0.58,0.09,0.32,0.01,0.02,1.94,0.22,0.0,0.0,94.47,0.0,0.0,0.0,0.0,0.0,0.0,0.0,0.0,0.0,0.0,0.0
171,71,Armature Guide,2.66,0.5,0.09,0.35,0.01,0.02,1.78,0.23,0.0,0.0,94.36,0.0,0.0,0.0,0.0,0.0,0.0,0.0,0.0,0.0,0.0,0.0
172,72,Armature Guide,2.34,0.47,0.08,0.28,0.01,0.01,1.54,0.2,0.0,0.0,95.07,0.0,0.0,0.0,0.0,0.0,0.0,0.0,0.0,0.0,0.0,0.0
173,73,Armature Guide,2.34,0.54,0.11,0.48,0.01,0.03,2.04,0.27,0.0,0.0,94.18,0.0,0.0,0.0,0.0,0.0,0.0,0.0,0.0,0.0,0.0,0.0
174,74,Armature Guide,1.57,0.56,0.07,0.36,0.01,0.02,1.75,0.25,0.0,0.0,95.41,0.0,0.0,0.0,0.0,0.0,0.0,0.0,0.0,0.0,0.0,0.0
175,75,Armature Guide,2.28,0.67,0.07,0.34,0.01,0.02,1.65,0.25,0.0,0.0,94.71,0.0,0.0,0.0,0.0,0.0,0.0,0.0,0.0,0.0,0.0,0.0
176,76,Armature Guide,2.25,0.53,0.08,0.42,0.01,0.02,1.63,0.23,0.0,0.0,94.83,0.0,0.0,0.0,0.0,0.0,0.0,0.0,0.0,0.0,0.0,0.0
177,77,Armature Guide,2.22,0.53,0.08,0.35,0.01,0.02,1.75,0.24,0.0,0.0,94.8,0.0,0.0,0.0,0.0,0.0,0.0,0.0,0.0,0.0,0.0,0.0
178,78,Armature Guide,1.67,0.56,0.08,0.37,0.01,0.02,1.61,0.22,0.0,0.0,95.46,0.0,0.0,0.0,0.0,0.0,0.0,0.0,0.0,0.0,0.0,0.0
179,79,Armature Guide,2.19,0.48,0.07,0.39,0.01,0.02,1.59,0.22,0.0,0.0,95.03,0.0,0.0,0.0,0.0,0.0,0.0,0.0,0.0,0.0,0.0,0.0
180,80,Armature Guide,2.26,0.59,0.08,0.42,0.01,0.02,1.8,0.2,0.0,0.0,94.62,0.0,0.0,0.0,0.0,0.0,0.0,0.0,0.0,0.0,0.0,0.0
181,81,Armature Guide,1.89,0.66,0.07,0.35,0.01,0.02,1.51,0.21,0.0,0.0,95.28,0.0,0.0,0.0,0.0,0.0,0.0,0.0,0.0,0.0,0.0,0.0
182,82,Armature Guide,2.41,0.47,0.07,0.34,0.01,0.02,1.53,0.24,0.0,0.0,94.91,0.0,0.0,0.0,0.0,0.0,0.0,0.0,0.0,0.0,0.0,0.0
183,83,Armature Guide,2.38,0.62,0.09,0.36,0.01,0.02,1.75,0.21,0.0,0.0,94.56,0.0,0.0,0.0,0.0,0.0,0.0,0.0,0.0,0.0,0.0,0.0
184,84,Armature Guide,2.22,0.54,0.08,0.39,0.01,0.02,1.78,0.24,0.0,0.0,94.72,0.0,0.0,0.0,0.0,0.0,0.0,0.0,0.0,0.0,0.0,0.0
185,85,Armature Guide,1.88,0.55,0.06,0.29,0.01,0.02,1.74,0.25,0.0,0.0,95.2,0.0,0.0,0.0,0.0,0.0,0.0,0.0,0.0,0.0,0.0,0.0
186,86,Armature Guide,2.24,0.55,0.08,0.36,0.01,0.02,1.54,0.24,0.0,0.0,94.96,0.0,0.0,0.0,0.0,0.0,0.0,0.0,0.0,0.0,0.0,0.0
187,87,Armature Guide,2.21,0.62,0.07,0.34,0.01,0.02,1.49,0.3,0.0,0.0,94.94,0.0,0.0,0.0,0.0,0.0,0.0,0.0,0.0,0.0,0.0,0.0
188,88,Armature Guide,1.96,0.53,0.08,0.34,0.01,0.02,1.63,0.28,0.0,0.0,95.15,0.0,0.0,0.0,0.0,0.0,0.0,0.0,0.0,0.0,0.0,0.0
189,89,Armature Guide,2.03,0.52,0.07,0.4,0.01,0.02,1.52,0.2,0.0,0.0,95.23,0.0,0.0,0.0,0.0,0.0,0.0,0.0,0.0,0.0,0.0,0.0
190,90,Armature Guide,2.39,0.54,0.08,0.37,0.01,0.02,1.62,0.25,0.0,0.0,94.72,0.0,0.0,0.0,0.0,0.0,0.0,0.0,0.0,0.0,0.0,0.0
191,91,Armature Guide,1.92,0.49,0.08,0.39,0.01,0.02,1.55,0.24,0.0,0.0,95.3,0.0,0.0,0.0,0.0,0.0,0.0,0.0,0.0,0.0,0.0,0.0
192,92,Armature Guide,1.86,0.58,0.08,0.36,0.01,0.02,1.77,0.21,0.0,0.0,95.11,0.0,0.0,0.0,0.0,0.0,0.0,0.0,0.0,0.0,0.0,0.0
193,93,Armature Guide,1.78,0.63,0.08,0.41,0.01,0.03,1.6,0.25,0.0,0.0,95.21,0.0,0.0,0.0,0.0,0.0,0.0,0.0,0.0,0.0,0.0,0.0
194,94,Armature Guide,2.18,0.6,0.08,0.36,0.01,0.02,1.74,0.23,0.0,0.0,94.78,0.0,0.0,0.0,0.0,0.0,0.0,0.0,0.0,0.0,0.0,0.0
195,95,Armature Guide,2.04,0.48,0.07,0.38,0.01,0.02,1.74,0.25,0.0,0.0,95.01,0.0,0.0,0.0,0.0,0.0,0.0,0.0,0.0,0.0,0.0,0.0
196,96,Armature Guide,2.49,0.49,0.07,0.31,0.01,0.02,1.54,0.25,0.0,0.0,94.82,0.0,0.0,0.0,0.0,0.0,0.0,0.0,0.0,0.0,0.0,0.0
197,97,Armature Guide,1.84,0.59,0.07,0.34,0.01,0.02,1.93,0.24,0.0,0.0,94.96,0.0,0.0,0.0,0.0,0.0,0.0,0.0,0.0,0.0,0.0,0.0
198,1,Armature Plate,0.73,0.7,0.05,0.41,0.01,0.01,1.77,0.4,0.0,0.0,95.92,0.0,0.0,0.0,0.0,0.0,0.0,0.0,0.0,0.0,0.0,0.0
199,2,Armature Plate,0.7,0.74,0.05,0.33,0.01,0.01,1.78,0.35,0.0,0.0,96.03,0.0,0.0,0.0,0.0,0.0,0.0,0.0,0.0,0.0,0.0,0.0
200,3,Armature Plate,0.86,0.77,0.05,0.34,0.01,0.01,1.93,0.32,0.0,0.0,95.71,0.0,0.0,0.0,0.0,0.0,0.0,0.0,0.0,0.0,0.0,0.0
201,4,Armature Plate,1.0,0.52,0.06,0.32,0.01,0.01,1.96,0.36,0.0,0.0,95.76,0.0,0.0,0.0,0.0,0.0,0.0,0.0,0.0,0.0,0.0,0.0
202,5,Armature Plate,0.76,0.61,0.06,0.31,0.01,0.01,1.66,0.39,0.0,0.0,96.19,0.0,0.0,0.0,0.0,0.0,0.0,0.0,0.0,0.0,0.0,0.0
203,6,Armature Plate,0.78,0.6,0.05,0.31,0.01,0.01,1.81,0.44,0.0,0.0,95.99,0.0,0.0,0.0,0.0,0.0,0.0,0.0,0.0,0.0,0.0,0.0
204,7,Armature Plate,0.69,0.65,0.06,0.3,0.01,0.01,1.65,0.27,0.0,0.0,96.36,0.0,0.0,0.0,0.0,0.0,0.0,0.0,0.0,0.0,0.0,0.0
205,8,Armature Plate,0.96,0.69,0.05,0.25,0.01,0.01,1.68,0.29,0.0,0.0,96.06,0.0,0.0,0.0,0.0,0.0,0.0,0.0,0.0,0.0,0.0,0.0
206,9,Armature Plate,0.73,0.58,0.06,0.32,0.02,0.01,1.55,0.4,0.0,0.0,96.33,0.0,0.0,0.0,0.0,0.0,0.0,0.0,0.0,0.0,0.0,0.0
207,10,Armature Plate,0.83,0.57,0.06,0.34,0.01,0.01,1.6,0.28,0.0,0.0,96.3,0.0,0.0,0.0,0.0,0.0,0.0,0.0,0.0,0.0,0.0,0.0
208,11,Armature Plate,0.84,0.66,0.05,0.31,0.01,0.01,1.7,0.33,0.0,0.0,96.09,0.0,0.0,0.0,0.0,0.0,0.0,0.0,0.0,0.0,0.0,0.0
209,12,Armature Plate,0.62,0.57,0.05,0.37,0.01,0.01,1.61,0.33,0.0,0.0,96.43,0.0,0.0,0.0,0.0,0.0,0.0,0.0,0.0,0.0,0.0,0.0
210,13,Armature Plate,0.97,0.67,0.04,0.35,0.01,0.01,1.54,0.33,0.0,0.0,96.08,0.0,0.0,0.0,0.0,0.0,0.0,0.0,0.0,0.0,0.0,0.0
211,14,Armature Plate,1.03,0.56,0.06,0.31,0.01,0.01,1.88,0.32,0.0,0.0,95.82,0.0,0.0,0.0,0.0,0.0,0.0,0.0,0.0,0.0,0.0,0.0
212,15,Armature Plate,0.72,0.69,0.05,0.3,0.01,0.01,1.5,0.37,0.0,0.0,96.35,0.0,0.0,0.0,0.0,0.0,0.0,0.0,0.0,0.0,0.0,0.0
213,16,Armature Plate,0.87,0.68,0.05,0.31,0.01,0.01,1.88,0.35,0.0,0.0,95.84,0.0,0.0,0.0,0.0,0.0,0.0,0.0,0.0,0.0,0.0,0.0
214,17,Armature Plate,0.73,0.66,0.06,0.29,0.01,0.01,1.43,0.33,0.0,0.0,96.48,0.0,0.0,0.0,0.0,0.0,0.0,0.0,0.0,0.0,0.0,0.0
215,18,Armature Plate,0.91,0.55,0.05,0.28,0.01,0.01,1.79,0.33,0.0,0.0,96.07,0.0,0.0,0.0,0.0,0.0,0.0,0.0,0.0,0.0,0.0,0.0
216,19,Armature Plate,0.7,0.67,0.06,0.28,0.01,0.01,1.79,0.33,0.0,0.0,96.15,0.0,0.0,0.0,0.0,0.0,0.0,0.0,0.0,0.0,0.0,0.0
217,20,Armature Plate,0.91,0.59,0.05,0.33,0.01,0.01,1.72,0.4,0.0,0.0,95.98,0.0,0.0,0.0,0.0,0.0,0.0,0.0,0.0,0.0,0.0,0.0
218,21,Armature Plate,0.6,0.5,0.05,0.3,0.01,0.01,1.68,0.37,0.0,0.0,96.48,0.0,0.0,0.0,0.0,0.0,0.0,0.0,0.0,0.0,0.0,0.0
219,22,Armature Plate,0.81,0.64,0.06,0.33,0.01,0.01,1.57,0.34,0.0,0.0,96.23,0.0,0.0,0.0,0.0,0.0,0.0,0.0,0.0,0.0,0.0,0.0
220,23,Armature Plate,0.91,0.59,0.05,0.28,0.01,0.01,1.68,0.33,0.0,0.0,96.14,0.0,0.0,0.0,0.0,0.0,0.0,0.0,0.0,0.0,0.0,0.0
221,24,Armature Plate,0.8,0.62,0.05,0.34,0.01,0.01,1.47,0.34,0.0,0.0,96.36,0.0,0.0,0.0,0.0,0.0,0.0,0.0,0.0,0.0,0.0,0.0
222,25,Armature Plate,0.88,0.59,0.07,0.28,0.01,0.01,1.73,0.42,0.0,0.0,96.01,0.0,0.0,0.0,0.0,0.0,0.0,0.0,0.0,0.0,0.0,0.0
223,26,Armature Plate,0.76,0.55,0.05,0.27,0.01,0.01,1.53,0.33,0.0,0.0,96.49,0.0,0.0,0.0,0.0,0.0,0.0,0.0,0.0,0.0,0.0,0.0
224,27,Armature Plate,0.92,0.71,0.06,0.28,0.01,0.01,1.68,0.41,0.0,0.0,95.92,0.0,0.0,0.0,0.0,0.0,0.0,0.0,0.0,0.0,0.0,0.0
225,28,Armature Plate,0.75,0.7,0.06,0.31,0.01,0.01,1.5,0.34,0.0,0.0,96.32,0.0,0.0,0.0,0.0,0.0,0.0,0.0,0.0,0.0,0.0,0.0
226,29,Armature Plate,0.74,0.69,0.05,0.37,0.01,0.01,1.96,0.35,0.0,0.0,95.82,0.0,0.0,0.0,0.0,0.0,0.0,0.0,0.0,0.0,0.0,0.0
227,30,Armature Plate,0.76,0.68,0.06,0.44,0.01,0.01,1.6,0.43,0.0,0.0,96.01,0.0,0.0,0.0,0.0,0.0,0.0,0.0,0.0,0.0,0.0,0.0
228,31,Armature Plate,0.94,0.66,0.06,0.33,0.01,0.01,1.69,0.38,0.0,0.0,95.92,0.0,0.0,0.0,0.0,0.0,0.0,0.0,0.0,0.0,0.0,0.0
229,32,Armature Plate,0.69,0.73,0.06,0.37,0.02,0.01,1.63,0.3,0.0,0.0,96.19,0.0,0.0,0.0,0.0,0.0,0.0,0.0,0.0,0.0,0.0,0.0
230,33,Armature Plate,0.79,0.59,0.05,0.42,0.02,0.01,1.92,0.37,0.0,0.0,95.83,0.0,0.0,0.0,0.0,0.0,0.0,0.0,0.0,0.0,0.0,0.0
231,34,Armature Plate,0.97,0.58,0.07,0.28,0.01,0.01,1.6,0.37,0.0,0.0,96.11,0.0,0.0,0.0,0.0,0.0,0.0,0.0,0.0,0.0,0.0,0.0
232,35,Armature Plate,0.65,0.51,0.05,0.27,0.01,0.01,1.77,0.3,0.0,0.0,96.43,0.0,0.0,0.0,0.0,0.0,0.0,0.0,0.0,0.0,0.0,0.0
233,36,Armature Plate,0.88,0.62,0.06,0.39,0.01,0.01,1.78,0.43,0.0,0.0,95.82,0.0,0.0,0.0,0.0,0.0,0.0,0.0,0.0,0.0,0.0,0.0
234,37,Armature Plate,0.68,0.56,0.05,0.33,0.01,0.01,1.86,0.23,0.0,0.0,96.27,0.0,0.0,0.0,0.0,0.0,0.0,0.0,0.0,0.0,0.0,0.0
235,38,Armature Plate,0.77,0.52,0.07,0.28,0.02,0.01,1.6,0.32,0.0,0.0,96.41,0.0,0.0,0.0,0.0,0.0,0.0,0.0,0.0,0.0,0.0,0.0
236,39,Armature Plate,0.79,0.6,0.05,0.31,0.01,0.01,1.46,0.28,0.0,0.0,96.49,0.0,0.0,0.0,0.0,0.0,0.0,0.0,0.0,0.0,0.0,0.0
237,40,Armature Plate,0.87,0.51,0.05,0.26,0.01,0.01,1.6,0.4,0.0,0.0,96.29,0.0,0.0,0.0,0.0,0.0,0.0,0.0,0.0,0.0,0.0,0.0
238,41,Armature Plate,0.82,0.52,0.04,0.29,0.01,0.01,1.58,0.29,0.0,0.0,96.44,0.0,0.0,0.0,0.0,0.0,0.0,0.0,0.0,0.0,0.0,0.0
239,42,Armature Plate,0.87,0.74,0.05,0.36,0.01,0.01,1.72,0.41,0.0,0.0,95.83,0.0,0.0,0.0,0.0,0.0,0.0,0.0,0.0,0.0,0.0,0.0
240,43,Armature Plate,0.69,0.53,0.06,0.32,0.01,0.01,1.56,0.38,0.0,0.0,96.44,0.0,0.0,0.0,0.0,0.0,0.0,0.0,0.0,0.0,0.0,0.0
241,44,Armature Plate,0.9,0.6,0.05,0.41,0.01,0.01,1.63,0.31,0.0,0.0,96.08,0.0,0.0,0.0,0.0,0.0,0.0,0.0,0.0,0.0,0.0,0.0
242,45,Armature Plate,0.81,0.67,0.07,0.38,0.02,0.01,1.64,0.29,0.0,0.0,96.11,0.0,0.0,0.0,0.0,0.0,0.0,0.0,0.0,0.0,0.0,0.0
243,46,Armature Plate,0.95,0.57,0.06,0.31,0.01,0.01,1.61,0.33,0.0,0.0,96.15,0.0,0.0,0.0,0.0,0.0,0.0,0.0,0.0,0.0,0.0,0.0
244,47,Armature Plate,0.82,0.73,0.07,0.26,0.01,0.01,1.56,0.27,0.0,0.0,96.27,0.0,0.0,0.0,0.0,0.0,0.0,0.0,0.0,0.0,0.0,0.0
245,48,Armature Plate,0.71,0.57,0.06,0.33,0.01,0.01,1.7,0.35,0.0,0.0,96.26,0.0,0.0,0.0,0.0,0.0,0.0,0.0,0.0,0.0,0.0,0.0
246,49,Armature Plate,0.89,0.57,0.05,0.27,0.01,0.01,1.7,0.3,0.0,0.0,96.2,0.0,0.0,0.0,0.0,0.0,0.0,0.0,0.0,0.0,0.0,0.0
247,50,Armature Plate,0.72,0.65,0.06,0.39,0.01,0.01,1.72,0.27,0.0,0.0,96.17,0.0,0.0,0.0,0.0,0.0,0.0,0.0,0.0,0.0,0.0,0.0
248,51,Armature Plate,0.86,0.72,0.05,0.36,0.01,0.01,1.81,0.3,0.0,0.0,95.88,0.0,0.0,0.0,0.0,0.0,0.0,0.0,0.0,0.0,0.0,0.0
249,52,Armature Plate,0.66,0.74,0.06,0.37,0.02,0.01,1.8,0.36,0.0,0.0,95.98,0.0,0.0,0.0,0.0,0.0,0.0,0.0,0.0,0.0,0.0,0.0
250,53,Armature Plate,0.95,0.54,0.06,0.33,0.01,0.01,1.84,0.33,0.0,0.0,95.93,0.0,0.0,0.0,0.0,0.0,0.0,0.0,0.0,0.0,0.0,0.0
251,54,Armature Plate,0.78,0.61,0.06,0.26,0.01,0.01,1.67,0.37,0.0,0.0,96.23,0.0,0.0,0.0,0.0,0.0,0.0,0.0,0.0,0.0,0.0,0.0
252,55,Armature Plate,0.99,0.54,0.05,0.26,0.01,0.01,1.69,0.27,0.0,0.0,96.18,0.0,0.0,0.0,0.0,0.0,0.0,0.0,0.0,0.0,0.0,0.0
253,56,Armature Plate,0.78,0.65,0.05,0.31,0.01,0.01,1.64,0.3,0.0,0.0,96.25,0.0,0.0,0.0,0.0,0.0,0.0,0.0,0.0,0.0,0.0,0.0
254,57,Armature Plate,0.69,0.66,0.06,0.36,0.01,0.01,1.84,0.28,0.0,0.0,96.09,0.0,0.0,0.0,0.0,0.0,0.0,0.0,0.0,0.0,0.0,0.0
255,58,Armature Plate,0.81,0.87,0.05,0.31,0.01,0.01,1.81,0.37,0.0,0.0,95.76,0.0,0.0,0.0,0.0,0.0,0.0,0.0,0.0,0.0,0.0,0.0
256,59,Armature Plate,0.88,0.68,0.07,0.31,0.01,0.01,1.78,0.33,0.0,0.0,95.93,0.0,0.0,0.0,0.0,0.0,0.0,0.0,0.0,0.0,0.0,0.0
257,60,Armature Plate,0.8,0.62,0.05,0.26,0.01,0.01,1.73,0.28,0.0,0.0,96.24,0.0,0.0,0.0,0.0,0.0,0.0,0.0,0.0,0.0,0.0,0.0
258,61,Armature Plate,0.83,0.67,0.06,0.3,0.01,0.01,1.56,0.35,0.0,0.0,96.21,0.0,0.0,0.0,0.0,0.0,0.0,0.0,0.0,0.0,0.0,0.0
259,62,Armature Plate,0.79,0.6,0.05,0.35,0.01,0.01,1.84,0.27,0.0,0.0,96.08,0.0,0.0,0.0,0.0,0.0,0.0,0.0,0.0,0.0,0.0,0.0
260,63,Armature Plate,0.89,0.56,0.07,0.27,0.01,0.01,1.77,0.29,0.0,0.0,96.13,0.0,0.0,0.0,0.0,0.0,0.0,0.0,0.0,0.0,0.0,0.0
261,64,Armature Plate,0.78,0.73,0.06,0.35,0.01,0.01,1.91,0.3,0.0,0.0,95.85,0.0,0.0,0.0,0.0,0.0,0.0,0.0,0.0,0.0,0.0,0.0
262,65,Armature Plate,0.89,0.77,0.06,0.33,0.01,0.01,1.63,0.32,0.0,0.0,95.98,0.0,0.0,0.0,0.0,0.0,0.0,0.0,0.0,0.0,0.0,0.0
263,66,Armature Plate,0.78,0.66,0.06,0.27,0.01,0.01,1.76,0.38,0.0,0.0,96.07,0.0,0.0,0.0,0.0,0.0,0.0,0.0,0.0,0.0,0.0,0.0
264,67,Armature Plate,0.75,0.5,0.05,0.29,0.01,0.01,1.84,0.3,0.0,0.0,96.25,0.0,0.0,0.0,0.0,0.0,0.0,0.0,0.0,0.0,0.0,0.0
265,68,Armature Plate,0.95,0.54,0.05,0.29,0.01,0.01,1.53,0.25,0.0,0.0,96.37,0.0,0.0,0.0,0.0,0.0,0.0,0.0,0.0,0.0,0.0,0.0
266,69,Armature Plate,0.78,0.59,0.05,0.35,0.01,0.01,1.56,0.35,0.0,0.0,96.3,0.0,0.0,0.0,0.0,0.0,0.0,0.0,0.0,0.0,0.0,0.0
267,70,Armature Plate,0.73,0.66,0.06,0.24,0.01,0.01,1.39,0.42,0.0,0.0,96.48,0.0,0.0,0.0,0.0,0.0,0.0,0.0,0.0,0.0,0.0,0.0
268,71,Armature Plate,0.74,0.7,0.06,0.32,0.01,0.01,1.64,0.3,0.0,0.0,96.22,0.0,0.0,0.0,0.0,0.0,0.0,0.0,0.0,0.0,0.0,0.0
269,72,Armature Plate,0.89,0.52,0.06,0.31,0.01,0.01,1.61,0.32,0.0,0.0,96.27,0.0,0.0,0.0,0.0,0.0,0.0,0.0,0.0,0.0,0.0,0.0
270,73,Armature Plate,0.79,0.6,0.05,0.28,0.01,0.01,1.75,0.33,0.0,0.0,96.18,0.0,0.0,0.0,0.0,0.0,0.0,0.0,0.0,0.0,0.0,0.0
271,74,Armature Plate,0.83,0.6,0.05,0.34,0.01,0.01,1.8,0.32,0.0,0.0,96.04,0.0,0.0,0.0,0.0,0.0,0.0,0.0,0.0,0.0,0.0,0.0
272,75,Armature Plate,0.86,0.65,0.04,0.29,0.01,0.01,1.57,0.33,0.0,0.0,96.24,0.0,0.0,0.0,0.0,0.0,0.0,0.0,0.0,0.0,0.0,0.0
273,76,Armature Plate,0.68,0.67,0.06,0.33,0.01,0.01,1.78,0.31,0.0,0.0,96.15,0.0,0.0,0.0,0.0,0.0,0.0,0.0,0.0,0.0,0.0,0.0
274,77,Armature Plate,0.65,0.63,0.05,0.32,0.01,0.01,1.41,0.33,0.0,0.0,96.59,0.0,0.0,0.0,0.0,0.0,0.0,0.0,0.0,0.0,0.0,0.0
275,78,Armature Plate,0.79,0.82,0.06,0.33,0.01,0.01,1.77,0.4,0.0,0.0,95.81,0.0,0.0,0.0,0.0,0.0,0.0,0.0,0.0,0.0,0.0,0.0
276,79,Armature Plate,0.67,0.62,0.06,0.23,0.01,0.01,1.76,0.37,0.0,0.0,96.27,0.0,0.0,0.0,0.0,0.0,0.0,0.0,0.0,0.0,0.0,0.0
277,80,Armature Plate,0.81,0.52,0.05,0.33,0.01,0.01,1.57,0.4,0.0,0.0,96.3,0.0,0.0,0.0,0.0,0.0,0.0,0.0,0.0,0.0,0.0,0.0
278,81,Armature Plate,0.81,0.59,0.05,0.28,0.01,0.01,1.75,0.39,0.0,0.0,96.11,0.0,0.0,0.0,0.0,0.0,0.0,0.0,0.0,0.0,0.0,0.0
279,82,Armature Plate,0.76,0.72,0.05,0.3,0.01,0.01,1.82,0.37,0.0,0.0,95.96,0.0,0.0,0.0,0.0,0.0,0.0,0.0,0.0,0.0,0.0,0.0
280,83,Armature Plate,0.78,0.61,0.05,0.28,0.01,0.01,1.56,0.33,0.0,0.0,96.37,0.0,0.0,0.0,0.0,0.0,0.0,0.0,0.0,0.0,0.0,0.0
281,84,Armature Plate,0.77,0.65,0.05,0.33,0.01,0.01,1.81,0.38,0.0,0.0,95.99,0.0,0.0,0.0,0.0,0.0,0.0,0.0,0.0,0.0,0.0,0.0
282,85,Armature Plate,0.98,0.61,0.06,0.33,0.01,0.01,1.63,0.42,0.0,0.0,95.95,0.0,0.0,0.0,0.0,0.0,0.0,0.0,0.0,0.0,0.0,0.0
283,86,Armature Plate,0.65,0.64,0.07,0.24,0.01,0.01,1.64,0.32,0.0,0.0,96.42,0.0,0.0,0.0,0.0,0.0,0.0,0.0,0.0,0.0,0.0,0.0
284,87,Armature Plate,0.91,0.7,0.05,0.27,0.01,0.01,1.66,0.41,0.0,0.0,95.98,0.0,0.0,0.0,0.0,0.0,0.0,0.0,0.0,0.0,0.0,0.0
285,88,Armature Plate,0.86,0.55,0.06,0.38,0.01,0.01,1.44,0.33,0.0,0.0,96.36,0.0,0.0,0.0,0.0,0.0,0.0,0.0,0.0,0.0,0.0,0.0
286,89,Armature Plate,0.85,0.69,0.04,0.26,0.01,0.01,1.67,0.3,0.0,0.0,96.17,0.0,0.0,0.0,0.0,0.0,0.0,0.0,0.0,0.0,0.0,0.0
287,90,Armature Plate,0.72,0.69,0.05,0.28,0.01,0.01,1.6,0.39,0.0,0.0,96.25,0.0,0.0,0.0,0.0,0.0,0.0,0.0,0.0,0.0,0.0,0.0
288,91,Armature Plate,0.73,0.61,0.06,0.34,0.01,0.01,1.57,0.29,0.0,0.0,96.38,0.0,0.0,0.0,0.0,0.0,0.0,0.0,0.0,0.0,0.0,0.0
289,92,Armature Plate,0.82,0.45,0.05,0.33,0.01,0.01,1.52,0.3,0.0,0.0,96.51,0.0,0.0,0.0,0.0,0.0,0.0,0.0,0.0,0.0,0.0,0.0
290,93,Armature Plate,0.84,0.6,0.06,0.28,0.01,0.01,1.78,0.32,0.0,0.0,96.1,0.0,0.0,0.0,0.0,0.0,0.0,0.0,0.0,0.0,0.0,0.0
291,94,Armature Plate,0.77,0.67,0.05,0.25,0.01,0.01,1.92,0.29,0.0,0.0,96.03,0.0,0.0,0.0,0.0,0.0,0.0,0.0,0.0,0.0,0.0,0.0
292,95,Armature Plate,0.75,0.68,0.06,0.26,0.01,0.01,1.79,0.37,0.0,0.0,96.07,0.0,0.0,0.0,0.0,0.0,0.0,0.0,0.0,0.0,0.0,0.0
293,96,Armature Plate,0.87,0.64,0.04,0.25,0.01,0.01,1.61,0.32,0.0,0.0,96.25,0.0,0.0,0.0,0.0,0.0,0.0,0.0,0.0,0.0,0.0,0.0
294,97,Armature Plate,0.71,0.73,0.06,0.38,0.01,0.01,1.56,0.33,0.0,0.0,96.21,0.0,0.0,0.0,0.0,0.0,0.0,0.0,0.0,0.0,0.0,0.0
295,98,Armature Plate,0.81,0.64,0.06,0.27,0.01,0.01,1.55,0.35,0.0,0.0,96.3,0.0,0.0,0.0,0.0,0.0,0.0,0.0,0.0,0.0,0.0,0.0
296,99,Armature Plate,0.71,0.53,0.06,0.3,0.01,0.01,1.38,0.4,0.0,0.0,96.6,0.0,0.0,0.0,0.0,0.0,0.0,0.0,0.0,0.0,0.0,0.0
297,100,Armature Plate,0.85,0.62,0.06,0.32,0.02,0.01,1.59,0.36,0.0,0.0,96.17,0.0,0.0,0.0,0.0,0.0,0.0,0.0,0.0,0.0,0.0,0.0
298,101,Armature Plate,0.88,0.57,0.07,0.29,0.01,0.01,1.66,0.3,0.0,0.0,96.21,0.0,0.0,0.0,0.0,0.0,0.0,0.0,0.0,0.0,0.0,0.0
299,102,Armature Plate,0.89,0.51,0.06,0.33,0.01,0.01,1.7,0.29,0.0,0.0,96.2,0.0,0.0,0.0,0.0,0.0,0.0,0.0,0.0,0.0,0.0,0.0
300,103,Armature Plate,0.85,0.51,0.06,0.29,0.01,0.01,1.69,0.39,0.0,0.0,96.19,0.0,0.0,0.0,0.0,0.0,0.0,0.0,0.0,0.0,0.0,0.0
301,104,Armature Plate,0.91,0.7,0.05,0.32,0.01,0.01,1.91,0.32,0.0,0.0,95.77,0.0,0.0,0.0,0.0,0.0,0.0,0.0,0.0,0.0,0.0,0.0
302,105,Armature Plate,0.78,0.57,0.05,0.34,0.01,0.01,1.63,0.3,0.0,0.0,96.31,0.0,0.0,0.0,0.0,0.0,0.0,0.0,0.0,0.0,0.0,0.0
303,1,Armature Shim,1.3,0.66,0.21,0.21,0.0,0.0,0.29,0.6,0.0,0.0,96.73,0.0,0.0,0.0,0.0,0.0,0.0,0.0,0.0,0.0,0.0,0.0
304,2,Armature Shim,1.63,0.95,0.21,0.21,0.0,0.0,0.46,0.71,0.0,0.0,95.83,0.0,0.0,0.0,0.0,0.0,0.0,0.0,0.0,0.0,0.0,0.0
305,3,Armature Shim,1.24,0.69,0.19,0.15,0.0,0.0,0.34,0.62,0.0,0.0,96.77,0.0,0.0,0.0,0.0,0.0,0.0,0.0,0.0,0.0,0.0,0.0
306,4,Armature Shim,1.35,0.79,0.17,0.17,0.0,0.0,0.35,0.68,0.0,0.0,96.49,0.0,0.0,0.0,0.0,0.0,0.0,0.0,0.0,0.0,0.0,0.0
307,5,Armature Shim,1.6,0.58,0.2,0.21,0.0,0.0,0.38,0.74,0.0,0.0,96.29,0.0,0.0,0.0,0.0,0.0,0.0,0.0,0.0,0.0,0.0,0.0
308,6,Armature Shim,1.53,0.68,0.2,0.17,0.0,0.0,0.36,0.61,0.0,0.0,96.45,0.0,0.0,0.0,0.0,0.0,0.0,0.0,0.0,0.0,0.0,0.0
309,7,Armature Shim,1.79,0.69,0.2,0.19,0.0,0.0,0.32,0.72,0.0,0.0,96.09,0.0,0.0,0.0,0.0,0.0,0.0,0.0,0.0,0.0,0.0,0.0
310,8,Armature Shim,1.22,0.7,0.17,0.21,0.0,0.0,0.31,0.55,0.0,0.0,96.84,0.0,0.0,0.0,0.0,0.0,0.0,0.0,0.0,0.0,0.0,0.0
311,9,Armature Shim,1.38,0.57,0.19,0.2,0.0,0.0,0.36,0.8,0.0,0.0,96.5,0.0,0.0,0.0,0.0,0.0,0.0,0.0,0.0,0.0,0.0,0.0
312,10,Armature Shim,1.72,0.85,0.15,0.23,0.0,0.0,0.31,0.65,0.0,0.0,96.09,0.0,0.0,0.0,0.0,0.0,0.0,0.0,0.0,0.0,0.0,0.0
313,11,Armature Shim,1.7,0.64,0.17,0.24,0.0,0.0,0.41,0.7,0.0,0.0,96.14,0.0,0.0,0.0,0.0,0.0,0.0,0.0,0.0,0.0,0.0,0.0
314,12,Armature Shim,1.51,0.68,0.2,0.18,0.0,0.0,0.36,0.64,0.0,0.0,96.43,0.0,0.0,0.0,0.0,0.0,0.0,0.0,0.0,0.0,0.0,0.0
315,13,Armature Shim,1.56,0.74,0.2,0.18,0.0,0.0,0.36,0.61,0.0,0.0,96.35,0.0,0.0,0.0,0.0,0.0,0.0,0.0,0.0,0.0,0.0,0.0
316,14,Armature Shim,1.74,0.79,0.24,0.19,0.0,0.0,0.46,0.69,0.0,0.0,95.89,0.0,0.0,0.0,0.0,0.0,0.0,0.0,0.0,0.0,0.0,0.0
317,15,Armature Shim,1.44,0.71,0.19,0.18,0.0,0.0,0.37,0.73,0.0,0.0,96.38,0.0,0.0,0.0,0.0,0.0,0.0,0.0,0.0,0.0,0.0,0.0
318,16,Armature Shim,1.96,0.6,0.18,0.22,0.0,0.0,0.35,0.68,0.0,0.0,96.01,0.0,0.0,0.0,0.0,0.0,0.0,0.0,0.0,0.0,0.0,0.0
319,17,Armature Shim,1.34,0.79,0.17,0.21,0.0,0.0,0.44,0.68,0.0,0.0,96.37,0.0,0.0,0.0,0.0,0.0,0.0,0.0,0.0,0.0,0.0,0.0
320,18,Armature Shim,1.6,0.6,0.21,0.16,0.0,0.0,0.4,0.78,0.0,0.0,96.25,0.0,0.0,0.0,0.0,0.0,0.0,0.0,0.0,0.0,0.0,0.0
321,19,Armature Shim,1.23,0.86,0.14,0.25,0.0,0.0,0.49,0.83,0.0,0.0,96.2,0.0,0.0,0.0,0.0,0.0,0.0,0.0,0.0,0.0,0.0,0.0
322,20,Armature Shim,1.23,0.57,0.15,0.18,0.0,0.0,0.4,0.72,0.0,0.0,96.75,0.0,0.0,0.0,0.0,0.0,0.0,0.0,0.0,0.0,0.0,0.0
323,21,Armature Shim,1.45,0.75,0.17,0.16,0.0,0.0,0.36,0.76,0.0,0.0,96.35,0.0,0.0,0.0,0.0,0.0,0.0,0.0,0.0,0.0,0.0,0.0
324,22,Armature Shim,1.45,0.67,0.17,0.22,0.0,0.0,0.41,0.65,0.0,0.0,96.43,0.0,0.0,0.0,0.0,0.0,0.0,0.0,0.0,0.0,0.0,0.0
325,23,Armature Shim,1.44,0.61,0.16,0.23,0.0,0.0,0.34,0.61,0.0,0.0,96.61,0.0,0.0,0.0,0.0,0.0,0.0,0.0,0.0,0.0,0.0,0.0
326,24,Armature Shim,1.39,0.69,0.21,0.19,0.0,0.0,0.32,0.64,0.0,0.0,96.56,0.0,0.0,0.0,0.0,0.0,0.0,0.0,0.0,0.0,0.0,0.0
327,25,Armature Shim,1.46,0.74,0.19,0.16,0.0,0.0,0.42,0.64,0.0,0.0,96.39,0.0,0.0,0.0,0.0,0.0,0.0,0.0,0.0,0.0,0.0,0.0
328,26,Armature Shim,1.84,0.76,0.17,0.22,0.0,0.0,0.41,0.69,0.0,0.0,95.91,0.0,0.0,0.0,0.0,0.0,0.0,0.0,0.0,0.0,0.0,0.0
329,27,Armature Shim,1.64,0.7,0.2,0.2,0.0,0.0,0.35,0.63,0.0,0.0,96.28,0.0,0.0,0.0,0.0,0.0,0.0,0.0,0.0,0.0,0.0,0.0
330,28,Armature Shim,1.29,0.55,0.17,0.2,0.0,0.0,0.41,0.81,0.0,0.0,96.57,0.0,0.0,0.0,0.0,0.0,0.0,0.0,0.0,0.0,0.0,0.0
331,29,Armature Shim,1.68,0.59,0.19,0.19,0.0,0.0,0.38,0.69,0.0,0.0,96.28,0.0,0.0,0.0,0.0,0.0,0.0,0.0,0.0,0.0,0.0,0.0
332,30,Armature Shim,1.42,0.72,0.15,0.2,0.0,0.0,0.39,0.59,0.0,0.0,96.53,0.0,0.0,0.0,0.0,0.0,0.0,0.0,0.0,0.0,0.0,0.0
333,31,Armature Shim,1.29,0.67,0.22,0.2,0.0,0.0,0.36,0.77,0.0,0.0,96.49,0.0,0.0,0.0,0.0,0.0,0.0,0.0,0.0,0.0,0.0,0.0
334,32,Armature Shim,1.6,0.72,0.17,0.21,0.0,0.0,0.39,0.64,0.0,0.0,96.27,0.0,0.0,0.0,0.0,0.0,0.0,0.0,0.0,0.0,0.0,0.0
335,33,Armature Shim,1.22,0.89,0.16,0.23,0.0,0.0,0.35,0.66,0.0,0.0,96.49,0.0,0.0,0.0,0.0,0.0,0.0,0.0,0.0,0.0,0.0,0.0
336,34,Armature Shim,1.44,0.66,0.2,0.25,0.0,0.0,0.29,0.7,0.0,0.0,96.46,0.0,0.0,0.0,0.0,0.0,0.0,0.0,0.0,0.0,0.0,0.0
337,35,Armature Shim,1.5,0.61,0.23,0.17,0.0,0.0,0.43,0.7,0.0,0.0,96.36,0.0,0.0,0.0,0.0,0.0,0.0,0.0,0.0,0.0,0.0,0.0
338,36,Armature Shim,1.74,0.69,0.17,0.22,0.0,0.0,0.38,0.69,0.0,0.0,96.11,0.0,0.0,0.0,0.0,0.0,0.0,0.0,0.0,0.0,0.0,0.0
339,37,Armature Shim,1.72,0.66,0.19,0.19,0.0,0.0,0.35,0.76,0.0,0.0,96.13,0.0,0.0,0.0,0.0,0.0,0.0,0.0,0.0,0.0,0.0,0.0
340,38,Armature Shim,1.47,0.71,0.16,0.17,0.0,0.0,0.33,0.52,0.0,0.0,96.64,0.0,0.0,0.0,0.0,0.0,0.0,0.0,0.0,0.0,0.0,0.0
341,39,Armature Shim,1.64,0.72,0.2,0.19,0.0,0.0,0.41,0.72,0.0,0.0,96.12,0.0,0.0,0.0,0.0,0.0,0.0,0.0,0.0,0.0,0.0,0.0
342,40,Armature Shim,1.43,0.77,0.14,0.19,0.0,0.0,0.31,0.73,0.0,0.0,96.43,0.0,0.0,0.0,0.0,0.0,0.0,0.0,0.0,0.0,0.0,0.0
343,41,Armature Shim,1.52,0.83,0.18,0.2,0.0,0.0,0.33,0.58,0.0,0.0,96.36,0.0,0.0,0.0,0.0,0.0,0.0,0.0,0.0,0.0,0.0,0.0
344,42,Armature Shim,1.44,0.57,0.24,0.14,0.0,0.0,0.4,0.63,0.0,0.0,96.58,0.0,0.0,0.0,0.0,0.0,0.0,0.0,0.0,0.0,0.0,0.0
345,43,Armature Shim,1.41,0.94,0.18,0.2,0.0,0.0,0.31,0.64,0.0,0.0,96.32,0.0,0.0,0.0,0.0,0.0,0.0,0.0,0.0,0.0,0.0,0.0
346,44,Armature Shim,1.65,0.81,0.18,0.2,0.0,0.0,0.33,0.64,0.0,0.0,96.19,0.0,0.0,0.0,0.0,0.0,0.0,0.0,0.0,0.0,0.0,0.0
347,45,Armature Shim,1.26,0.61,0.19,0.19,0.0,0.0,0.4,0.66,0.0,0.0,96.69,0.0,0.0,0.0,0.0,0.0,0.0,0.0,0.0,0.0,0.0,0.0
348,46,Armature Shim,1.2,0.71,0.16,0.21,0.0,0.0,0.35,0.67,0.0,0.0,96.7,0.0,0.0,0.0,0.0,0.0,0.0,0.0,0.0,0.0,0.0,0.0
349,47,Armature Shim,1.54,0.67,0.19,0.18,0.0,0.0,0.39,0.71,0.0,0.0,96.32,0.0,0.0,0.0,0.0,0.0,0.0,0.0,0.0,0.0,0.0,0.0
350,48,Armature Shim,1.71,0.69,0.19,0.22,0.0,0.0,0.39,0.74,0.0,0.0,96.06,0.0,0.0,0.0,0.0,0.0,0.0,0.0,0.0,0.0,0.0,0.0
351,49,Armature Shim,1.71,0.78,0.19,0.21,0.0,0.0,0.34,0.69,0.0,0.0,96.08,0.0,0.0,0.0,0.0,0.0,0.0,0.0,0.0,0.0,0.0,0.0
352,50,Armature Shim,1.44,0.79,0.2,0.22,0.0,0.0,0.37,0.72,0.0,0.0,96.26,0.0,0.0,0.0,0.0,0.0,0.0,0.0,0.0,0.0,0.0,0.0
353,51,Armature Shim,1.66,0.77,0.16,0.22,0.0,0.0,0.46,0.68,0.0,0.0,96.05,0.0,0.0,0.0,0.0,0.0,0.0,0.0,0.0,0.0,0.0,0.0
354,52,Armature Shim,1.47,0.69,0.18,0.19,0.0,0.0,0.38,0.64,0.0,0.0,96.45,0.0,0.0,0.0,0.0,0.0,0.0,0.0,0.0,0.0,0.0,0.0
355,53,Armature Shim,1.43,0.75,0.19,0.17,0.0,0.0,0.29,0.52,0.0,0.0,96.65,0.0,0.0,0.0,0.0,0.0,0.0,0.0,0.0,0.0,0.0,0.0
356,54,Armature Shim,1.49,0.71,0.18,0.18,0.0,0.0,0.45,0.81,0.0,0.0,96.18,0.0,0.0,0.0,0.0,0.0,0.0,0.0,0.0,0.0,0.0,0.0
357,55,Armature Shim,1.51,0.77,0.21,0.17,0.0,0.0,0.34,0.64,0.0,0.0,96.36,0.0,0.0,0.0,0.0,0.0,0.0,0.0,0.0,0.0,0.0,0.0
358,56,Armature Shim,1.44,0.73,0.2,0.2,0.0,0.0,0.37,0.7,0.0,0.0,96.36,0.0,0.0,0.0,0.0,0.0,0.0,0.0,0.0,0.0,0.0,0.0
359,57,Armature Shim,1.52,0.64,0.19,0.21,0.0,0.0,0.34,0.59,0.0,0.0,96.51,0.0,0.0,0.0,0.0,0.0,0.0,0.0,0.0,0.0,0.0,0.0
360,58,Armature Shim,1.56,0.67,0.19,0.22,0.0,0.0,0.47,0.76,0.0,0.0,96.13,0.0,0.0,0.0,0.0,0.0,0.0,0.0,0.0,0.0,0.0,0.0
361,59,Armature Shim,1.48,0.63,0.28,0.21,0.0,0.0,0.38,0.61,0.0,0.0,96.41,0.0,0.0,0.0,0.0,0.0,0.0,0.0,0.0,0.0,0.0,0.0
362,60,Armature Shim,1.49,0.67,0.16,0.24,0.0,0.0,0.45,0.63,0.0,0.0,96.36,0.0,0.0,0.0,0.0,0.0,0.0,0.0,0.0,0.0,0.0,0.0
363,61,Armature Shim,1.67,0.77,0.2,0.22,0.0,0.0,0.35,0.6,0.0,0.0,96.19,0.0,0.0,0.0,0.0,0.0,0.0,0.0,0.0,0.0,0.0,0.0
364,62,Armature Shim,1.48,0.67,0.2,0.16,0.0,0.0,0.38,0.69,0.0,0.0,96.42,0.0,0.0,0.0,0.0,0.0,0.0,0.0,0.0,0.0,0.0,0.0
365,63,Armature Shim,1.27,0.74,0.2,0.2,0.0,0.0,0.38,0.64,0.0,0.0,96.57,0.0,0.0,0.0,0.0,0.0,0.0,0.0,0.0,0.0,0.0,0.0
366,64,Armature Shim,1.28,0.63,0.13,0.17,0.0,0.0,0.34,0.7,0.0,0.0,96.75,0.0,0.0,0.0,0.0,0.0,0.0,0.0,0.0,0.0,0.0,0.0
367,65,Armature Shim,1.41,0.76,0.21,0.24,0.0,0.0,0.34,0.81,0.0,0.0,96.23,0.0,0.0,0.0,0.0,0.0,0.0,0.0,0.0,0.0,0.0,0.0
368,66,Armature Shim,1.16,0.66,0.19,0.22,0.0,0.0,0.37,0.6,0.0,0.0,96.8,0.0,0.0,0.0,0.0,0.0,0.0,0.0,0.0,0.0,0.0,0.0
369,67,Armature Shim,1.31,0.71,0.21,0.18,0.0,0.0,0.41,0.65,0.0,0.0,96.53,0.0,0.0,0.0,0.0,0.0,0.0,0.0,0.0,0.0,0.0,0.0
370,68,Armature Shim,1.56,0.61,0.19,0.17,0.0,0.0,0.38,0.67,0.0,0.0,96.42,0.0,0.0,0.0,0.0,0.0,0.0,0.0,0.0,0.0,0.0,0.0
371,69,Armature Shim,1.35,0.6,0.23,0.23,0.0,0.0,0.38,0.7,0.0,0.0,96.51,0.0,0.0,0.0,0.0,0.0,0.0,0.0,0.0,0.0,0.0,0.0
372,70,Armature Shim,1.42,1.0,0.23,0.23,0.0,0.0,0.36,0.68,0.0,0.0,96.08,0.0,0.0,0.0,0.0,0.0,0.0,0.0,0.0,0.0,0.0,0.0
373,71,Armature Shim,1.29,0.74,0.18,0.22,0.0,0.0,0.46,0.82,0.0,0.0,96.29,0.0,0.0,0.0,0.0,0.0,0.0,0.0,0.0,0.0,0.0,0.0
374,72,Armature Shim,1.48,0.64,0.21,0.17,0.0,0.0,0.37,0.61,0.0,0.0,96.52,0.0,0.0,0.0,0.0,0.0,0.0,0.0,0.0,0.0,0.0,0.0
375,73,Armature Shim,1.47,0.87,0.16,0.19,0.0,0.0,0.36,0.86,0.0,0.0,96.09,0.0,0.0,0.0,0.0,0.0,0.0,0.0,0.0,0.0,0.0,0.0
376,74,Armature Shim,1.66,0.81,0.21,0.16,0.0,0.0,0.36,0.74,0.0,0.0,96.06,0.0,0.0,0.0,0.0,0.0,0.0,0.0,0.0,0.0,0.0,0.0
377,75,Armature Shim,1.51,0.63,0.19,0.23,0.0,0.0,0.4,0.7,0.0,0.0,96.34,0.0,0.0,0.0,0.0,0.0,0.0,0.0,0.0,0.0,0.0,0.0
378,76,Armature Shim,1.37,0.74,0.23,0.2,0.0,0.0,0.35,0.66,0.0,0.0,96.45,0.0,0.0,0.0,0.0,0.0,0.0,0.0,0.0,0.0,0.0,0.0
379,77,Armature Shim,1.54,0.65,0.2,0.19,0.0,0.0,0.33,0.61,0.0,0.0,96.48,0.0,0.0,0.0,0.0,0.0,0.0,0.0,0.0,0.0,0.0,0.0
380,78,Armature Shim,1.57,0.91,0.21,0.18,0.0,0.0,0.37,0.58,0.0,0.0,96.18,0.0,0.0,0.0,0.0,0.0,0.0,0.0,0.0,0.0,0.0,0.0
381,79,Armature Shim,1.48,0.67,0.15,0.2,0.0,0.0,0.35,0.64,0.0,0.0,96.51,0.0,0.0,0.0,0.0,0.0,0.0,0.0,0.0,0.0,0.0,0.0
382,80,Armature Shim,1.21,0.69,0.16,0.19,0.0,0.0,0.34,0.84,0.0,0.0,96.57,0.0,0.0,0.0,0.0,0.0,0.0,0.0,0.0,0.0,0.0,0.0
383,81,Armature Shim,1.59,0.73,0.21,0.21,0.0,0.0,0.39,0.7,0.0,0.0,96.17,0.0,0.0,0.0,0.0,0.0,0.0,0.0,0.0,0.0,0.0,0.0
384,82,Armature Shim,1.54,0.6,0.14,0.18,0.0,0.0,0.45,0.59,0.0,0.0,96.5,0.0,0.0,0.0,0.0,0.0,0.0,0.0,0.0,0.0,0.0,0.0
385,83,Armature Shim,1.51,0.61,0.15,0.22,0.0,0.0,0.31,0.7,0.0,0.0,96.5,0.0,0.0,0.0,0.0,0.0,0.0,0.0,0.0,0.0,0.0,0.0
386,84,Armature Shim,1.42,0.79,0.19,0.2,0.0,0.0,0.36,0.64,0.0,0.0,96.4,0.0,0.0,0.0,0.0,0.0,0.0,0.0,0.0,0.0,0.0,0.0
387,85,Armature Shim,1.62,0.72,0.17,0.19,0.0,0.0,0.34,0.62,0.0,0.0,96.34,0.0,0.0,0.0,0.0,0.0,0.0,0.0,0.0,0.0,0.0,0.0
388,86,Armature Shim,1.64,0.64,0.2,0.23,0.0,0.0,0.37,0.63,0.0,0.0,96.29,0.0,0.0,0.0,0.0,0.0,0.0,0.0,0.0,0.0,0.0,0.0
389,87,Armature Shim,1.48,0.68,0.15,0.18,0.0,0.0,0.37,0.82,0.0,0.0,96.32,0.0,0.0,0.0,0.0,0.0,0.0,0.0,0.0,0.0,0.0,0.0
390,88,Armature Shim,1.85,0.7,0.21,0.25,0.0,0.0,0.36,0.61,0.0,0.0,96.02,0.0,0.0,0.0,0.0,0.0,0.0,0.0,0.0,0.0,0.0,0.0
391,89,Armature Shim,1.22,0.67,0.16,0.22,0.0,0.0,0.34,0.61,0.0,0.0,96.78,0.0,0.0,0.0,0.0,0.0,0.0,0.0,0.0,0.0,0.0,0.0
392,90,Armature Shim,1.81,0.69,0.21,0.2,0.0,0.0,0.47,0.81,0.0,0.0,95.81,0.0,0.0,0.0,0.0,0.0,0.0,0.0,0.0,0.0,0.0,0.0
393,91,Armature Shim,1.4,0.94,0.18,0.16,0.0,0.0,0.35,0.61,0.0,0.0,96.36,0.0,0.0,0.0,0.0,0.0,0.0,0.0,0.0,0.0,0.0,0.0
394,92,Armature Shim,1.31,0.75,0.18,0.25,0.0,0.0,0.38,0.78,0.0,0.0,96.35,0.0,0.0,0.0,0.0,0.0,0.0,0.0,0.0,0.0,0.0,0.0
395,93,Armature Shim,1.24,0.63,0.17,0.17,0.0,0.0,0.36,0.66,0.0,0.0,96.77,0.0,0.0,0.0,0.0,0.0,0.0,0.0,0.0,0.0,0.0,0.0
396,94,Armature Shim,1.56,0.7,0.19,0.27,0.0,0.0,0.42,0.77,0.0,0.0,96.09,0.0,0.0,0.0,0.0,0.0,0.0,0.0,0.0,0.0,0.0,0.0
397,95,Armature Shim,1.28,0.76,0.17,0.2,0.0,0.0,0.4,0.71,0.0,0.0,96.48,0.0,0.0,0.0,0.0,0.0,0.0,0.0,0.0,0.0,0.0,0.0
398,96,Armature Shim,2.0,0.71,0.2,0.2,0.0,0.0,0.34,0.68,0.0,0.0,95.87,0.0,0.0,0.0,0.0,0.0,0.0,0.0,0.0,0.0,0.0,0.0
399,97,Armature Shim,1.59,0.68,0.21,0.19,0.0,0.0,0.42,0.65,0.0,0.0,96.26,0.0,0.0,0.0,0.0,0.0,0.0,0.0,0.0,0.0,0.0,0.0
400,98,Armature Shim,1.75,0.82,0.22,0.23,0.0,0.0,0.42,0.65,0.0,0.0,95.91,0.0,0.0,0.0,0.0,0.0,0.0,0.0,0.0,0.0,0.0,0.0
401,99,Armature Shim,1.49,0.78,0.18,0.21,0.0,0.0,0.42,0.74,0.0,0.0,96.18,0.0,0.0,0.0,0.0,0.0,0.0,0.0,0.0,0.0,0.0,0.0
402,100,Armature Shim,1.44,0.6,0.27,0.22,0.0,0.0,0.39,0.71,0.0,0.0,96.37,0.0,0.0,0.0,0.0,0.0,0.0,0.0,0.0,0.0,0.0,0.0
403,101,Armature Shim,1.5,0.9,0.22,0.14,0.0,0.0,0.39,0.69,0.0,0.0,96.16,0.0,0.0,0.0,0.0,0.0,0.0,0.0,0.0,0.0,0.0,0.0
404,102,Armature Shim,1.43,0.95,0.17,0.17,0.0,0.0,0.41,0.7,0.0,0.0,96.17,0.0,0.0,0.0,0.0,0.0,0.0,0.0,0.0,0.0,0.0,0.0
405,103,Armature Shim,1.49,0.79,0.18,0.17,0.0,0.0,0.39,0.71,0.0,0.0,96.27,0.0,0.0,0.0,0.0,0.0,0.0,0.0,0.0,0.0,0.0,0.0
406,1,Armature Spring,0.0,0.7,0.1,1.72,0.01,0.01,0.7,0.6,0.0,0.0,96.16,0.0,0.0,0.0,0.0,0.0,0.0,0.0,0.0,0.0,0.0,0.0
407,2,Armature Spring,0.0,0.83,0.1,1.64,0.01,0.01,0.64,0.56,0.0,0.0,96.21,0.0,0.0,0.0,0.0,0.0,0.0,0.0,0.0,0.0,0.0,0.0
408,3,Armature Spring,0.0,0.83,0.11,1.39,0.01,0.01,0.7,0.48,0.0,0.0,96.47,0.0,0.0,0.0,0.0,0.0,0.0,0.0,0.0,0.0,0.0,0.0
409,4,Armature Spring,0.0,0.91,0.09,1.6,0.01,0.01,0.81,0.54,0.0,0.0,96.03,0.0,0.0,0.0,0.0,0.0,0.0,0.0,0.0,0.0,0.0,0.0
410,5,Armature Spring,0.0,0.84,0.1,1.28,0.01,0.01,0.83,0.55,0.0,0.0,96.38,0.0,0.0,0.0,0.0,0.0,0.0,0.0,0.0,0.0,0.0,0.0
411,6,Armature Spring,0.0,0.8,0.07,1.41,0.01,0.01,0.76,0.52,0.0,0.0,96.42,0.0,0.0,0.0,0.0,0.0,0.0,0.0,0.0,0.0,0.0,0.0
412,7,Armature Spring,0.0,1.12,0.1,2.0,0.01,0.01,0.71,0.55,0.0,0.0,95.5,0.0,0.0,0.0,0.0,0.0,0.0,0.0,0.0,0.0,0.0,0.0
413,8,Armature Spring,0.0,0.86,0.08,1.68,0.01,0.01,0.59,0.5,0.0,0.0,96.27,0.0,0.0,0.0,0.0,0.0,0.0,0.0,0.0,0.0,0.0,0.0
414,9,Armature Spring,0.0,0.82,0.1,1.59,0.01,0.01,0.65,0.51,0.0,0.0,96.31,0.0,0.0,0.0,0.0,0.0,0.0,0.0,0.0,0.0,0.0,0.0
415,10,Armature Spring,0.0,0.93,0.09,1.35,0.01,0.01,0.67,0.54,0.0,0.0,96.4,0.0,0.0,0.0,0.0,0.0,0.0,0.0,0.0,0.0,0.0,0.0
416,11,Armature Spring,0.0,0.85,0.1,1.49,0.01,0.01,0.8,0.56,0.0,0.0,96.18,0.0,0.0,0.0,0.0,0.0,0.0,0.0,0.0,0.0,0.0,0.0
417,12,Armature Spring,0.0,0.87,0.09,1.77,0.01,0.01,0.69,0.46,0.0,0.0,96.1,0.0,0.0,0.0,0.0,0.0,0.0,0.0,0.0,0.0,0.0,0.0
418,13,Armature Spring,0.0,0.73,0.08,1.67,0.01,0.01,0.73,0.57,0.0,0.0,96.2,0.0,0.0,0.0,0.0,0.0,0.0,0.0,0.0,0.0,0.0,0.0
419,14,Armature Spring,0.0,0.79,0.11,1.44,0.01,0.01,0.82,0.72,0.0,0.0,96.1,0.0,0.0,0.0,0.0,0.0,0.0,0.0,0.0,0.0,0.0,0.0
420,15,Armature Spring,0.0,0.86,0.09,2.18,0.01,0.01,0.64,0.64,0.0,0.0,95.57,0.0,0.0,0.0,0.0,0.0,0.0,0.0,0.0,0.0,0.0,0.0
421,16,Armature Spring,0.0,1.02,0.09,2.08,0.01,0.01,0.72,0.63,0.0,0.0,95.44,0.0,0.0,0.0,0.0,0.0,0.0,0.0,0.0,0.0,0.0,0.0
422,17,Armature Spring,0.0,0.9,0.09,1.47,0.01,0.01,0.66,0.51,0.0,0.0,96.35,0.0,0.0,0.0,0.0,0.0,0.0,0.0,0.0,0.0,0.0,0.0
423,18,Armature Spring,0.0,1.06,0.12,1.69,0.01,0.01,0.84,0.51,0.0,0.0,95.76,0.0,0.0,0.0,0.0,0.0,0.0,0.0,0.0,0.0,0.0,0.0
424,19,Armature Spring,0.0,0.86,0.08,1.94,0.01,0.01,0.63,0.48,0.0,0.0,95.99,0.0,0.0,0.0,0.0,0.0,0.0,0.0,0.0,0.0,0.0,0.0
425,20,Armature Spring,0.0,0.93,0.1,1.94,0.01,0.01,0.66,0.65,0.0,0.0,95.7,0.0,0.0,0.0,0.0,0.0,0.0,0.0,0.0,0.0,0.0,0.0
426,21,Armature Spring,0.0,0.89,0.07,1.55,0.01,0.01,0.75,0.43,0.0,0.0,96.29,0.0,0.0,0.0,0.0,0.0,0.0,0.0,0.0,0.0,0.0,0.0
427,22,Armature Spring,0.0,0.76,0.09,1.49,0.01,0.01,0.65,0.52,0.0,0.0,96.47,0.0,0.0,0.0,0.0,0.0,0.0,0.0,0.0,0.0,0.0,0.0
428,23,Armature Spring,0.0,0.86,0.09,1.86,0.01,0.01,0.75,0.61,0.0,0.0,95.81,0.0,0.0,0.0,0.0,0.0,0.0,0.0,0.0,0.0,0.0,0.0
429,24,Armature Spring,0.0,0.89,0.07,1.6,0.01,0.01,0.74,0.51,0.0,0.0,96.17,0.0,0.0,0.0,0.0,0.0,0.0,0.0,0.0,0.0,0.0,0.0
430,25,Armature Spring,0.0,1.06,0.09,1.4,0.01,0.01,0.67,0.51,0.0,0.0,96.25,0.0,0.0,0.0,0.0,0.0,0.0,0.0,0.0,0.0,0.0,0.0
431,26,Armature Spring,0.0,0.95,0.08,1.81,0.01,0.01,0.71,0.55,0.0,0.0,95.88,0.0,0.0,0.0,0.0,0.0,0.0,0.0,0.0,0.0,0.0,0.0
432,27,Armature Spring,0.0,0.7,0.1,1.45,0.01,0.01,0.86,0.56,0.0,0.0,96.31,0.0,0.0,0.0,0.0,0.0,0.0,0.0,0.0,0.0,0.0,0.0
433,28,Armature Spring,0.0,0.81,0.1,2.01,0.01,0.01,0.74,0.53,0.0,0.0,95.79,0.0,0.0,0.0,0.0,0.0,0.0,0.0,0.0,0.0,0.0,0.0
434,29,Armature Spring,0.0,0.98,0.09,1.56,0.01,0.01,0.74,0.64,0.0,0.0,95.97,0.0,0.0,0.0,0.0,0.0,0.0,0.0,0.0,0.0,0.0,0.0
435,30,Armature Spring,0.0,0.84,0.09,1.33,0.01,0.01,0.74,0.51,0.0,0.0,96.47,0.0,0.0,0.0,0.0,0.0,0.0,0.0,0.0,0.0,0.0,0.0
436,31,Armature Spring,0.0,0.81,0.1,1.66,0.01,0.01,0.76,0.56,0.0,0.0,96.09,0.0,0.0,0.0,0.0,0.0,0.0,0.0,0.0,0.0,0.0,0.0
437,32,Armature Spring,0.0,0.85,0.09,1.84,0.01,0.01,0.65,0.48,0.0,0.0,96.07,0.0,0.0,0.0,0.0,0.0,0.0,0.0,0.0,0.0,0.0,0.0
438,33,Armature Spring,0.0,0.9,0.09,1.71,0.01,0.01,0.85,0.75,0.0,0.0,95.68,0.0,0.0,0.0,0.0,0.0,0.0,0.0,0.0,0.0,0.0,0.0
439,34,Armature Spring,0.0,0.81,0.1,1.34,0.01,0.01,0.87,0.67,0.0,0.0,96.19,0.0,0.0,0.0,0.0,0.0,0.0,0.0,0.0,0.0,0.0,0.0
440,35,Armature Spring,0.0,0.87,0.11,1.95,0.01,0.01,0.67,0.79,0.0,0.0,95.59,0.0,0.0,0.0,0.0,0.0,0.0,0.0,0.0,0.0,0.0,0.0
441,36,Armature Spring,0.0,0.9,0.08,1.52,0.01,0.01,0.75,0.58,0.0,0.0,96.15,0.0,0.0,0.0,0.0,0.0,0.0,0.0,0.0,0.0,0.0,0.0
442,37,Armature Spring,0.0,0.84,0.09,1.81,0.01,0.01,0.69,0.62,0.0,0.0,95.93,0.0,0.0,0.0,0.0,0.0,0.0,0.0,0.0,0.0,0.0,0.0
443,38,Armature Spring,0.0,0.78,0.1,1.65,0.02,0.01,0.77,0.59,0.0,0.0,96.08,0.0,0.0,0.0,0.0,0.0,0.0,0.0,0.0,0.0,0.0,0.0
444,39,Armature Spring,0.0,0.83,0.08,1.69,0.01,0.01,0.78,0.54,0.0,0.0,96.06,0.0,0.0,0.0,0.0,0.0,0.0,0.0,0.0,0.0,0.0,0.0
445,40,Armature Spring,0.0,0.83,0.1,1.66,0.01,0.01,0.88,0.61,0.0,0.0,95.9,0.0,0.0,0.0,0.0,0.0,0.0,0.0,0.0,0.0,0.0,0.0
446,41,Armature Spring,0.0,0.64,0.07,1.82,0.01,0.01,0.49,0.5,0.0,0.0,96.46,0.0,0.0,0.0,0.0,0.0,0.0,0.0,0.0,0.0,0.0,0.0
447,42,Armature Spring,0.0,0.84,0.1,1.76,0.01,0.01,0.72,0.55,0.0,0.0,96.01,0.0,0.0,0.0,0.0,0.0,0.0,0.0,0.0,0.0,0.0,0.0
448,43,Armature Spring,0.0,0.84,0.07,1.5,0.01,0.01,0.73,0.42,0.0,0.0,96.42,0.0,0.0,0.0,0.0,0.0,0.0,0.0,0.0,0.0,0.0,0.0
449,44,Armature Spring,0.0,0.94,0.1,1.59,0.01,0.01,0.67,0.5,0.0,0.0,96.18,0.0,0.0,0.0,0.0,0.0,0.0,0.0,0.0,0.0,0.0,0.0
450,45,Armature Spring,0.0,0.72,0.09,1.48,0.01,0.01,0.7,0.55,0.0,0.0,96.44,0.0,0.0,0.0,0.0,0.0,0.0,0.0,0.0,0.0,0.0,0.0
451,46,Armature Spring,0.0,0.79,0.09,1.54,0.01,0.01,0.68,0.55,0.0,0.0,96.33,0.0,0.0,0.0,0.0,0.0,0.0,0.0,0.0,0.0,0.0,0.0
452,47,Armature Spring,0.0,0.88,0.08,1.68,0.02,0.01,0.75,0.54,0.0,0.0,96.04,0.0,0.0,0.0,0.0,0.0,0.0,0.0,0.0,0.0,0.0,0.0
453,48,Armature Spring,0.0,0.84,0.1,1.33,0.01,0.01,0.73,0.45,0.0,0.0,96.53,0.0,0.0,0.0,0.0,0.0,0.0,0.0,0.0,0.0,0.0,0.0
454,49,Armature Spring,0.0,0.81,0.09,1.68,0.01,0.01,0.64,0.49,0.0,0.0,96.27,0.0,0.0,0.0,0.0,0.0,0.0,0.0,0.0,0.0,0.0,0.0
455,50,Armature Spring,0.0,0.62,0.08,1.79,0.01,0.01,0.71,0.52,0.0,0.0,96.26,0.0,0.0,0.0,0.0,0.0,0.0,0.0,0.0,0.0,0.0,0.0
456,51,Armature Spring,0.0,0.72,0.08,2.0,0.01,0.01,0.77,0.62,0.0,0.0,95.79,0.0,0.0,0.0,0.0,0.0,0.0,0.0,0.0,0.0,0.0,0.0
457,52,Armature Spring,0.0,0.9,0.09,2.14,0.01,0.01,0.76,0.53,0.0,0.0,95.56,0.0,0.0,0.0,0.0,0.0,0.0,0.0,0.0,0.0,0.0,0.0
458,53,Armature Spring,0.0,0.82,0.08,2.03,0.01,0.01,0.7,0.48,0.0,0.0,95.87,0.0,0.0,0.0,0.0,0.0,0.0,0.0,0.0,0.0,0.0,0.0
459,54,Armature Spring,0.0,0.91,0.1,1.72,0.01,0.01,0.66,0.55,0.0,0.0,96.04,0.0,0.0,0.0,0.0,0.0,0.0,0.0,0.0,0.0,0.0,0.0
460,55,Armature Spring,0.0,0.77,0.12,1.68,0.01,0.01,0.78,0.53,0.0,0.0,96.1,0.0,0.0,0.0,0.0,0.0,0.0,0.0,0.0,0.0,0.0,0.0
461,56,Armature Spring,0.0,0.87,0.09,1.61,0.01,0.01,0.69,0.64,0.0,0.0,96.08,0.0,0.0,0.0,0.0,0.0,0.0,0.0,0.0,0.0,0.0,0.0
462,57,Armature Spring,0.0,0.91,0.09,1.7,0.01,0.01,0.66,0.51,0.0,0.0,96.11,0.0,0.0,0.0,0.0,0.0,0.0,0.0,0.0,0.0,0.0,0.0
463,58,Armature Spring,0.0,0.86,0.09,1.58,0.02,0.01,0.81,0.62,0.0,0.0,96.01,0.0,0.0,0.0,0.0,0.0,0.0,0.0,0.0,0.0,0.0,0.0
464,59,Armature Spring,0.0,1.03,0.08,1.54,0.01,0.01,0.69,0.55,0.0,0.0,96.09,0.0,0.0,0.0,0.0,0.0,0.0,0.0,0.0,0.0,0.0,0.0
465,60,Armature Spring,0.0,0.99,0.09,1.6,0.01,0.01,0.74,0.47,0.0,0.0,96.09,0.0,0.0,0.0,0.0,0.0,0.0,0.0,0.0,0.0,0.0,0.0
466,61,Armature Spring,0.0,1.04,0.09,1.83,0.01,0.01,0.87,0.51,0.0,0.0,95.64,0.0,0.0,0.0,0.0,0.0,0.0,0.0,0.0,0.0,0.0,0.0
467,62,Armature Spring,0.0,0.82,0.09,1.69,0.02,0.01,0.83,0.73,0.0,0.0,95.81,0.0,0.0,0.0,0.0,0.0,0.0,0.0,0.0,0.0,0.0,0.0
468,63,Armature Spring,0.0,0.9,0.09,1.5,0.01,0.01,0.73,0.54,0.0,0.0,96.22,0.0,0.0,0.0,0.0,0.0,0.0,0.0,0.0,0.0,0.0,0.0
469,64,Armature Spring,0.0,0.81,0.09,1.41,0.01,0.01,0.87,0.59,0.0,0.0,96.21,0.0,0.0,0.0,0.0,0.0,0.0,0.0,0.0,0.0,0.0,0.0
470,65,Armature Spring,0.0,0.66,0.09,1.74,0.01,0.01,0.73,0.58,0.0,0.0,96.18,0.0,0.0,0.0,0.0,0.0,0.0,0.0,0.0,0.0,0.0,0.0
471,66,Armature Spring,0.0,0.85,0.09,1.9,0.01,0.01,0.83,0.64,0.0,0.0,95.67,0.0,0.0,0.0,0.0,0.0,0.0,0.0,0.0,0.0,0.0,0.0
472,67,Armature Spring,0.0,0.96,0.11,1.95,0.01,0.01,0.88,0.63,0.0,0.0,95.45,0.0,0.0,0.0,0.0,0.0,0.0,0.0,0.0,0.0,0.0,0.0
473,68,Armature Spring,0.0,0.69,0.09,1.86,0.01,0.01,0.75,0.58,0.0,0.0,96.01,0.0,0.0,0.0,0.0,0.0,0.0,0.0,0.0,0.0,0.0,0.0
474,69,Armature Spring,0.0,0.81,0.08,1.65,0.01,0.01,0.76,0.66,0.0,0.0,96.02,0.0,0.0,0.0,0.0,0.0,0.0,0.0,0.0,0.0,0.0,0.0
475,70,Armature Spring,0.0,0.68,0.08,1.64,0.01,0.01,0.56,0.5,0.0,0.0,96.52,0.0,0.0,0.0,0.0,0.0,0.0,0.0,0.0,0.0,0.0,0.0
476,71,Armature Spring,0.0,0.63,0.07,1.57,0.02,0.01,0.77,0.65,0.0,0.0,96.28,0.0,0.0,0.0,0.0,0.0,0.0,0.0,0.0,0.0,0.0,0.0
477,72,Armature Spring,0.0,0.88,0.08,1.7,0.01,0.01,0.73,0.61,0.0,0.0,95.98,0.0,0.0,0.0,0.0,0.0,0.0,0.0,0.0,0.0,0.0,0.0
478,73,Armature Spring,0.0,0.57,0.1,1.91,0.01,0.01,0.74,0.56,0.0,0.0,96.1,0.0,0.0,0.0,0.0,0.0,0.0,0.0,0.0,0.0,0.0,0.0
479,74,Armature Spring,0.0,0.83,0.12,1.27,0.01,0.01,0.72,0.57,0.0,0.0,96.47,0.0,0.0,0.0,0.0,0.0,0.0,0.0,0.0,0.0,0.0,0.0
480,75,Armature Spring,0.0,0.8,0.08,1.39,0.01,0.01,0.58,0.47,0.0,0.0,96.66,0.0,0.0,0.0,0.0,0.0,0.0,0.0,0.0,0.0,0.0,0.0
481,76,Armature Spring,0.0,0.92,0.08,1.66,0.01,0.01,0.7,0.47,0.0,0.0,96.15,0.0,0.0,0.0,0.0,0.0,0.0,0.0,0.0,0.0,0.0,0.0
482,77,Armature Spring,0.0,0.73,0.08,1.72,0.01,0.01,0.67,0.45,0.0,0.0,96.33,0.0,0.0,0.0,0.0,0.0,0.0,0.0,0.0,0.0,0.0,0.0
483,78,Armature Spring,0.0,0.74,0.08,1.61,0.01,0.01,0.49,0.57,0.0,0.0,96.49,0.0,0.0,0.0,0.0,0.0,0.0,0.0,0.0,0.0,0.0,0.0
484,79,Armature Spring,0.0,0.91,0.11,1.86,0.01,0.01,0.76,0.52,0.0,0.0,95.82,0.0,0.0,0.0,0.0,0.0,0.0,0.0,0.0,0.0,0.0,0.0
485,80,Armature Spring,0.0,0.61,0.08,1.57,0.02,0.01,0.69,0.53,0.0,0.0,96.49,0.0,0.0,0.0,0.0,0.0,0.0,0.0,0.0,0.0,0.0,0.0
486,81,Armature Spring,0.0,0.82,0.11,1.64,0.01,0.01,0.53,0.58,0.0,0.0,96.3,0.0,0.0,0.0,0.0,0.0,0.0,0.0,0.0,0.0,0.0,0.0
487,82,Armature Spring,0.0,0.88,0.08,1.44,0.01,0.01,0.65,0.53,0.0,0.0,96.4,0.0,0.0,0.0,0.0,0.0,0.0,0.0,0.0,0.0,0.0,0.0
488,83,Armature Spring,0.0,0.81,0.09,1.81,0.01,0.01,0.71,0.48,0.0,0.0,96.08,0.0,0.0,0.0,0.0,0.0,0.0,0.0,0.0,0.0,0.0,0.0
489,84,Armature Spring,0.0,1.0,0.1,1.64,0.01,0.01,0.8,0.57,0.0,0.0,95.87,0.0,0.0,0.0,0.0,0.0,0.0,0.0,0.0,0.0,0.0,0.0
490,85,Armature Spring,0.0,0.93,0.09,1.88,0.01,0.01,0.8,0.53,0.0,0.0,95.75,0.0,0.0,0.0,0.0,0.0,0.0,0.0,0.0,0.0,0.0,0.0
491,86,Armature Spring,0.0,0.86,0.09,1.48,0.01,0.01,0.69,0.74,0.0,0.0,96.12,0.0,0.0,0.0,0.0,0.0,0.0,0.0,0.0,0.0,0.0,0.0
492,87,Armature Spring,0.0,0.93,0.11,1.93,0.01,0.01,0.8,0.62,0.0,0.0,95.59,0.0,0.0,0.0,0.0,0.0,0.0,0.0,0.0,0.0,0.0,0.0
493,88,Armature Spring,0.0,0.81,0.08,1.67,0.01,0.01,0.58,0.53,0.0,0.0,96.31,0.0,0.0,0.0,0.0,0.0,0.0,0.0,0.0,0.0,0.0,0.0
494,89,Armature Spring,0.0,0.96,0.07,1.58,0.01,0.01,0.59,0.49,0.0,0.0,96.29,0.0,0.0,0.0,0.0,0.0,0.0,0.0,0.0,0.0,0.0,0.0
495,90,Armature Spring,0.0,1.03,0.1,1.82,0.01,0.01,0.72,0.51,0.0,0.0,95.8,0.0,0.0,0.0,0.0,0.0,0.0,0.0,0.0,0.0,0.0,0.0
496,91,Armature Spring,0.0,0.87,0.1,1.91,0.01,0.01,0.73,0.51,0.0,0.0,95.86,0.0,0.0,0.0,0.0,0.0,0.0,0.0,0.0,0.0,0.0,0.0
497,92,Armature Spring,0.0,0.85,0.09,1.24,0.01,0.01,0.59,0.57,0.0,0.0,96.64,0.0,0.0,0.0,0.0,0.0,0.0,0.0,0.0,0.0,0.0,0.0
498,93,Armature Spring,0.0,0.93,0.1,1.45,0.01,0.01,0.72,0.55,0.0,0.0,96.23,0.0,0.0,0.0,0.0,0.0,0.0,0.0,0.0,0.0,0.0,0.0
499,94,Armature Spring,0.0,0.83,0.09,2.07,0.01,0.01,0.74,0.49,0.0,0.0,95.76,0.0,0.0,0.0,0.0,0.0,0.0,0.0,0.0,0.0,0.0,0.0
500,95,Armature Spring,0.0,1.1,0.11,1.61,0.02,0.01,0.85,0.58,0.0,0.0,95.72,0.0,0.0,0.0,0.0,0.0,0.0,0.0,0.0,0.0,0.0,0.0
501,96,Armature Spring,0.0,0.76,0.1,1.52,0.01,0.01,0.84,0.63,0.0,0.0,96.13,0.0,0.0,0.0,0.0,0.0,0.0,0.0,0.0,0.0,0.0,0.0
502,97,Armature Spring,0.0,0.87,0.09,1.53,0.01,0.01,0.78,0.47,0.0,0.0,96.24,0.0,0.0,0.0,0.0,0.0,0.0,0.0,0.0,0.0,0.0,0.0
503,98,Armature Spring,0.0,0.84,0.08,1.47,0.01,0.01,0.66,0.51,0.0,0.0,96.42,0.0,0.0,0.0,0.0,0.0,0.0,0.0,0.0,0.0,0.0,0.0
504,99,Armature Spring,0.0,0.84,0.09,1.95,0.01,0.01,0.69,0.5,0.0,0.0,95.91,0.0,0.0,0.0,0.0,0.0,0.0,0.0,0.0,0.0,0.0,0.0
505,100,Armature Spring,0.0,0.85,0.09,1.54,0.01,0.01,0.62,0.56,0.0,0.0,96.32,0.0,0.0,0.0,0.0,0.0,0.0,0.0,0.0,0.0,0.0,0.0
506,101,Armature Spring,0.0,0.76,0.1,1.58,0.01,0.01,0.82,0.59,0.0,0.0,96.13,0.0,0.0,0.0,0.0,0.0,0.0,0.0,0.0,0.0,0.0,0.0
507,102,Armature Spring,0.0,0.99,0.09,1.63,0.01,0.01,0.69,0.55,0.0,0.0,96.03,0.0,0.0,0.0,0.0,0.0,0.0,0.0,0.0,0.0,0.0,0.0
508,103,Armature Spring,0.0,0.91,0.09,1.36,0.01,0.01,0.62,0.41,0.0,0.0,96.59,0.0,0.0,0.0,0.0,0.0,0.0,0.0,0.0,0.0,0.0,0.0
509,104,Armature Spring,0.0,0.82,0.09,1.61,0.01,0.01,0.69,0.55,0.0,0.0,96.22,0.0,0.0,0.0,0.0,0.0,0.0,0.0,0.0,0.0,0.0,0.0
510,105,Armature Spring,0.0,0.93,0.07,1.96,0.01,0.01,0.71,0.57,0.0,0.0,95.74,0.0,0.0,0.0,0.0,0.0,0.0,0.0,0.0,0.0,0.0,0.0
511,106,Armature Spring,0.0,0.92,0.08,1.64,0.02,0.01,0.58,0.57,0.0,0.0,96.18,0.0,0.0,0.0,0.0,0.0,0.0,0.0,0.0,0.0,0.0,0.0
512,1,Back Flow Tube,0.67,0.87,0.0,0.45,0.0,0.31,18.11,1.31,8.02,0.0,70.26,0.0,0.0,0.0,0.0,0.0,0.0,0.0,0.0,0.0,0.0,0.0
513,2,Back Flow Tube,0.87,0.93,0.0,0.42,0.0,0.34,18.08,1.57,8.14,0.0,69.65,0.0,0.0,0.0,0.0,0.0,0.0,0.0,0.0,0.0,0.0,0.0
514,3,Back Flow Tube,0.71,0.99,0.0,0.37,0.0,0.4,17.86,1.52,7.94,0.0,70.21,0.0,0.0,0.0,0.0,0.0,0.0,0.0,0.0,0.0,0.0,0.0
515,4,Back Flow Tube,0.91,1.03,0.0,0.44,0.0,0.34,19.83,1.67,7.93,0.0,67.85,0.0,0.0,0.0,0.0,0.0,0.0,0.0,0.0,0.0,0.0,0.0
516,5,Back Flow Tube,0.81,1.01,0.0,0.4,0.0,0.36,18.64,1.47,8.23,0.0,69.08,0.0,0.0,0.0,0.0,0.0,0.0,0.0,0.0,0.0,0.0,0.0
517,6,Back Flow Tube,0.76,1.04,0.0,0.46,0.0,0.31,17.52,1.62,8.12,0.0,70.17,0.0,0.0,0.0,0.0,0.0,0.0,0.0,0.0,0.0,0.0,0.0
518,7,Back Flow Tube,0.85,1.05,0.0,0.4,0.0,0.36,18.9,1.32,8.39,0.0,68.73,0.0,0.0,0.0,0.0,0.0,0.0,0.0,0.0,0.0,0.0,0.0
519,8,Back Flow Tube,0.84,0.98,0.0,0.46,0.0,0.35,18.7,1.48,8.43,0.0,68.76,0.0,0.0,0.0,0.0,0.0,0.0,0.0,0.0,0.0,0.0,0.0
520,9,Back Flow Tube,0.78,0.8,0.0,0.43,0.0,0.34,18.56,1.52,8.47,0.0,69.1,0.0,0.0,0.0,0.0,0.0,0.0,0.0,0.0,0.0,0.0,0.0
521,10,Back Flow Tube,0.74,0.8,0.0,0.44,0.0,0.32,18.17,1.46,8.26,0.0,69.81,0.0,0.0,0.0,0.0,0.0,0.0,0.0,0.0,0.0,0.0,0.0
522,11,Back Flow Tube,0.72,0.91,0.0,0.42,0.0,0.37,18.31,1.42,8.4,0.0,69.45,0.0,0.0,0.0,0.0,0.0,0.0,0.0,0.0,0.0,0.0,0.0
523,12,Back Flow Tube,0.71,1.05,0.0,0.38,0.0,0.31,18.77,1.24,8.2,0.0,69.34,0.0,0.0,0.0,0.0,0.0,0.0,0.0,0.0,0.0,0.0,0.0
524,13,Back Flow Tube,0.83,0.99,0.0,0.47,0.0,0.32,17.6,1.59,7.98,0.0,70.22,0.0,0.0,0.0,0.0,0.0,0.0,0.0,0.0,0.0,0.0,0.0
525,14,Back Flow Tube,0.67,0.95,0.0,0.38,0.0,0.27,18.22,1.33,7.91,0.0,70.27,0.0,0.0,0.0,0.0,0.0,0.0,0.0,0.0,0.0,0.0,0.0
526,15,Back Flow Tube,0.92,0.81,0.0,0.36,0.0,0.36,18.36,1.5,7.89,0.0,69.8,0.0,0.0,0.0,0.0,0.0,0.0,0.0,0.0,0.0,0.0,0.0
527,16,Back Flow Tube,0.96,0.96,0.0,0.35,0.0,0.39,18.28,1.51,8.03,0.0,69.52,0.0,0.0,0.0,0.0,0.0,0.0,0.0,0.0,0.0,0.0,0.0
528,17,Back Flow Tube,0.71,1.06,0.0,0.44,0.0,0.33,17.94,1.31,8.06,0.0,70.15,0.0,0.0,0.0,0.0,0.0,0.0,0.0,0.0,0.0,0.0,0.0
529,18,Back Flow Tube,0.94,0.86,0.0,0.39,0.0,0.36,17.85,1.37,8.2,0.0,70.03,0.0,0.0,0.0,0.0,0.0,0.0,0.0,0.0,0.0,0.0,0.0
530,19,Back Flow Tube,0.81,1.15,0.0,0.44,0.0,0.31,18.45,1.31,8.02,0.0,69.51,0.0,0.0,0.0,0.0,0.0,0.0,0.0,0.0,0.0,0.0,0.0
531,20,Back Flow Tube,0.78,0.89,0.0,0.48,0.0,0.38,18.22,1.66,8.52,0.0,69.07,0.0,0.0,0.0,0.0,0.0,0.0,0.0,0.0,0.0,0.0,0.0
532,21,Back Flow Tube,1.12,1.04,0.0,0.38,0.0,0.4,18.99,1.47,8.75,0.0,67.85,0.0,0.0,0.0,0.0,0.0,0.0,0.0,0.0,0.0,0.0,0.0
533,22,Back Flow Tube,0.82,0.96,0.0,0.47,0.0,0.35,18.14,1.5,8.21,0.0,69.55,0.0,0.0,0.0,0.0,0.0,0.0,0.0,0.0,0.0,0.0,0.0
534,23,Back Flow Tube,1.05,1.13,0.0,0.32,0.0,0.37,17.18,1.51,8.0,0.0,70.44,0.0,0.0,0.0,0.0,0.0,0.0,0.0,0.0,0.0,0.0,0.0
535,24,Back Flow Tube,0.98,0.81,0.0,0.42,0.0,0.34,18.3,1.45,8.69,0.0,69.01,0.0,0.0,0.0,0.0,0.0,0.0,0.0,0.0,0.0,0.0,0.0
536,25,Back Flow Tube,0.84,0.74,0.0,0.39,0.0,0.33,17.69,1.26,8.15,0.0,70.6,0.0,0.0,0.0,0.0,0.0,0.0,0.0,0.0,0.0,0.0,0.0
537,26,Back Flow Tube,0.89,1.02,0.0,0.44,0.0,0.33,18.28,1.39,8.62,0.0,69.03,0.0,0.0,0.0,0.0,0.0,0.0,0.0,0.0,0.0,0.0,0.0
538,27,Back Flow Tube,0.86,0.88,0.0,0.4,0.0,0.35,17.05,1.26,8.35,0.0,70.85,0.0,0.0,0.0,0.0,0.0,0.0,0.0,0.0,0.0,0.0,0.0
539,28,Back Flow Tube,0.87,1.05,0.0,0.47,0.0,0.39,17.97,1.5,8.22,0.0,69.53,0.0,0.0,0.0,0.0,0.0,0.0,0.0,0.0,0.0,0.0,0.0
540,29,Back Flow Tube,0.79,0.87,0.0,0.42,0.0,0.34,19.03,1.55,7.82,0.0,69.18,0.0,0.0,0.0,0.0,0.0,0.0,0.0,0.0,0.0,0.0,0.0
541,30,Back Flow Tube,0.98,1.15,0.0,0.44,0.0,0.35,18.4,1.46,8.12,0.0,69.1,0.0,0.0,0.0,0.0,0.0,0.0,0.0,0.0,0.0,0.0,0.0
542,31,Back Flow Tube,0.79,0.97,0.0,0.37,0.0,0.34,18.1,1.4,8.08,0.0,69.95,0.0,0.0,0.0,0.0,0.0,0.0,0.0,0.0,0.0,0.0,0.0
543,32,Back Flow Tube,0.83,1.04,0.0,0.37,0.0,0.34,18.25,1.33,8.36,0.0,69.48,0.0,0.0,0.0,0.0,0.0,0.0,0.0,0.0,0.0,0.0,0.0
544,33,Back Flow Tube,0.77,1.11,0.0,0.32,0.0,0.37,17.74,1.55,8.09,0.0,70.05,0.0,0.0,0.0,0.0,0.0,0.0,0.0,0.0,0.0,0.0,0.0
545,34,Back Flow Tube,0.89,0.82,0.0,0.35,0.0,0.32,18.14,1.36,8.56,0.0,69.56,0.0,0.0,0.0,0.0,0.0,0.0,0.0,0.0,0.0,0.0,0.0
546,35,Back Flow Tube,0.77,0.85,0.0,0.41,0.0,0.27,19.05,1.29,7.98,0.0,69.38,0.0,0.0,0.0,0.0,0.0,0.0,0.0,0.0,0.0,0.0,0.0
547,36,Back Flow Tube,0.86,0.9,0.0,0.38,0.0,0.31,18.04,1.76,9.0,0.0,68.75,0.0,0.0,0.0,0.0,0.0,0.0,0.0,0.0,0.0,0.0,0.0
548,37,Back Flow Tube,0.84,0.93,0.0,0.46,0.0,0.35,18.33,1.39,7.81,0.0,69.89,0.0,0.0,0.0,0.0,0.0,0.0,0.0,0.0,0.0,0.0,0.0
549,38,Back Flow Tube,0.85,0.9,0.0,0.45,0.0,0.38,17.83,1.45,8.46,0.0,69.68,0.0,0.0,0.0,0.0,0.0,0.0,0.0,0.0,0.0,0.0,0.0
550,39,Back Flow Tube,0.85,0.99,0.0,0.4,0.0,0.34,19.06,1.43,8.2,0.0,68.73,0.0,0.0,0.0,0.0,0.0,0.0,0.0,0.0,0.0,0.0,0.0
551,40,Back Flow Tube,1.17,1.0,0.0,0.39,0.0,0.33,18.17,1.27,8.01,0.0,69.66,0.0,0.0,0.0,0.0,0.0,0.0,0.0,0.0,0.0,0.0,0.0
552,41,Back Flow Tube,0.85,1.07,0.0,0.27,0.0,0.31,18.74,1.28,7.86,0.0,69.62,0.0,0.0,0.0,0.0,0.0,0.0,0.0,0.0,0.0,0.0,0.0
553,42,Back Flow Tube,0.96,0.83,0.0,0.37,0.0,0.32,18.49,1.35,7.6,0.0,70.08,0.0,0.0,0.0,0.0,0.0,0.0,0.0,0.0,0.0,0.0,0.0
554,43,Back Flow Tube,0.94,1.0,0.0,0.41,0.0,0.39,18.86,1.33,8.16,0.0,68.91,0.0,0.0,0.0,0.0,0.0,0.0,0.0,0.0,0.0,0.0,0.0
555,44,Back Flow Tube,0.9,1.0,0.0,0.48,0.0,0.33,16.77,1.14,7.83,0.0,71.55,0.0,0.0,0.0,0.0,0.0,0.0,0.0,0.0,0.0,0.0,0.0
556,45,Back Flow Tube,0.73,1.07,0.0,0.37,0.0,0.34,17.97,1.57,8.07,0.0,69.88,0.0,0.0,0.0,0.0,0.0,0.0,0.0,0.0,0.0,0.0,0.0
557,46,Back Flow Tube,0.78,0.76,0.0,0.43,0.0,0.31,17.8,1.61,8.48,0.0,69.83,0.0,0.0,0.0,0.0,0.0,0.0,0.0,0.0,0.0,0.0,0.0
558,47,Back Flow Tube,0.76,0.98,0.0,0.44,0.0,0.32,18.03,1.53,7.45,0.0,70.49,0.0,0.0,0.0,0.0,0.0,0.0,0.0,0.0,0.0,0.0,0.0
559,48,Back Flow Tube,0.77,0.89,0.0,0.38,0.0,0.38,17.39,1.28,8.04,0.0,70.87,0.0,0.0,0.0,0.0,0.0,0.0,0.0,0.0,0.0,0.0,0.0
560,49,Back Flow Tube,0.77,1.01,0.0,0.43,0.0,0.34,17.53,1.32,8.29,0.0,70.31,0.0,0.0,0.0,0.0,0.0,0.0,0.0,0.0,0.0,0.0,0.0
561,50,Back Flow Tube,0.9,0.84,0.0,0.37,0.0,0.3,16.88,1.4,8.46,0.0,70.85,0.0,0.0,0.0,0.0,0.0,0.0,0.0,0.0,0.0,0.0,0.0
562,51,Back Flow Tube,0.74,0.89,0.0,0.48,0.0,0.35,17.53,1.45,8.01,0.0,70.55,0.0,0.0,0.0,0.0,0.0,0.0,0.0,0.0,0.0,0.0,0.0
563,52,Back Flow Tube,1.21,0.99,0.0,0.37,0.0,0.37,18.45,1.4,8.24,0.0,68.97,0.0,0.0,0.0,0.0,0.0,0.0,0.0,0.0,0.0,0.0,0.0
564,53,Back Flow Tube,0.79,1.06,0.0,0.44,0.0,0.4,18.67,1.34,7.66,0.0,69.64,0.0,0.0,0.0,0.0,0.0,0.0,0.0,0.0,0.0,0.0,0.0
565,54,Back Flow Tube,0.78,0.81,0.0,0.42,0.0,0.4,19.11,1.44,8.66,0.0,68.38,0.0,0.0,0.0,0.0,0.0,0.0,0.0,0.0,0.0,0.0,0.0
566,55,Back Flow Tube,0.92,0.93,0.0,0.33,0.0,0.3,18.2,1.36,7.38,0.0,70.58,0.0,0.0,0.0,0.0,0.0,0.0,0.0,0.0,0.0,0.0,0.0
567,56,Back Flow Tube,0.8,0.99,0.0,0.44,0.0,0.36,18.56,1.5,8.44,0.0,68.91,0.0,0.0,0.0,0.0,0.0,0.0,0.0,0.0,0.0,0.0,0.0
568,57,Back Flow Tube,0.85,0.81,0.0,0.37,0.0,0.31,16.6,1.44,7.45,0.0,72.17,0.0,0.0,0.0,0.0,0.0,0.0,0.0,0.0,0.0,0.0,0.0
569,58,Back Flow Tube,0.73,1.07,0.0,0.43,0.0,0.39,18.44,1.57,7.66,0.0,69.71,0.0,0.0,0.0,0.0,0.0,0.0,0.0,0.0,0.0,0.0,0.0
570,59,Back Flow Tube,0.97,0.76,0.0,0.46,0.0,0.34,17.44,1.15,7.77,0.0,71.11,0.0,0.0,0.0,0.0,0.0,0.0,0.0,0.0,0.0,0.0,0.0
571,60,Back Flow Tube,0.72,1.05,0.0,0.4,0.0,0.33,17.32,1.52,8.32,0.0,70.34,0.0,0.0,0.0,0.0,0.0,0.0,0.0,0.0,0.0,0.0,0.0
572,61,Back Flow Tube,0.81,0.82,0.0,0.42,0.0,0.33,19.08,1.44,8.05,0.0,69.05,0.0,0.0,0.0,0.0,0.0,0.0,0.0,0.0,0.0,0.0,0.0
573,62,Back Flow Tube,0.79,0.91,0.0,0.36,0.0,0.31,17.17,1.54,7.97,0.0,70.95,0.0,0.0,0.0,0.0,0.0,0.0,0.0,0.0,0.0,0.0,0.0
574,63,Back Flow Tube,0.8,0.89,0.0,0.47,0.0,0.4,19.67,1.41,8.23,0.0,68.13,0.0,0.0,0.0,0.0,0.0,0.0,0.0,0.0,0.0,0.0,0.0
575,64,Back Flow Tube,0.66,1.03,0.0,0.49,0.0,0.38,17.41,1.2,7.88,0.0,70.95,0.0,0.0,0.0,0.0,0.0,0.0,0.0,0.0,0.0,0.0,0.0
576,65,Back Flow Tube,0.83,1.12,0.0,0.41,0.0,0.39,17.83,1.49,7.94,0.0,69.99,0.0,0.0,0.0,0.0,0.0,0.0,0.0,0.0,0.0,0.0,0.0
577,66,Back Flow Tube,0.84,0.86,0.0,0.47,0.0,0.36,17.67,1.37,7.62,0.0,70.81,0.0,0.0,0.0,0.0,0.0,0.0,0.0,0.0,0.0,0.0,0.0
578,67,Back Flow Tube,0.7,0.8,0.0,0.46,0.0,0.32,17.75,1.39,7.58,0.0,71.0,0.0,0.0,0.0,0.0,0.0,0.0,0.0,0.0,0.0,0.0,0.0
579,68,Back Flow Tube,0.99,1.14,0.0,0.43,0.0,0.34,18.14,1.35,8.21,0.0,69.4,0.0,0.0,0.0,0.0,0.0,0.0,0.0,0.0,0.0,0.0,0.0
580,69,Back Flow Tube,0.79,1.11,0.0,0.41,0.0,0.32,18.38,1.38,8.32,0.0,69.29,0.0,0.0,0.0,0.0,0.0,0.0,0.0,0.0,0.0,0.0,0.0
581,70,Back Flow Tube,0.64,0.9,0.0,0.41,0.0,0.34,17.58,1.51,7.72,0.0,70.9,0.0,0.0,0.0,0.0,0.0,0.0,0.0,0.0,0.0,0.0,0.0
582,71,Back Flow Tube,0.88,0.91,0.0,0.32,0.0,0.35,17.79,1.32,7.99,0.0,70.44,0.0,0.0,0.0,0.0,0.0,0.0,0.0,0.0,0.0,0.0,0.0
583,72,Back Flow Tube,0.72,0.91,0.0,0.38,0.0,0.34,19.55,1.4,8.09,0.0,68.61,0.0,0.0,0.0,0.0,0.0,0.0,0.0,0.0,0.0,0.0,0.0
584,73,Back Flow Tube,0.82,0.68,0.0,0.39,0.0,0.3,17.72,1.31,8.05,0.0,70.73,0.0,0.0,0.0,0.0,0.0,0.0,0.0,0.0,0.0,0.0,0.0
585,74,Back Flow Tube,0.75,0.86,0.0,0.37,0.0,0.36,18.5,1.39,8.45,0.0,69.32,0.0,0.0,0.0,0.0,0.0,0.0,0.0,0.0,0.0,0.0,0.0
586,75,Back Flow Tube,0.92,0.99,0.0,0.4,0.0,0.38,18.51,1.48,7.85,0.0,69.47,0.0,0.0,0.0,0.0,0.0,0.0,0.0,0.0,0.0,0.0,0.0
587,76,Back Flow Tube,0.81,0.93,0.0,0.28,0.0,0.3,17.14,1.48,8.44,0.0,70.62,0.0,0.0,0.0,0.0,0.0,0.0,0.0,0.0,0.0,0.0,0.0
588,77,Back Flow Tube,0.69,0.9,0.0,0.4,0.0,0.33,18.92,1.37,8.54,0.0,68.85,0.0,0.0,0.0,0.0,0.0,0.0,0.0,0.0,0.0,0.0,0.0
589,78,Back Flow Tube,0.83,0.93,0.0,0.36,0.0,0.31,18.1,1.28,7.87,0.0,70.32,0.0,0.0,0.0,0.0,0.0,0.0,0.0,0.0,0.0,0.0,0.0
590,79,Back Flow Tube,0.71,0.85,0.0,0.4,0.0,0.39,18.38,1.53,7.72,0.0,70.02,0.0,0.0,0.0,0.0,0.0,0.0,0.0,0.0,0.0,0.0,0.0
591,80,Back Flow Tube,1.12,0.96,0.0,0.38,0.0,0.3,18.22,1.31,8.0,0.0,69.71,0.0,0.0,0.0,0.0,0.0,0.0,0.0,0.0,0.0,0.0,0.0
592,81,Back Flow Tube,0.8,0.84,0.0,0.45,0.0,0.34,18.28,1.41,8.15,0.0,69.73,0.0,0.0,0.0,0.0,0.0,0.0,0.0,0.0,0.0,0.0,0.0
593,82,Back Flow Tube,0.82,0.83,0.0,0.42,0.0,0.32,18.49,1.32,7.93,0.0,69.87,0.0,0.0,0.0,0.0,0.0,0.0,0.0,0.0,0.0,0.0,0.0
594,83,Back Flow Tube,0.77,0.85,0.0,0.42,0.0,0.34,17.36,1.42,8.15,0.0,70.69,0.0,0.0,0.0,0.0,0.0,0.0,0.0,0.0,0.0,0.0,0.0
595,84,Back Flow Tube,0.79,1.05,0.0,0.49,0.0,0.35,17.25,1.31,8.34,0.0,70.42,0.0,0.0,0.0,0.0,0.0,0.0,0.0,0.0,0.0,0.0,0.0
596,85,Back Flow Tube,0.67,0.95,0.0,0.39,0.0,0.37,17.6,1.43,8.01,0.0,70.58,0.0,0.0,0.0,0.0,0.0,0.0,0.0,0.0,0.0,0.0,0.0
597,86,Back Flow Tube,0.93,0.83,0.0,0.45,0.0,0.32,17.82,1.38,7.96,0.0,70.31,0.0,0.0,0.0,0.0,0.0,0.0,0.0,0.0,0.0,0.0,0.0
598,87,Back Flow Tube,0.78,1.0,0.0,0.41,0.0,0.45,17.62,1.55,7.97,0.0,70.22,0.0,0.0,0.0,0.0,0.0,0.0,0.0,0.0,0.0,0.0,0.0
599,88,Back Flow Tube,0.85,0.79,0.0,0.4,0.0,0.35,17.1,1.39,8.34,0.0,70.78,0.0,0.0,0.0,0.0,0.0,0.0,0.0,0.0,0.0,0.0,0.0
600,89,Back Flow Tube,0.85,1.05,0.0,0.41,0.0,0.41,18.45,1.36,8.7,0.0,68.77,0.0,0.0,0.0,0.0,0.0,0.0,0.0,0.0,0.0,0.0,0.0
601,90,Back Flow Tube,0.73,0.94,0.0,0.47,0.0,0.36,17.91,1.43,8.47,0.0,69.69,0.0,0.0,0.0,0.0,0.0,0.0,0.0,0.0,0.0,0.0,0.0
602,91,Back Flow Tube,0.93,0.74,0.0,0.41,0.0,0.34,18.77,1.4,8.36,0.0,69.05,0.0,0.0,0.0,0.0,0.0,0.0,0.0,0.0,0.0,0.0,0.0
603,92,Back Flow Tube,0.9,1.07,0.0,0.39,0.0,0.39,17.04,1.4,8.43,0.0,70.38,0.0,0.0,0.0,0.0,0.0,0.0,0.0,0.0,0.0,0.0,0.0
604,93,Back Flow Tube,0.93,0.77,0.0,0.44,0.0,0.32,18.94,1.27,7.91,0.0,69.42,0.0,0.0,0.0,0.0,0.0,0.0,0.0,0.0,0.0,0.0,0.0
605,94,Back Flow Tube,0.73,0.84,0.0,0.42,0.0,0.33,18.59,1.35,7.79,0.0,69.95,0.0,0.0,0.0,0.0,0.0,0.0,0.0,0.0,0.0,0.0,0.0
606,95,Back Flow Tube,0.78,0.87,0.0,0.38,0.0,0.35,18.46,1.43,8.43,0.0,69.3,0.0,0.0,0.0,0.0,0.0,0.0,0.0,0.0,0.0,0.0,0.0
607,96,Back Flow Tube,0.84,0.92,0.0,0.39,0.0,0.45,17.63,1.4,7.99,0.0,70.38,0.0,0.0,0.0,0.0,0.0,0.0,0.0,0.0,0.0,0.0,0.0
608,97,Back Flow Tube,0.88,0.83,0.0,0.42,0.0,0.31,19.09,1.52,8.22,0.0,68.73,0.0,0.0,0.0,0.0,0.0,0.0,0.0,0.0,0.0,0.0,0.0
609,98,Back Flow Tube,0.85,1.01,0.0,0.35,0.0,0.35,17.56,1.28,7.68,0.0,70.92,0.0,0.0,0.0,0.0,0.0,0.0,0.0,0.0,0.0,0.0,0.0
610,99,Back Flow Tube,0.84,1.09,0.0,0.37,0.0,0.36,18.22,1.33,8.03,0.0,69.76,0.0,0.0,0.0,0.0,0.0,0.0,0.0,0.0,0.0,0.0,0.0
611,100,Back Flow Tube,0.76,1.05,0.0,0.42,0.0,0.33,17.97,1.29,7.82,0.0,70.36,0.0,0.0,0.0,0.0,0.0,0.0,0.0,0.0,0.0,0.0,0.0
612,1,Ball Guide,5.67,2.55,0.49,0.2,0.0,0.0,1.56,0.29,0.0,0.0,89.24,0.0,0.0,0.0,0.0,0.0,0.0,0.0,0.0,0.0,0.0,0.0
613,2,Ball Guide,4.64,2.24,0.34,0.21,0.0,0.0,1.57,0.32,0.0,0.0,90.68,0.0,0.0,0.0,0.0,0.0,0.0,0.0,0.0,0.0,0.0,0.0
614,3,Ball Guide,5.13,2.29,0.39,0.18,0.0,0.0,1.72,0.34,0.0,0.0,89.95,0.0,0.0,0.0,0.0,0.0,0.0,0.0,0.0,0.0,0.0,0.0
615,4,Ball Guide,4.85,2.69,0.38,0.24,0.0,0.0,1.14,0.32,0.0,0.0,90.38,0.0,0.0,0.0,0.0,0.0,0.0,0.0,0.0,0.0,0.0,0.0
616,5,Ball Guide,5.28,1.98,0.44,0.24,0.0,0.0,1.42,0.3,0.0,0.0,90.34,0.0,0.0,0.0,0.0,0.0,0.0,0.0,0.0,0.0,0.0,0.0
617,6,Ball Guide,4.87,2.22,0.4,0.18,0.0,0.0,1.68,0.28,0.0,0.0,90.37,0.0,0.0,0.0,0.0,0.0,0.0,0.0,0.0,0.0,0.0,0.0
618,7,Ball Guide,5.76,1.91,0.41,0.17,0.0,0.0,1.78,0.28,0.0,0.0,89.69,0.0,0.0,0.0,0.0,0.0,0.0,0.0,0.0,0.0,0.0,0.0
619,8,Ball Guide,4.91,2.6,0.49,0.21,0.0,0.0,1.42,0.23,0.0,0.0,90.14,0.0,0.0,0.0,0.0,0.0,0.0,0.0,0.0,0.0,0.0,0.0
620,9,Ball Guide,5.05,2.17,0.44,0.16,0.0,0.0,1.21,0.26,0.0,0.0,90.71,0.0,0.0,0.0,0.0,0.0,0.0,0.0,0.0,0.0,0.0,0.0
621,10,Ball Guide,5.48,2.14,0.42,0.23,0.0,0.0,1.44,0.26,0.0,0.0,90.03,0.0,0.0,0.0,0.0,0.0,0.0,0.0,0.0,0.0,0.0,0.0
622,11,Ball Guide,5.24,2.2,0.41,0.28,0.0,0.0,1.59,0.34,0.0,0.0,89.94,0.0,0.0,0.0,0.0,0.0,0.0,0.0,0.0,0.0,0.0,0.0
623,12,Ball Guide,4.5,2.54,0.38,0.23,0.0,0.0,1.36,0.32,0.0,0.0,90.67,0.0,0.0,0.0,0.0,0.0,0.0,0.0,0.0,0.0,0.0,0.0
624,13,Ball Guide,4.47,2.1,0.42,0.18,0.0,0.0,1.72,0.29,0.0,0.0,90.82,0.0,0.0,0.0,0.0,0.0,0.0,0.0,0.0,0.0,0.0,0.0
625,14,Ball Guide,4.69,2.41,0.42,0.24,0.0,0.0,1.72,0.26,0.0,0.0,90.26,0.0,0.0,0.0,0.0,0.0,0.0,0.0,0.0,0.0,0.0,0.0
626,15,Ball Guide,4.28,2.09,0.5,0.2,0.0,0.0,1.45,0.29,0.0,0.0,91.19,0.0,0.0,0.0,0.0,0.0,0.0,0.0,0.0,0.0,0.0,0.0
627,16,Ball Guide,3.8,2.1,0.41,0.22,0.0,0.0,1.43,0.34,0.0,0.0,91.7,0.0,0.0,0.0,0.0,0.0,0.0,0.0,0.0,0.0,0.0,0.0
628,17,Ball Guide,5.4,2.3,0.45,0.21,0.0,0.0,1.39,0.25,0.0,0.0,90.0,0.0,0.0,0.0,0.0,0.0,0.0,0.0,0.0,0.0,0.0,0.0
629,18,Ball Guide,4.03,2.2,0.33,0.18,0.0,0.0,1.66,0.27,0.0,0.0,91.33,0.0,0.0,0.0,0.0,0.0,0.0,0.0,0.0,0.0,0.0,0.0
630,19,Ball Guide,5.66,2.04,0.5,0.16,0.0,0.0,1.59,0.25,0.0,0.0,89.8,0.0,0.0,0.0,0.0,0.0,0.0,0.0,0.0,0.0,0.0,0.0
631,20,Ball Guide,5.23,1.7,0.44,0.24,0.0,0.0,1.2,0.33,0.0,0.0,90.86,0.0,0.0,0.0,0.0,0.0,0.0,0.0,0.0,0.0,0.0,0.0
632,21,Ball Guide,4.61,2.49,0.44,0.2,0.0,0.0,1.81,0.29,0.0,0.0,90.16,0.0,0.0,0.0,0.0,0.0,0.0,0.0,0.0,0.0,0.0,0.0
633,22,Ball Guide,4.83,2.4,0.43,0.19,0.0,0.0,1.29,0.32,0.0,0.0,90.54,0.0,0.0,0.0,0.0,0.0,0.0,0.0,0.0,0.0,0.0,0.0
634,23,Ball Guide,5.35,1.68,0.41,0.2,0.0,0.0,1.41,0.31,0.0,0.0,90.64,0.0,0.0,0.0,0.0,0.0,0.0,0.0,0.0,0.0,0.0,0.0
635,24,Ball Guide,5.8,2.13,0.48,0.17,0.0,0.0,1.55,0.32,0.0,0.0,89.55,0.0,0.0,0.0,0.0,0.0,0.0,0.0,0.0,0.0,0.0,0.0
636,25,Ball Guide,4.1,2.56,0.49,0.17,0.0,0.0,1.79,0.26,0.0,0.0,90.63,0.0,0.0,0.0,0.0,0.0,0.0,0.0,0.0,0.0,0.0,0.0
637,26,Ball Guide,4.85,1.83,0.49,0.2,0.0,0.0,1.6,0.29,0.0,0.0,90.74,0.0,0.0,0.0,0.0,0.0,0.0,0.0,0.0,0.0,0.0,0.0
638,27,Ball Guide,5.15,2.41,0.44,0.18,0.0,0.0,1.78,0.32,0.0,0.0,89.72,0.0,0.0,0.0,0.0,0.0,0.0,0.0,0.0,0.0,0.0,0.0
639,28,Ball Guide,4.64,2.07,0.49,0.19,0.0,0.0,1.49,0.28,0.0,0.0,90.84,0.0,0.0,0.0,0.0,0.0,0.0,0.0,0.0,0.0,0.0,0.0
640,29,Ball Guide,4.87,2.07,0.52,0.17,0.0,0.0,1.54,0.26,0.0,0.0,90.57,0.0,0.0,0.0,0.0,0.0,0.0,0.0,0.0,0.0,0.0,0.0
641,30,Ball Guide,3.95,1.96,0.36,0.2,0.0,0.0,1.36,0.27,0.0,0.0,91.9,0.0,0.0,0.0,0.0,0.0,0.0,0.0,0.0,0.0,0.0,0.0
642,31,Ball Guide,4.19,1.92,0.49,0.21,0.0,0.0,1.75,0.28,0.0,0.0,91.16,0.0,0.0,0.0,0.0,0.0,0.0,0.0,0.0,0.0,0.0,0.0
643,32,Ball Guide,4.35,2.18,0.41,0.21,0.0,0.0,1.76,0.32,0.0,0.0,90.77,0.0,0.0,0.0,0.0,0.0,0.0,0.0,0.0,0.0,0.0,0.0
644,33,Ball Guide,4.47,2.46,0.47,0.18,0.0,0.0,1.55,0.31,0.0,0.0,90.56,0.0,0.0,0.0,0.0,0.0,0.0,0.0,0.0,0.0,0.0,0.0
645,34,Ball Guide,5.74,2.09,0.4,0.18,0.0,0.0,1.46,0.28,0.0,0.0,89.85,0.0,0.0,0.0,0.0,0.0,0.0,0.0,0.0,0.0,0.0,0.0
646,35,Ball Guide,4.63,2.35,0.4,0.26,0.0,0.0,1.43,0.33,0.0,0.0,90.6,0.0,0.0,0.0,0.0,0.0,0.0,0.0,0.0,0.0,0.0,0.0
647,36,Ball Guide,4.62,2.1,0.4,0.17,0.0,0.0,1.4,0.25,0.0,0.0,91.06,0.0,0.0,0.0,0.0,0.0,0.0,0.0,0.0,0.0,0.0,0.0
648,37,Ball Guide,3.86,2.15,0.38,0.15,0.0,0.0,1.55,0.33,0.0,0.0,91.58,0.0,0.0,0.0,0.0,0.0,0.0,0.0,0.0,0.0,0.0,0.0
649,38,Ball Guide,4.26,1.78,0.38,0.21,0.0,0.0,1.72,0.31,0.0,0.0,91.34,0.0,0.0,0.0,0.0,0.0,0.0,0.0,0.0,0.0,0.0,0.0
650,39,Ball Guide,5.76,2.4,0.41,0.27,0.0,0.0,1.6,0.28,0.0,0.0,89.28,0.0,0.0,0.0,0.0,0.0,0.0,0.0,0.0,0.0,0.0,0.0
651,40,Ball Guide,5.15,2.27,0.43,0.16,0.0,0.0,1.37,0.3,0.0,0.0,90.32,0.0,0.0,0.0,0.0,0.0,0.0,0.0,0.0,0.0,0.0,0.0
652,41,Ball Guide,4.78,2.0,0.35,0.19,0.0,0.0,1.21,0.25,0.0,0.0,91.22,0.0,0.0,0.0,0.0,0.0,0.0,0.0,0.0,0.0,0.0,0.0
653,42,Ball Guide,4.17,2.66,0.36,0.21,0.0,0.0,1.44,0.25,0.0,0.0,90.91,0.0,0.0,0.0,0.0,0.0,0.0,0.0,0.0,0.0,0.0,0.0
654,43,Ball Guide,4.35,2.04,0.51,0.19,0.0,0.0,1.56,0.38,0.0,0.0,90.97,0.0,0.0,0.0,0.0,0.0,0.0,0.0,0.0,0.0,0.0,0.0
655,44,Ball Guide,4.48,2.0,0.45,0.2,0.0,0.0,1.82,0.3,0.0,0.0,90.75,0.0,0.0,0.0,0.0,0.0,0.0,0.0,0.0,0.0,0.0,0.0
656,45,Ball Guide,4.97,2.51,0.51,0.22,0.0,0.0,1.48,0.29,0.0,0.0,90.02,0.0,0.0,0.0,0.0,0.0,0.0,0.0,0.0,0.0,0.0,0.0
657,46,Ball Guide,4.39,2.03,0.34,0.15,0.0,0.0,1.57,0.31,0.0,0.0,91.21,0.0,0.0,0.0,0.0,0.0,0.0,0.0,0.0,0.0,0.0,0.0
658,47,Ball Guide,4.09,2.65,0.34,0.25,0.0,0.0,1.33,0.25,0.0,0.0,91.09,0.0,0.0,0.0,0.0,0.0,0.0,0.0,0.0,0.0,0.0,0.0
659,48,Ball Guide,4.99,1.79,0.38,0.16,0.0,0.0,1.39,0.29,0.0,0.0,91.0,0.0,0.0,0.0,0.0,0.0,0.0,0.0,0.0,0.0,0.0,0.0
660,49,Ball Guide,4.47,2.09,0.48,0.21,0.0,0.0,1.2,0.25,0.0,0.0,91.3,0.0,0.0,0.0,0.0,0.0,0.0,0.0,0.0,0.0,0.0,0.0
661,50,Ball Guide,5.17,2.15,0.43,0.22,0.0,0.0,1.5,0.28,0.0,0.0,90.25,0.0,0.0,0.0,0.0,0.0,0.0,0.0,0.0,0.0,0.0,0.0
662,51,Ball Guide,4.0,2.34,0.44,0.27,0.0,0.0,1.42,0.3,0.0,0.0,91.23,0.0,0.0,0.0,0.0,0.0,0.0,0.0,0.0,0.0,0.0,0.0
663,52,Ball Guide,4.95,2.12,0.45,0.24,0.0,0.0,1.52,0.29,0.0,0.0,90.43,0.0,0.0,0.0,0.0,0.0,0.0,0.0,0.0,0.0,0.0,0.0
664,53,Ball Guide,4.25,1.93,0.4,0.21,0.0,0.0,1.43,0.31,0.0,0.0,91.47,0.0,0.0,0.0,0.0,0.0,0.0,0.0,0.0,0.0,0.0,0.0
665,54,Ball Guide,4.14,1.71,0.38,0.2,0.0,0.0,1.5,0.28,0.0,0.0,91.79,0.0,0.0,0.0,0.0,0.0,0.0,0.0,0.0,0.0,0.0,0.0
666,55,Ball Guide,5.35,2.28,0.49,0.16,0.0,0.0,1.46,0.28,0.0,0.0,89.98,0.0,0.0,0.0,0.0,0.0,0.0,0.0,0.0,0.0,0.0,0.0
667,56,Ball Guide,4.33,2.65,0.31,0.19,0.0,0.0,1.44,0.32,0.0,0.0,90.76,0.0,0.0,0.0,0.0,0.0,0.0,0.0,0.0,0.0,0.0,0.0
668,57,Ball Guide,4.64,1.75,0.32,0.2,0.0,0.0,1.52,0.29,0.0,0.0,91.28,0.0,0.0,0.0,0.0,0.0,0.0,0.0,0.0,0.0,0.0,0.0
669,58,Ball Guide,4.68,2.3,0.38,0.2,0.0,0.0,1.42,0.29,0.0,0.0,90.73,0.0,0.0,0.0,0.0,0.0,0.0,0.0,0.0,0.0,0.0,0.0
670,59,Ball Guide,3.99,2.12,0.38,0.2,0.0,0.0,1.61,0.3,0.0,0.0,91.4,0.0,0.0,0.0,0.0,0.0,0.0,0.0,0.0,0.0,0.0,0.0
671,60,Ball Guide,4.86,2.17,0.37,0.21,0.0,0.0,1.8,0.29,0.0,0.0,90.3,0.0,0.0,0.0,0.0,0.0,0.0,0.0,0.0,0.0,0.0,0.0
672,61,Ball Guide,4.44,2.01,0.34,0.18,0.0,0.0,1.36,0.31,0.0,0.0,91.36,0.0,0.0,0.0,0.0,0.0,0.0,0.0,0.0,0.0,0.0,0.0
673,62,Ball Guide,4.92,2.21,0.32,0.22,0.0,0.0,1.77,0.27,0.0,0.0,90.29,0.0,0.0,0.0,0.0,0.0,0.0,0.0,0.0,0.0,0.0,0.0
674,63,Ball Guide,4.45,2.4,0.39,0.21,0.0,0.0,1.47,0.29,0.0,0.0,90.79,0.0,0.0,0.0,0.0,0.0,0.0,0.0,0.0,0.0,0.0,0.0
675,64,Ball Guide,5.11,2.33,0.5,0.23,0.0,0.0,1.85,0.32,0.0,0.0,89.66,0.0,0.0,0.0,0.0,0.0,0.0,0.0,0.0,0.0,0.0,0.0
676,65,Ball Guide,4.29,1.96,0.42,0.19,0.0,0.0,1.45,0.23,0.0,0.0,91.46,0.0,0.0,0.0,0.0,0.0,0.0,0.0,0.0,0.0,0.0,0.0
677,66,Ball Guide,5.02,2.23,0.52,0.21,0.0,0.0,1.41,0.27,0.0,0.0,90.34,0.0,0.0,0.0,0.0,0.0,0.0,0.0,0.0,0.0,0.0,0.0
678,67,Ball Guide,4.71,2.23,0.48,0.28,0.0,0.0,1.3,0.28,0.0,0.0,90.72,0.0,0.0,0.0,0.0,0.0,0.0,0.0,0.0,0.0,0.0,0.0
679,68,Ball Guide,4.67,1.97,0.43,0.25,0.0,0.0,1.49,0.33,0.0,0.0,90.86,0.0,0.0,0.0,0.0,0.0,0.0,0.0,0.0,0.0,0.0,0.0
680,69,Ball Guide,3.59,2.38,0.32,0.23,0.0,0.0,1.43,0.3,0.0,0.0,91.75,0.0,0.0,0.0,0.0,0.0,0.0,0.0,0.0,0.0,0.0,0.0
681,70,Ball Guide,5.26,1.79,0.36,0.24,0.0,0.0,1.57,0.3,0.0,0.0,90.48,0.0,0.0,0.0,0.0,0.0,0.0,0.0,0.0,0.0,0.0,0.0
682,71,Ball Guide,4.47,2.41,0.4,0.23,0.0,0.0,1.74,0.31,0.0,0.0,90.44,0.0,0.0,0.0,0.0,0.0,0.0,0.0,0.0,0.0,0.0,0.0
683,72,Ball Guide,4.31,2.36,0.37,0.19,0.0,0.0,1.74,0.27,0.0,0.0,90.76,0.0,0.0,0.0,0.0,0.0,0.0,0.0,0.0,0.0,0.0,0.0
684,73,Ball Guide,3.83,2.07,0.4,0.18,0.0,0.0,1.45,0.25,0.0,0.0,91.82,0.0,0.0,0.0,0.0,0.0,0.0,0.0,0.0,0.0,0.0,0.0
685,74,Ball Guide,5.05,2.2,0.47,0.22,0.0,0.0,1.57,0.25,0.0,0.0,90.24,0.0,0.0,0.0,0.0,0.0,0.0,0.0,0.0,0.0,0.0,0.0
686,75,Ball Guide,5.26,2.05,0.45,0.21,0.0,0.0,1.61,0.32,0.0,0.0,90.1,0.0,0.0,0.0,0.0,0.0,0.0,0.0,0.0,0.0,0.0,0.0
687,76,Ball Guide,4.02,2.15,0.53,0.19,0.0,0.0,1.41,0.26,0.0,0.0,91.44,0.0,0.0,0.0,0.0,0.0,0.0,0.0,0.0,0.0,0.0,0.0
688,77,Ball Guide,4.48,1.49,0.39,0.2,0.0,0.0,1.35,0.34,0.0,0.0,91.75,0.0,0.0,0.0,0.0,0.0,0.0,0.0,0.0,0.0,0.0,0.0
689,78,Ball Guide,5.15,2.06,0.34,0.19,0.0,0.0,1.45,0.28,0.0,0.0,90.53,0.0,0.0,0.0,0.0,0.0,0.0,0.0,0.0,0.0,0.0,0.0
690,79,Ball Guide,4.64,2.08,0.39,0.2,0.0,0.0,1.18,0.32,0.0,0.0,91.19,0.0,0.0,0.0,0.0,0.0,0.0,0.0,0.0,0.0,0.0,0.0
691,80,Ball Guide,4.78,2.06,0.35,0.19,0.0,0.0,1.32,0.26,0.0,0.0,91.04,0.0,0.0,0.0,0.0,0.0,0.0,0.0,0.0,0.0,0.0,0.0
692,81,Ball Guide,5.96,2.02,0.34,0.19,0.0,0.0,1.53,0.29,0.0,0.0,89.67,0.0,0.0,0.0,0.0,0.0,0.0,0.0,0.0,0.0,0.0,0.0
693,82,Ball Guide,4.91,2.17,0.44,0.26,0.0,0.0,1.32,0.25,0.0,0.0,90.65,0.0,0.0,0.0,0.0,0.0,0.0,0.0,0.0,0.0,0.0,0.0
694,83,Ball Guide,5.1,1.9,0.51,0.23,0.0,0.0,1.36,0.3,0.0,0.0,90.6,0.0,0.0,0.0,0.0,0.0,0.0,0.0,0.0,0.0,0.0,0.0
695,84,Ball Guide,4.31,1.8,0.35,0.2,0.0,0.0,1.36,0.29,0.0,0.0,91.69,0.0,0.0,0.0,0.0,0.0,0.0,0.0,0.0,0.0,0.0,0.0
696,85,Ball Guide,4.63,2.4,0.39,0.23,0.0,0.0,1.74,0.28,0.0,0.0,90.33,0.0,0.0,0.0,0.0,0.0,0.0,0.0,0.0,0.0,0.0,0.0
697,86,Ball Guide,5.0,2.22,0.36,0.18,0.0,0.0,1.26,0.36,0.0,0.0,90.62,0.0,0.0,0.0,0.0,0.0,0.0,0.0,0.0,0.0,0.0,0.0
698,87,Ball Guide,4.86,2.01,0.43,0.15,0.0,0.0,1.74,0.3,0.0,0.0,90.51,0.0,0.0,0.0,0.0,0.0,0.0,0.0,0.0,0.0,0.0,0.0
699,88,Ball Guide,4.97,2.32,0.43,0.21,0.0,0.0,1.37,0.28,0.0,0.0,90.42,0.0,0.0,0.0,0.0,0.0,0.0,0.0,0.0,0.0,0.0,0.0
700,89,Ball Guide,4.9,2.57,0.46,0.2,0.0,0.0,1.83,0.27,0.0,0.0,89.77,0.0,0.0,0.0,0.0,0.0,0.0,0.0,0.0,0.0,0.0,0.0
701,90,Ball Guide,5.18,2.01,0.49,0.22,0.0,0.0,1.61,0.32,0.0,0.0,90.17,0.0,0.0,0.0,0.0,0.0,0.0,0.0,0.0,0.0,0.0,0.0
702,91,Ball Guide,4.01,2.56,0.38,0.22,0.0,0.0,1.58,0.29,0.0,0.0,90.96,0.0,0.0,0.0,0.0,0.0,0.0,0.0,0.0,0.0,0.0,0.0
703,92,Ball Guide,4.19,1.82,0.39,0.19,0.0,0.0,1.48,0.28,0.0,0.0,91.65,0.0,0.0,0.0,0.0,0.0,0.0,0.0,0.0,0.0,0.0,0.0
704,93,Ball Guide,5.25,2.22,0.32,0.2,0.0,0.0,1.75,0.39,0.0,0.0,89.87,0.0,0.0,0.0,0.0,0.0,0.0,0.0,0.0,0.0,0.0,0.0
705,94,Ball Guide,4.93,1.58,0.39,0.18,0.0,0.0,1.36,0.27,0.0,0.0,91.29,0.0,0.0,0.0,0.0,0.0,0.0,0.0,0.0,0.0,0.0,0.0
706,95,Ball Guide,4.69,1.96,0.34,0.19,0.0,0.0,1.45,0.29,0.0,0.0,91.08,0.0,0.0,0.0,0.0,0.0,0.0,0.0,0.0,0.0,0.0,0.0
707,96,Ball Guide,4.17,2.33,0.48,0.22,0.0,0.0,1.59,0.32,0.0,0.0,90.89,0.0,0.0,0.0,0.0,0.0,0.0,0.0,0.0,0.0,0.0,0.0
708,97,Ball Guide,4.68,2.45,0.43,0.2,0.0,0.0,1.7,0.25,0.0,0.0,90.29,0.0,0.0,0.0,0.0,0.0,0.0,0.0,0.0,0.0,0.0,0.0
709,98,Ball Guide,4.22,2.38,0.42,0.2,0.0,0.0,1.55,0.32,0.0,0.0,90.91,0.0,0.0,0.0,0.0,0.0,0.0,0.0,0.0,0.0,0.0,0.0
710,99,Ball Guide,4.75,2.06,0.44,0.17,0.0,0.0,1.57,0.31,0.0,0.0,90.7,0.0,0.0,0.0,0.0,0.0,0.0,0.0,0.0,0.0,0.0,0.0
711,100,Ball Guide,3.84,1.64,0.5,0.18,0.0,0.0,1.33,0.31,0.0,0.0,92.2,0.0,0.0,0.0,0.0,0.0,0.0,0.0,0.0,0.0,0.0,0.0
712,101,Ball Guide,4.54,1.85,0.44,0.18,0.0,0.0,1.6,0.34,0.0,0.0,91.05,0.0,0.0,0.0,0.0,0.0,0.0,0.0,0.0,0.0,0.0,0.0
713,102,Ball Guide,4.98,2.33,0.44,0.25,0.0,0.0,1.84,0.28,0.0,0.0,89.88,0.0,0.0,0.0,0.0,0.0,0.0,0.0,0.0,0.0,0.0,0.0
714,103,Ball Guide,4.3,2.19,0.49,0.19,0.0,0.0,1.29,0.27,0.0,0.0,91.27,0.0,0.0,0.0,0.0,0.0,0.0,0.0,0.0,0.0,0.0,0.0
715,1,Blade Terminal,0.0,0.23,0.0,0.22,0.0,0.0,0.0,0.0,1.17,0.0,0.1,0.0,45.09,2.3,0.0,49.84,0.17,0.88,0.0,0.0,0.0,0.0
716,2,Blade Terminal,0.0,0.26,0.0,0.25,0.0,0.0,0.0,0.0,1.31,0.0,0.15,0.0,49.09,2.63,0.0,45.05,0.18,1.08,0.0,0.0,0.0,0.0
717,3,Blade Terminal,0.0,0.25,0.0,0.28,0.0,0.0,0.0,0.0,1.01,0.0,0.16,0.0,49.26,2.87,0.0,44.93,0.17,1.07,0.0,0.0,0.0,0.0
718,4,Blade Terminal,0.0,0.26,0.0,0.23,0.0,0.0,0.0,0.0,1.24,0.0,0.17,0.0,45.26,2.37,0.0,49.37,0.15,0.95,0.0,0.0,0.0,0.0
719,5,Blade Terminal,0.0,0.19,0.0,0.22,0.0,0.0,0.0,0.0,1.27,0.0,0.13,0.0,45.45,2.02,0.0,49.73,0.13,0.86,0.0,0.0,0.0,0.0
720,6,Blade Terminal,0.0,0.26,0.0,0.26,0.0,0.0,0.0,0.0,1.28,0.0,0.16,0.0,44.68,3.06,0.0,49.15,0.16,0.99,0.0,0.0,0.0,0.0
721,7,Blade Terminal,0.0,0.19,0.0,0.29,0.0,0.0,0.0,0.0,0.92,0.0,0.14,0.0,53.53,3.06,0.0,40.61,0.19,1.07,0.0,0.0,0.0,0.0
722,8,Blade Terminal,0.0,0.33,0.0,0.24,0.0,0.0,0.0,0.0,0.92,0.0,0.14,0.0,43.1,2.04,0.0,52.12,0.15,0.96,0.0,0.0,0.0,0.0
723,9,Blade Terminal,0.0,0.28,0.0,0.19,0.0,0.0,0.0,0.0,0.87,0.0,0.13,0.0,50.45,2.31,0.0,44.6,0.16,1.01,0.0,0.0,0.0,0.0
724,10,Blade Terminal,0.0,0.26,0.0,0.23,0.0,0.0,0.0,0.0,0.95,0.0,0.13,0.0,52.17,2.95,0.0,42.13,0.17,1.01,0.0,0.0,0.0,0.0
725,11,Blade Terminal,0.0,0.3,0.0,0.25,0.0,0.0,0.0,0.0,1.18,0.0,0.13,0.0,46.83,3.67,0.0,46.45,0.16,1.03,0.0,0.0,0.0,0.0
726,12,Blade Terminal,0.0,0.3,0.0,0.24,0.0,0.0,0.0,0.0,1.21,0.0,0.17,0.0,46.67,2.71,0.0,47.71,0.13,0.86,0.0,0.0,0.0,0.0
727,13,Blade Terminal,0.0,0.29,0.0,0.19,0.0,0.0,0.0,0.0,1.33,0.0,0.15,0.0,52.98,2.0,0.0,42.22,0.13,0.71,0.0,0.0,0.0,0.0
728,14,Blade Terminal,0.0,0.31,0.0,0.25,0.0,0.0,0.0,0.0,1.23,0.0,0.15,0.0,45.37,2.34,0.0,49.13,0.18,1.04,0.0,0.0,0.0,0.0
729,15,Blade Terminal,0.0,0.19,0.0,0.24,0.0,0.0,0.0,0.0,0.92,0.0,0.15,0.0,51.3,2.33,0.0,43.75,0.14,0.98,0.0,0.0,0.0,0.0
730,16,Blade Terminal,0.0,0.22,0.0,0.16,0.0,0.0,0.0,0.0,0.91,0.0,0.09,0.0,49.8,2.32,0.0,45.58,0.14,0.78,0.0,0.0,0.0,0.0
731,17,Blade Terminal,0.0,0.25,0.0,0.28,0.0,0.0,0.0,0.0,1.3,0.0,0.13,0.0,51.22,3.08,0.0,42.6,0.19,0.95,0.0,0.0,0.0,0.0
732,18,Blade Terminal,0.0,0.24,0.0,0.24,0.0,0.0,0.0,0.0,1.44,0.0,0.11,0.0,49.95,2.59,0.0,44.31,0.15,0.97,0.0,0.0,0.0,0.0
733,19,Blade Terminal,0.0,0.25,0.0,0.23,0.0,0.0,0.0,0.0,1.05,0.0,0.13,0.0,50.27,2.42,0.0,44.57,0.14,0.94,0.0,0.0,0.0,0.0
734,20,Blade Terminal,0.0,0.25,0.0,0.26,0.0,0.0,0.0,0.0,1.11,0.0,0.15,0.0,46.13,2.65,0.0,48.2,0.15,1.1,0.0,0.0,0.0,0.0
735,21,Blade Terminal,0.0,0.3,0.0,0.22,0.0,0.0,0.0,0.0,1.16,0.0,0.15,0.0,52.5,2.86,0.0,41.56,0.15,1.1,0.0,0.0,0.0,0.0
736,22,Blade Terminal,0.0,0.22,0.0,0.21,0.0,0.0,0.0,0.0,1.05,0.0,0.12,0.0,45.0,2.67,0.0,49.74,0.13,0.86,0.0,0.0,0.0,0.0
737,23,Blade Terminal,0.0,0.27,0.0,0.24,0.0,0.0,0.0,0.0,1.22,0.0,0.16,0.0,43.51,3.08,0.0,50.28,0.14,1.1,0.0,0.0,0.0,0.0
738,24,Blade Terminal,0.0,0.26,0.0,0.23,0.0,0.0,0.0,0.0,0.96,0.0,0.14,0.0,48.75,2.68,0.0,45.59,0.12,1.27,0.0,0.0,0.0,0.0
739,25,Blade Terminal,0.0,0.25,0.0,0.24,0.0,0.0,0.0,0.0,1.05,0.0,0.12,0.0,46.82,2.81,0.0,47.66,0.19,0.86,0.0,0.0,0.0,0.0
740,26,Blade Terminal,0.0,0.3,0.0,0.25,0.0,0.0,0.0,0.0,1.2,0.0,0.13,0.0,45.58,2.1,0.0,49.14,0.14,1.16,0.0,0.0,0.0,0.0
741,27,Blade Terminal,0.0,0.27,0.0,0.22,0.0,0.0,0.0,0.0,1.19,0.0,0.14,0.0,45.25,2.42,0.0,49.4,0.15,0.96,0.0,0.0,0.0,0.0
742,28,Blade Terminal,0.0,0.28,0.0,0.26,0.0,0.0,0.0,0.0,1.27,0.0,0.17,0.0,40.84,2.64,0.0,53.34,0.17,1.03,0.0,0.0,0.0,0.0
743,29,Blade Terminal,0.0,0.25,0.0,0.26,0.0,0.0,0.0,0.0,1.08,0.0,0.19,0.0,51.04,2.36,0.0,43.62,0.16,1.04,0.0,0.0,0.0,0.0
744,30,Blade Terminal,0.0,0.25,0.0,0.26,0.0,0.0,0.0,0.0,1.1,0.0,0.16,0.0,47.86,3.18,0.0,45.95,0.17,1.07,0.0,0.0,0.0,0.0
745,31,Blade Terminal,0.0,0.26,0.0,0.26,0.0,0.0,0.0,0.0,1.13,0.0,0.15,0.0,47.04,3.16,0.0,46.78,0.14,1.08,0.0,0.0,0.0,0.0
746,32,Blade Terminal,0.0,0.24,0.0,0.28,0.0,0.0,0.0,0.0,1.02,0.0,0.14,0.0,51.47,2.56,0.0,43.21,0.16,0.92,0.0,0.0,0.0,0.0
747,33,Blade Terminal,0.0,0.2,0.0,0.21,0.0,0.0,0.0,0.0,1.46,0.0,0.13,0.0,46.41,3.1,0.0,47.24,0.15,1.1,0.0,0.0,0.0,0.0
748,34,Blade Terminal,0.0,0.25,0.0,0.2,0.0,0.0,0.0,0.0,1.27,0.0,0.16,0.0,46.44,2.58,0.0,47.94,0.13,1.03,0.0,0.0,0.0,0.0
749,35,Blade Terminal,0.0,0.21,0.0,0.22,0.0,0.0,0.0,0.0,1.24,0.0,0.18,0.0,53.69,2.57,0.0,40.92,0.18,0.79,0.0,0.0,0.0,0.0
750,36,Blade Terminal,0.0,0.24,0.0,0.29,0.0,0.0,0.0,0.0,1.26,0.0,0.13,0.0,45.2,2.1,0.0,49.87,0.13,0.78,0.0,0.0,0.0,0.0
751,37,Blade Terminal,0.0,0.26,0.0,0.25,0.0,0.0,0.0,0.0,1.31,0.0,0.17,0.0,56.24,2.37,0.0,38.29,0.13,0.98,0.0,0.0,0.0,0.0
752,38,Blade Terminal,0.0,0.25,0.0,0.25,0.0,0.0,0.0,0.0,1.02,0.0,0.2,0.0,48.03,2.74,0.0,46.44,0.15,0.92,0.0,0.0,0.0,0.0
753,39,Blade Terminal,0.0,0.29,0.0,0.23,0.0,0.0,0.0,0.0,0.99,0.0,0.17,0.0,46.24,2.34,0.0,48.68,0.16,0.9,0.0,0.0,0.0,0.0
754,40,Blade Terminal,0.0,0.26,0.0,0.28,0.0,0.0,0.0,0.0,0.91,0.0,0.17,0.0,47.96,3.02,0.0,46.2,0.2,1.0,0.0,0.0,0.0,0.0
755,41,Blade Terminal,0.0,0.3,0.0,0.25,0.0,0.0,0.0,0.0,1.17,0.0,0.14,0.0,50.62,2.86,0.0,43.51,0.16,0.99,0.0,0.0,0.0,0.0
756,42,Blade Terminal,0.0,0.26,0.0,0.24,0.0,0.0,0.0,0.0,1.09,0.0,0.12,0.0,42.47,2.41,0.0,52.42,0.17,0.82,0.0,0.0,0.0,0.0
757,43,Blade Terminal,0.0,0.29,0.0,0.32,0.0,0.0,0.0,0.0,1.15,0.0,0.14,0.0,52.67,3.15,0.0,41.14,0.18,0.96,0.0,0.0,0.0,0.0
758,44,Blade Terminal,0.0,0.33,0.0,0.24,0.0,0.0,0.0,0.0,1.44,0.0,0.16,0.0,51.52,2.84,0.0,42.23,0.17,1.07,0.0,0.0,0.0,0.0
759,45,Blade Terminal,0.0,0.28,0.0,0.25,0.0,0.0,0.0,0.0,1.27,0.0,0.19,0.0,52.72,3.25,0.0,40.88,0.17,0.99,0.0,0.0,0.0,0.0
760,46,Blade Terminal,0.0,0.3,0.0,0.25,0.0,0.0,0.0,0.0,1.4,0.0,0.18,0.0,43.84,3.11,0.0,49.75,0.16,1.01,0.0,0.0,0.0,0.0
761,47,Blade Terminal,0.0,0.25,0.0,0.27,0.0,0.0,0.0,0.0,1.11,0.0,0.16,0.0,48.27,2.86,0.0,45.88,0.17,1.03,0.0,0.0,0.0,0.0
762,48,Blade Terminal,0.0,0.33,0.0,0.25,0.0,0.0,0.0,0.0,1.25,0.0,0.16,0.0,50.37,2.59,0.0,43.89,0.19,0.97,0.0,0.0,0.0,0.0
763,49,Blade Terminal,0.0,0.23,0.0,0.25,0.0,0.0,0.0,0.0,1.01,0.0,0.13,0.0,48.64,2.47,0.0,46.2,0.12,0.95,0.0,0.0,0.0,0.0
764,50,Blade Terminal,0.0,0.31,0.0,0.26,0.0,0.0,0.0,0.0,0.98,0.0,0.13,0.0,45.19,2.48,0.0,49.61,0.2,0.84,0.0,0.0,0.0,0.0
765,51,Blade Terminal,0.0,0.27,0.0,0.2,0.0,0.0,0.0,0.0,1.01,0.0,0.18,0.0,48.36,2.91,0.0,46.07,0.15,0.85,0.0,0.0,0.0,0.0
766,52,Blade Terminal,0.0,0.27,0.0,0.26,0.0,0.0,0.0,0.0,1.17,0.0,0.14,0.0,44.34,2.68,0.0,50.2,0.16,0.78,0.0,0.0,0.0,0.0
767,53,Blade Terminal,0.0,0.27,0.0,0.24,0.0,0.0,0.0,0.0,1.21,0.0,0.17,0.0,46.54,3.26,0.0,46.92,0.15,1.24,0.0,0.0,0.0,0.0
768,54,Blade Terminal,0.0,0.24,0.0,0.24,0.0,0.0,0.0,0.0,1.42,0.0,0.15,0.0,41.18,2.89,0.0,52.69,0.15,1.04,0.0,0.0,0.0,0.0
769,55,Blade Terminal,0.0,0.3,0.0,0.24,0.0,0.0,0.0,0.0,1.54,0.0,0.15,0.0,48.17,3.73,0.0,44.71,0.18,0.98,0.0,0.0,0.0,0.0
770,56,Blade Terminal,0.0,0.3,0.0,0.2,0.0,0.0,0.0,0.0,1.31,0.0,0.12,0.0,46.91,3.13,0.0,46.94,0.15,0.94,0.0,0.0,0.0,0.0
771,57,Blade Terminal,0.0,0.23,0.0,0.27,0.0,0.0,0.0,0.0,1.21,0.0,0.11,0.0,54.77,2.59,0.0,39.75,0.12,0.95,0.0,0.0,0.0,0.0
772,58,Blade Terminal,0.0,0.27,0.0,0.3,0.0,0.0,0.0,0.0,0.99,0.0,0.15,0.0,50.36,3.11,0.0,43.77,0.17,0.88,0.0,0.0,0.0,0.0
773,59,Blade Terminal,0.0,0.27,0.0,0.25,0.0,0.0,0.0,0.0,1.41,0.0,0.13,0.0,53.05,3.14,0.0,40.59,0.17,0.99,0.0,0.0,0.0,0.0
774,60,Blade Terminal,0.0,0.25,0.0,0.24,0.0,0.0,0.0,0.0,1.37,0.0,0.16,0.0,52.76,3.05,0.0,41.11,0.16,0.9,0.0,0.0,0.0,0.0
775,61,Blade Terminal,0.0,0.25,0.0,0.29,0.0,0.0,0.0,0.0,1.24,0.0,0.14,0.0,47.88,2.88,0.0,46.16,0.15,1.01,0.0,0.0,0.0,0.0
776,62,Blade Terminal,0.0,0.3,0.0,0.19,0.0,0.0,0.0,0.0,1.16,0.0,0.15,0.0,50.96,2.88,0.0,43.34,0.14,0.88,0.0,0.0,0.0,0.0
777,63,Blade Terminal,0.0,0.23,0.0,0.22,0.0,0.0,0.0,0.0,1.17,0.0,0.14,0.0,46.41,2.31,0.0,48.69,0.15,0.68,0.0,0.0,0.0,0.0
778,64,Blade Terminal,0.0,0.27,0.0,0.23,0.0,0.0,0.0,0.0,1.31,0.0,0.15,0.0,45.78,2.88,0.0,48.37,0.16,0.85,0.0,0.0,0.0,0.0
779,65,Blade Terminal,0.0,0.26,0.0,0.27,0.0,0.0,0.0,0.0,1.41,0.0,0.15,0.0,49.37,3.19,0.0,44.02,0.16,1.17,0.0,0.0,0.0,0.0
780,66,Blade Terminal,0.0,0.23,0.0,0.2,0.0,0.0,0.0,0.0,1.0,0.0,0.13,0.0,49.64,2.34,0.0,45.47,0.14,0.85,0.0,0.0,0.0,0.0
781,67,Blade Terminal,0.0,0.25,0.0,0.26,0.0,0.0,0.0,0.0,0.87,0.0,0.14,0.0,49.32,3.12,0.0,44.75,0.17,1.12,0.0,0.0,0.0,0.0
782,68,Blade Terminal,0.0,0.33,0.0,0.24,0.0,0.0,0.0,0.0,1.37,0.0,0.14,0.0,40.24,3.03,0.0,53.18,0.16,1.31,0.0,0.0,0.0,0.0
783,69,Blade Terminal,0.0,0.22,0.0,0.24,0.0,0.0,0.0,0.0,1.1,0.0,0.14,0.0,51.48,2.9,0.0,42.66,0.18,1.08,0.0,0.0,0.0,0.0
784,70,Blade Terminal,0.0,0.26,0.0,0.24,0.0,0.0,0.0,0.0,1.42,0.0,0.16,0.0,42.63,2.94,0.0,51.13,0.15,1.07,0.0,0.0,0.0,0.0
785,71,Blade Terminal,0.0,0.25,0.0,0.22,0.0,0.0,0.0,0.0,1.15,0.0,0.13,0.0,47.79,2.91,0.0,46.33,0.14,1.08,0.0,0.0,0.0,0.0
786,72,Blade Terminal,0.0,0.31,0.0,0.25,0.0,0.0,0.0,0.0,1.41,0.0,0.15,0.0,43.11,3.16,0.0,50.4,0.19,1.02,0.0,0.0,0.0,0.0
787,73,Blade Terminal,0.0,0.27,0.0,0.22,0.0,0.0,0.0,0.0,0.95,0.0,0.14,0.0,44.48,2.21,0.0,50.6,0.14,0.99,0.0,0.0,0.0,0.0
788,74,Blade Terminal,0.0,0.21,0.0,0.18,0.0,0.0,0.0,0.0,1.07,0.0,0.12,0.0,41.95,2.17,0.0,53.34,0.13,0.83,0.0,0.0,0.0,0.0
789,75,Blade Terminal,0.0,0.26,0.0,0.23,0.0,0.0,0.0,0.0,1.05,0.0,0.14,0.0,49.11,2.55,0.0,45.56,0.15,0.95,0.0,0.0,0.0,0.0
790,76,Blade Terminal,0.0,0.26,0.0,0.25,0.0,0.0,0.0,0.0,1.1,0.0,0.13,0.0,51.31,3.09,0.0,42.9,0.15,0.81,0.0,0.0,0.0,0.0
791,77,Blade Terminal,0.0,0.21,0.0,0.22,0.0,0.0,0.0,0.0,1.19,0.0,0.15,0.0,48.39,2.4,0.0,46.43,0.13,0.88,0.0,0.0,0.0,0.0
792,78,Blade Terminal,0.0,0.29,0.0,0.28,0.0,0.0,0.0,0.0,1.14,0.0,0.16,0.0,36.09,3.36,0.0,57.55,0.18,0.95,0.0,0.0,0.0,0.0
793,79,Blade Terminal,0.0,0.23,0.0,0.27,0.0,0.0,0.0,0.0,1.3,0.0,0.18,0.0,42.49,2.87,0.0,51.39,0.16,1.11,0.0,0.0,0.0,0.0
794,80,Blade Terminal,0.0,0.35,0.0,0.22,0.0,0.0,0.0,0.0,1.09,0.0,0.17,0.0,48.07,2.55,0.0,46.3,0.18,1.07,0.0,0.0,0.0,0.0
795,81,Blade Terminal,0.0,0.29,0.0,0.3,0.0,0.0,0.0,0.0,1.29,0.0,0.21,0.0,43.72,3.66,0.0,49.38,0.14,1.01,0.0,0.0,0.0,0.0
796,82,Blade Terminal,0.0,0.23,0.0,0.26,0.0,0.0,0.0,0.0,1.15,0.0,0.14,0.0,49.11,2.18,0.0,46.0,0.15,0.78,0.0,0.0,0.0,0.0
797,83,Blade Terminal,0.0,0.35,0.0,0.25,0.0,0.0,0.0,0.0,1.2,0.0,0.14,0.0,50.88,2.21,0.0,43.65,0.22,1.1,0.0,0.0,0.0,0.0
798,84,Blade Terminal,0.0,0.35,0.0,0.26,0.0,0.0,0.0,0.0,1.18,0.0,0.19,0.0,46.76,3.08,0.0,46.95,0.19,1.04,0.0,0.0,0.0,0.0
799,85,Blade Terminal,0.0,0.24,0.0,0.27,0.0,0.0,0.0,0.0,1.03,0.0,0.13,0.0,44.9,2.61,0.0,49.62,0.16,1.04,0.0,0.0,0.0,0.0
800,86,Blade Terminal,0.0,0.25,0.0,0.24,0.0,0.0,0.0,0.0,1.41,0.0,0.13,0.0,44.51,2.7,0.0,49.65,0.14,0.97,0.0,0.0,0.0,0.0
801,87,Blade Terminal,0.0,0.3,0.0,0.26,0.0,0.0,0.0,0.0,1.3,0.0,0.14,0.0,42.4,2.9,0.0,51.49,0.18,1.03,0.0,0.0,0.0,0.0
802,88,Blade Terminal,0.0,0.22,0.0,0.24,0.0,0.0,0.0,0.0,0.86,0.0,0.13,0.0,51.0,2.72,0.0,43.82,0.15,0.86,0.0,0.0,0.0,0.0
803,89,Blade Terminal,0.0,0.26,0.0,0.26,0.0,0.0,0.0,0.0,1.36,0.0,0.16,0.0,47.81,3.27,0.0,45.4,0.16,1.32,0.0,0.0,0.0,0.0
804,90,Blade Terminal,0.0,0.23,0.0,0.27,0.0,0.0,0.0,0.0,1.15,0.0,0.17,0.0,52.85,2.83,0.0,41.32,0.14,1.04,0.0,0.0,0.0,0.0
805,91,Blade Terminal,0.0,0.3,0.0,0.27,0.0,0.0,0.0,0.0,1.28,0.0,0.14,0.0,51.45,3.04,0.0,42.5,0.14,0.88,0.0,0.0,0.0,0.0
806,92,Blade Terminal,0.0,0.33,0.0,0.25,0.0,0.0,0.0,0.0,1.26,0.0,0.14,0.0,49.59,3.04,0.0,44.4,0.14,0.85,0.0,0.0,0.0,0.0
807,93,Blade Terminal,0.0,0.29,0.0,0.25,0.0,0.0,0.0,0.0,1.38,0.0,0.14,0.0,53.01,2.29,0.0,41.64,0.16,0.84,0.0,0.0,0.0,0.0
808,94,Blade Terminal,0.0,0.28,0.0,0.23,0.0,0.0,0.0,0.0,1.34,0.0,0.15,0.0,43.7,3.06,0.0,50.19,0.16,0.89,0.0,0.0,0.0,0.0
809,95,Blade Terminal,0.0,0.31,0.0,0.3,0.0,0.0,0.0,0.0,1.19,0.0,0.14,0.0,56.99,3.22,0.0,36.64,0.18,1.03,0.0,0.0,0.0,0.0
810,96,Blade Terminal,0.0,0.25,0.0,0.24,0.0,0.0,0.0,0.0,1.15,0.0,0.15,0.0,44.82,2.8,0.0,49.54,0.15,0.9,0.0,0.0,0.0,0.0
811,97,Blade Terminal,0.0,0.22,0.0,0.23,0.0,0.0,0.0,0.0,0.99,0.0,0.13,0.0,43.31,2.4,0.0,51.74,0.13,0.85,0.0,0.0,0.0,0.0
812,98,Blade Terminal,0.0,0.29,0.0,0.24,0.0,0.0,0.0,0.0,1.19,0.0,0.12,0.0,43.44,2.8,0.0,50.81,0.17,0.94,0.0,0.0,0.0,0.0
813,1,C Shim,4.14,1.05,0.0,0.28,0.0,0.0,1.58,0.26,0.0,0.0,92.69,0.0,0.0,0.0,0.0,0.0,0.0,0.0,0.0,0.0,0.0,0.0
814,2,C Shim,3.88,1.11,0.0,0.26,0.0,0.0,1.62,0.37,0.0,0.0,92.76,0.0,0.0,0.0,0.0,0.0,0.0,0.0,0.0,0.0,0.0,0.0
815,3,C Shim,3.78,1.06,0.0,0.26,0.0,0.0,1.63,0.31,0.0,0.0,92.96,0.0,0.0,0.0,0.0,0.0,0.0,0.0,0.0,0.0,0.0,0.0
816,4,C Shim,3.83,1.09,0.0,0.23,0.0,0.0,1.85,0.37,0.0,0.0,92.63,0.0,0.0,0.0,0.0,0.0,0.0,0.0,0.0,0.0,0.0,0.0
817,5,C Shim,3.69,1.29,0.0,0.27,0.0,0.0,1.74,0.41,0.0,0.0,92.6,0.0,0.0,0.0,0.0,0.0,0.0,0.0,0.0,0.0,0.0,0.0
818,6,C Shim,3.77,1.28,0.0,0.3,0.0,0.0,1.55,0.32,0.0,0.0,92.78,0.0,0.0,0.0,0.0,0.0,0.0,0.0,0.0,0.0,0.0,0.0
819,7,C Shim,3.92,1.19,0.0,0.3,0.0,0.0,1.43,0.38,0.0,0.0,92.78,0.0,0.0,0.0,0.0,0.0,0.0,0.0,0.0,0.0,0.0,0.0
820,8,C Shim,3.67,1.09,0.0,0.28,0.0,0.0,1.58,0.36,0.0,0.0,93.02,0.0,0.0,0.0,0.0,0.0,0.0,0.0,0.0,0.0,0.0,0.0
821,9,C Shim,4.0,1.12,0.0,0.29,0.0,0.0,1.52,0.39,0.0,0.0,92.68,0.0,0.0,0.0,0.0,0.0,0.0,0.0,0.0,0.0,0.0,0.0
822,10,C Shim,3.24,1.1,0.0,0.3,0.0,0.0,1.67,0.32,0.0,0.0,93.37,0.0,0.0,0.0,0.0,0.0,0.0,0.0,0.0,0.0,0.0,0.0
823,11,C Shim,3.85,1.14,0.0,0.26,0.0,0.0,1.61,0.3,0.0,0.0,92.84,0.0,0.0,0.0,0.0,0.0,0.0,0.0,0.0,0.0,0.0,0.0
824,12,C Shim,3.83,1.11,0.0,0.27,0.0,0.0,1.59,0.3,0.0,0.0,92.9,0.0,0.0,0.0,0.0,0.0,0.0,0.0,0.0,0.0,0.0,0.0
825,13,C Shim,3.19,1.07,0.0,0.27,0.0,0.0,1.57,0.32,0.0,0.0,93.58,0.0,0.0,0.0,0.0,0.0,0.0,0.0,0.0,0.0,0.0,0.0
826,14,C Shim,3.96,1.15,0.0,0.25,0.0,0.0,1.57,0.38,0.0,0.0,92.69,0.0,0.0,0.0,0.0,0.0,0.0,0.0,0.0,0.0,0.0,0.0
827,15,C Shim,4.05,1.22,0.0,0.31,0.0,0.0,1.71,0.37,0.0,0.0,92.34,0.0,0.0,0.0,0.0,0.0,0.0,0.0,0.0,0.0,0.0,0.0
828,16,C Shim,3.45,1.09,0.0,0.28,0.0,0.0,1.5,0.34,0.0,0.0,93.34,0.0,0.0,0.0,0.0,0.0,0.0,0.0,0.0,0.0,0.0,0.0
829,17,C Shim,3.22,1.18,0.0,0.27,0.0,0.0,1.78,0.37,0.0,0.0,93.18,0.0,0.0,0.0,0.0,0.0,0.0,0.0,0.0,0.0,0.0,0.0
830,18,C Shim,3.79,1.01,0.0,0.27,0.0,0.0,1.69,0.33,0.0,0.0,92.91,0.0,0.0,0.0,0.0,0.0,0.0,0.0,0.0,0.0,0.0,0.0
831,19,C Shim,3.53,1.14,0.0,0.31,0.0,0.0,1.49,0.37,0.0,0.0,93.16,0.0,0.0,0.0,0.0,0.0,0.0,0.0,0.0,0.0,0.0,0.0
832,20,C Shim,3.59,1.06,0.0,0.32,0.0,0.0,1.65,0.38,0.0,0.0,93.0,0.0,0.0,0.0,0.0,0.0,0.0,0.0,0.0,0.0,0.0,0.0
833,21,C Shim,3.45,1.06,0.0,0.24,0.0,0.0,1.42,0.33,0.0,0.0,93.5,0.0,0.0,0.0,0.0,0.0,0.0,0.0,0.0,0.0,0.0,0.0
834,22,C Shim,4.08,1.02,0.0,0.3,0.0,0.0,1.79,0.45,0.0,0.0,92.36,0.0,0.0,0.0,0.0,0.0,0.0,0.0,0.0,0.0,0.0,0.0
835,23,C Shim,3.55,1.09,0.0,0.31,0.0,0.0,1.71,0.3,0.0,0.0,93.04,0.0,0.0,0.0,0.0,0.0,0.0,0.0,0.0,0.0,0.0,0.0
836,24,C Shim,3.79,1.19,0.0,0.29,0.0,0.0,1.73,0.37,0.0,0.0,92.63,0.0,0.0,0.0,0.0,0.0,0.0,0.0,0.0,0.0,0.0,0.0
837,25,C Shim,3.73,1.09,0.0,0.3,0.0,0.0,1.7,0.33,0.0,0.0,92.85,0.0,0.0,0.0,0.0,0.0,0.0,0.0,0.0,0.0,0.0,0.0
838,26,C Shim,3.47,1.19,0.0,0.26,0.0,0.0,1.62,0.31,0.0,0.0,93.15,0.0,0.0,0.0,0.0,0.0,0.0,0.0,0.0,0.0,0.0,0.0
839,27,C Shim,3.59,1.07,0.0,0.24,0.0,0.0,1.54,0.3,0.0,0.0,93.26,0.0,0.0,0.0,0.0,0.0,0.0,0.0,0.0,0.0,0.0,0.0
840,28,C Shim,3.59,1.23,0.0,0.28,0.0,0.0,1.57,0.32,0.0,0.0,93.01,0.0,0.0,0.0,0.0,0.0,0.0,0.0,0.0,0.0,0.0,0.0
841,29,C Shim,3.99,1.2,0.0,0.3,0.0,0.0,1.64,0.34,0.0,0.0,92.53,0.0,0.0,0.0,0.0,0.0,0.0,0.0,0.0,0.0,0.0,0.0
842,30,C Shim,3.83,1.15,0.0,0.31,0.0,0.0,1.57,0.37,0.0,0.0,92.77,0.0,0.0,0.0,0.0,0.0,0.0,0.0,0.0,0.0,0.0,0.0
843,31,C Shim,3.56,1.21,0.0,0.31,0.0,0.0,1.72,0.35,0.0,0.0,92.85,0.0,0.0,0.0,0.0,0.0,0.0,0.0,0.0,0.0,0.0,0.0
844,32,C Shim,4.18,1.19,0.0,0.29,0.0,0.0,1.58,0.3,0.0,0.0,92.46,0.0,0.0,0.0,0.0,0.0,0.0,0.0,0.0,0.0,0.0,0.0
845,33,C Shim,3.44,0.99,0.0,0.27,0.0,0.0,1.63,0.36,0.0,0.0,93.31,0.0,0.0,0.0,0.0,0.0,0.0,0.0,0.0,0.0,0.0,0.0
846,34,C Shim,4.04,1.12,0.0,0.28,0.0,0.0,1.71,0.35,0.0,0.0,92.5,0.0,0.0,0.0,0.0,0.0,0.0,0.0,0.0,0.0,0.0,0.0
847,35,C Shim,3.73,1.09,0.0,0.22,0.0,0.0,1.48,0.33,0.0,0.0,93.15,0.0,0.0,0.0,0.0,0.0,0.0,0.0,0.0,0.0,0.0,0.0
848,36,C Shim,4.01,1.15,0.0,0.29,0.0,0.0,1.66,0.37,0.0,0.0,92.52,0.0,0.0,0.0,0.0,0.0,0.0,0.0,0.0,0.0,0.0,0.0
849,37,C Shim,3.51,1.12,0.0,0.28,0.0,0.0,1.62,0.41,0.0,0.0,93.06,0.0,0.0,0.0,0.0,0.0,0.0,0.0,0.0,0.0,0.0,0.0
850,38,C Shim,3.55,1.08,0.0,0.35,0.0,0.0,1.49,0.36,0.0,0.0,93.17,0.0,0.0,0.0,0.0,0.0,0.0,0.0,0.0,0.0,0.0,0.0
851,39,C Shim,3.23,1.04,0.0,0.29,0.0,0.0,1.6,0.31,0.0,0.0,93.53,0.0,0.0,0.0,0.0,0.0,0.0,0.0,0.0,0.0,0.0,0.0
852,40,C Shim,3.06,1.1,0.0,0.26,0.0,0.0,1.39,0.32,0.0,0.0,93.87,0.0,0.0,0.0,0.0,0.0,0.0,0.0,0.0,0.0,0.0,0.0
853,41,C Shim,3.61,1.02,0.0,0.25,0.0,0.0,1.67,0.43,0.0,0.0,93.02,0.0,0.0,0.0,0.0,0.0,0.0,0.0,0.0,0.0,0.0,0.0
854,42,C Shim,3.7,0.99,0.0,0.26,0.0,0.0,1.41,0.3,0.0,0.0,93.34,0.0,0.0,0.0,0.0,0.0,0.0,0.0,0.0,0.0,0.0,0.0
855,43,C Shim,4.5,1.12,0.0,0.31,0.0,0.0,1.76,0.36,0.0,0.0,91.95,0.0,0.0,0.0,0.0,0.0,0.0,0.0,0.0,0.0,0.0,0.0
856,44,C Shim,3.45,1.14,0.0,0.27,0.0,0.0,1.58,0.29,0.0,0.0,93.27,0.0,0.0,0.0,0.0,0.0,0.0,0.0,0.0,0.0,0.0,0.0
857,45,C Shim,3.45,1.25,0.0,0.29,0.0,0.0,1.74,0.41,0.0,0.0,92.86,0.0,0.0,0.0,0.0,0.0,0.0,0.0,0.0,0.0,0.0,0.0
858,46,C Shim,3.42,0.98,0.0,0.31,0.0,0.0,1.61,0.34,0.0,0.0,93.34,0.0,0.0,0.0,0.0,0.0,0.0,0.0,0.0,0.0,0.0,0.0
859,47,C Shim,3.32,1.1,0.0,0.28,0.0,0.0,1.56,0.37,0.0,0.0,93.37,0.0,0.0,0.0,0.0,0.0,0.0,0.0,0.0,0.0,0.0,0.0
860,48,C Shim,3.87,1.16,0.0,0.24,0.0,0.0,1.76,0.4,0.0,0.0,92.57,0.0,0.0,0.0,0.0,0.0,0.0,0.0,0.0,0.0,0.0,0.0
861,49,C Shim,3.69,1.16,0.0,0.27,0.0,0.0,1.73,0.3,0.0,0.0,92.85,0.0,0.0,0.0,0.0,0.0,0.0,0.0,0.0,0.0,0.0,0.0
862,50,C Shim,3.68,1.17,0.0,0.25,0.0,0.0,1.81,0.35,0.0,0.0,92.74,0.0,0.0,0.0,0.0,0.0,0.0,0.0,0.0,0.0,0.0,0.0
863,51,C Shim,4.21,1.14,0.0,0.29,0.0,0.0,1.54,0.36,0.0,0.0,92.46,0.0,0.0,0.0,0.0,0.0,0.0,0.0,0.0,0.0,0.0,0.0
864,52,C Shim,3.79,1.28,0.0,0.27,0.0,0.0,1.68,0.26,0.0,0.0,92.72,0.0,0.0,0.0,0.0,0.0,0.0,0.0,0.0,0.0,0.0,0.0
865,53,C Shim,3.15,1.17,0.0,0.23,0.0,0.0,1.55,0.34,0.0,0.0,93.56,0.0,0.0,0.0,0.0,0.0,0.0,0.0,0.0,0.0,0.0,0.0
866,54,C Shim,4.04,1.13,0.0,0.26,0.0,0.0,1.69,0.35,0.0,0.0,92.53,0.0,0.0,0.0,0.0,0.0,0.0,0.0,0.0,0.0,0.0,0.0
867,55,C Shim,3.88,1.12,0.0,0.3,0.0,0.0,1.87,0.34,0.0,0.0,92.49,0.0,0.0,0.0,0.0,0.0,0.0,0.0,0.0,0.0,0.0,0.0
868,56,C Shim,3.7,1.01,0.0,0.22,0.0,0.0,1.64,0.35,0.0,0.0,93.08,0.0,0.0,0.0,0.0,0.0,0.0,0.0,0.0,0.0,0.0,0.0
869,57,C Shim,3.39,1.19,0.0,0.23,0.0,0.0,1.51,0.28,0.0,0.0,93.4,0.0,0.0,0.0,0.0,0.0,0.0,0.0,0.0,0.0,0.0,0.0
870,58,C Shim,3.58,1.17,0.0,0.36,0.0,0.0,1.84,0.3,0.0,0.0,92.75,0.0,0.0,0.0,0.0,0.0,0.0,0.0,0.0,0.0,0.0,0.0
871,59,C Shim,3.62,1.01,0.0,0.3,0.0,0.0,1.72,0.28,0.0,0.0,93.07,0.0,0.0,0.0,0.0,0.0,0.0,0.0,0.0,0.0,0.0,0.0
872,60,C Shim,3.31,1.18,0.0,0.33,0.0,0.0,1.53,0.36,0.0,0.0,93.29,0.0,0.0,0.0,0.0,0.0,0.0,0.0,0.0,0.0,0.0,0.0
873,61,C Shim,3.92,1.16,0.0,0.25,0.0,0.0,1.86,0.39,0.0,0.0,92.42,0.0,0.0,0.0,0.0,0.0,0.0,0.0,0.0,0.0,0.0,0.0
874,62,C Shim,3.66,1.04,0.0,0.29,0.0,0.0,1.6,0.34,0.0,0.0,93.07,0.0,0.0,0.0,0.0,0.0,0.0,0.0,0.0,0.0,0.0,0.0
875,63,C Shim,3.6,1.2,0.0,0.29,0.0,0.0,1.56,0.29,0.0,0.0,93.06,0.0,0.0,0.0,0.0,0.0,0.0,0.0,0.0,0.0,0.0,0.0
876,64,C Shim,3.35,1.06,0.0,0.23,0.0,0.0,1.39,0.38,0.0,0.0,93.59,0.0,0.0,0.0,0.0,0.0,0.0,0.0,0.0,0.0,0.0,0.0
877,65,C Shim,3.93,1.08,0.0,0.25,0.0,0.0,1.82,0.35,0.0,0.0,92.57,0.0,0.0,0.0,0.0,0.0,0.0,0.0,0.0,0.0,0.0,0.0
878,66,C Shim,3.34,1.2,0.0,0.25,0.0,0.0,1.55,0.35,0.0,0.0,93.31,0.0,0.0,0.0,0.0,0.0,0.0,0.0,0.0,0.0,0.0,0.0
879,67,C Shim,3.73,1.13,0.0,0.29,0.0,0.0,1.66,0.27,0.0,0.0,92.92,0.0,0.0,0.0,0.0,0.0,0.0,0.0,0.0,0.0,0.0,0.0
880,68,C Shim,3.77,1.33,0.0,0.31,0.0,0.0,1.78,0.41,0.0,0.0,92.4,0.0,0.0,0.0,0.0,0.0,0.0,0.0,0.0,0.0,0.0,0.0
881,69,C Shim,3.3,0.99,0.0,0.27,0.0,0.0,1.86,0.29,0.0,0.0,93.29,0.0,0.0,0.0,0.0,0.0,0.0,0.0,0.0,0.0,0.0,0.0
882,70,C Shim,4.07,1.16,0.0,0.25,0.0,0.0,1.6,0.33,0.0,0.0,92.59,0.0,0.0,0.0,0.0,0.0,0.0,0.0,0.0,0.0,0.0,0.0
883,71,C Shim,3.93,1.02,0.0,0.24,0.0,0.0,1.7,0.3,0.0,0.0,92.81,0.0,0.0,0.0,0.0,0.0,0.0,0.0,0.0,0.0,0.0,0.0
884,72,C Shim,3.35,1.11,0.0,0.29,0.0,0.0,1.71,0.38,0.0,0.0,93.16,0.0,0.0,0.0,0.0,0.0,0.0,0.0,0.0,0.0,0.0,0.0
885,73,C Shim,3.46,1.0,0.0,0.26,0.0,0.0,1.6,0.41,0.0,0.0,93.27,0.0,0.0,0.0,0.0,0.0,0.0,0.0,0.0,0.0,0.0,0.0
886,74,C Shim,3.58,1.22,0.0,0.3,0.0,0.0,1.73,0.29,0.0,0.0,92.88,0.0,0.0,0.0,0.0,0.0,0.0,0.0,0.0,0.0,0.0,0.0
887,75,C Shim,3.86,1.21,0.0,0.37,0.0,0.0,1.69,0.33,0.0,0.0,92.54,0.0,0.0,0.0,0.0,0.0,0.0,0.0,0.0,0.0,0.0,0.0
888,76,C Shim,3.74,1.23,0.0,0.29,0.0,0.0,1.97,0.37,0.0,0.0,92.4,0.0,0.0,0.0,0.0,0.0,0.0,0.0,0.0,0.0,0.0,0.0
889,77,C Shim,3.45,1.1,0.0,0.26,0.0,0.0,1.73,0.41,0.0,0.0,93.05,0.0,0.0,0.0,0.0,0.0,0.0,0.0,0.0,0.0,0.0,0.0
890,78,C Shim,3.14,1.09,0.0,0.25,0.0,0.0,1.45,0.34,0.0,0.0,93.73,0.0,0.0,0.0,0.0,0.0,0.0,0.0,0.0,0.0,0.0,0.0
891,79,C Shim,3.39,1.21,0.0,0.24,0.0,0.0,1.46,0.31,0.0,0.0,93.39,0.0,0.0,0.0,0.0,0.0,0.0,0.0,0.0,0.0,0.0,0.0
892,80,C Shim,3.43,1.01,0.0,0.3,0.0,0.0,1.67,0.26,0.0,0.0,93.33,0.0,0.0,0.0,0.0,0.0,0.0,0.0,0.0,0.0,0.0,0.0
893,81,C Shim,3.53,1.05,0.0,0.27,0.0,0.0,1.41,0.38,0.0,0.0,93.36,0.0,0.0,0.0,0.0,0.0,0.0,0.0,0.0,0.0,0.0,0.0
894,82,C Shim,3.37,1.11,0.0,0.3,0.0,0.0,1.43,0.34,0.0,0.0,93.45,0.0,0.0,0.0,0.0,0.0,0.0,0.0,0.0,0.0,0.0,0.0
895,83,C Shim,3.93,1.24,0.0,0.31,0.0,0.0,1.8,0.26,0.0,0.0,92.46,0.0,0.0,0.0,0.0,0.0,0.0,0.0,0.0,0.0,0.0,0.0
896,84,C Shim,3.9,0.97,0.0,0.26,0.0,0.0,1.83,0.34,0.0,0.0,92.7,0.0,0.0,0.0,0.0,0.0,0.0,0.0,0.0,0.0,0.0,0.0
897,85,C Shim,4.03,1.06,0.0,0.34,0.0,0.0,1.85,0.35,0.0,0.0,92.37,0.0,0.0,0.0,0.0,0.0,0.0,0.0,0.0,0.0,0.0,0.0
898,86,C Shim,3.17,1.1,0.0,0.24,0.0,0.0,1.73,0.34,0.0,0.0,93.42,0.0,0.0,0.0,0.0,0.0,0.0,0.0,0.0,0.0,0.0,0.0
899,87,C Shim,3.59,1.2,0.0,0.24,0.0,0.0,1.76,0.35,0.0,0.0,92.86,0.0,0.0,0.0,0.0,0.0,0.0,0.0,0.0,0.0,0.0,0.0
900,88,C Shim,3.59,1.28,0.0,0.25,0.0,0.0,1.61,0.37,0.0,0.0,92.9,0.0,0.0,0.0,0.0,0.0,0.0,0.0,0.0,0.0,0.0,0.0
901,89,C Shim,3.79,1.39,0.0,0.27,0.0,0.0,1.73,0.33,0.0,0.0,92.49,0.0,0.0,0.0,0.0,0.0,0.0,0.0,0.0,0.0,0.0,0.0
902,90,C Shim,3.82,1.1,0.0,0.27,0.0,0.0,1.44,0.36,0.0,0.0,93.01,0.0,0.0,0.0,0.0,0.0,0.0,0.0,0.0,0.0,0.0,0.0
903,91,C Shim,3.76,1.17,0.0,0.24,0.0,0.0,1.65,0.38,0.0,0.0,92.8,0.0,0.0,0.0,0.0,0.0,0.0,0.0,0.0,0.0,0.0,0.0
904,92,C Shim,3.62,1.22,0.0,0.25,0.0,0.0,1.43,0.34,0.0,0.0,93.14,0.0,0.0,0.0,0.0,0.0,0.0,0.0,0.0,0.0,0.0,0.0
905,93,C Shim,3.75,1.22,0.0,0.25,0.0,0.0,1.65,0.43,0.0,0.0,92.7,0.0,0.0,0.0,0.0,0.0,0.0,0.0,0.0,0.0,0.0,0.0
906,94,C Shim,3.5,1.14,0.0,0.28,0.0,0.0,1.76,0.34,0.0,0.0,92.98,0.0,0.0,0.0,0.0,0.0,0.0,0.0,0.0,0.0,0.0,0.0
907,95,C Shim,3.72,1.08,0.0,0.24,0.0,0.0,1.7,0.35,0.0,0.0,92.91,0.0,0.0,0.0,0.0,0.0,0.0,0.0,0.0,0.0,0.0,0.0
908,96,C Shim,4.03,1.23,0.0,0.28,0.0,0.0,1.7,0.36,0.0,0.0,92.4,0.0,0.0,0.0,0.0,0.0,0.0,0.0,0.0,0.0,0.0,0.0
909,97,C Shim,3.64,1.05,0.0,0.31,0.0,0.0,1.63,0.36,0.0,0.0,93.01,0.0,0.0,0.0,0.0,0.0,0.0,0.0,0.0,0.0,0.0,0.0
910,98,C Shim,4.4,1.17,0.0,0.29,0.0,0.0,1.7,0.36,0.0,0.0,92.08,0.0,0.0,0.0,0.0,0.0,0.0,0.0,0.0,0.0,0.0,0.0
911,1,CRI Injector Body,0.75,0.48,0.0,0.21,0.0,0.0,0.3,0.72,0.0,0.22,97.32,0.0,0.0,0.0,0.0,0.0,0.0,0.0,0.0,0.0,0.0,0.0
912,2,CRI Injector Body,0.86,0.57,0.0,0.2,0.0,0.0,0.24,0.68,0.0,0.22,97.23,0.0,0.0,0.0,0.0,0.0,0.0,0.0,0.0,0.0,0.0,0.0
913,3,CRI Injector Body,0.84,0.39,0.0,0.23,0.0,0.0,0.3,0.89,0.0,0.25,97.1,0.0,0.0,0.0,0.0,0.0,0.0,0.0,0.0,0.0,0.0,0.0
914,4,CRI Injector Body,0.66,0.58,0.0,0.25,0.0,0.0,0.28,0.83,0.0,0.17,97.23,0.0,0.0,0.0,0.0,0.0,0.0,0.0,0.0,0.0,0.0,0.0
915,5,CRI Injector Body,0.64,0.41,0.0,0.19,0.0,0.0,0.38,0.78,0.0,0.17,97.43,0.0,0.0,0.0,0.0,0.0,0.0,0.0,0.0,0.0,0.0,0.0
916,6,CRI Injector Body,0.66,0.46,0.0,0.23,0.0,0.0,0.23,0.79,0.0,0.21,97.42,0.0,0.0,0.0,0.0,0.0,0.0,0.0,0.0,0.0,0.0,0.0
917,7,CRI Injector Body,0.62,0.56,0.0,0.24,0.0,0.0,0.26,0.75,0.0,0.22,97.35,0.0,0.0,0.0,0.0,0.0,0.0,0.0,0.0,0.0,0.0,0.0
918,8,CRI Injector Body,0.64,0.52,0.0,0.23,0.0,0.0,0.3,1.02,0.0,0.22,97.07,0.0,0.0,0.0,0.0,0.0,0.0,0.0,0.0,0.0,0.0,0.0
919,9,CRI Injector Body,0.67,0.51,0.0,0.25,0.0,0.0,0.27,0.76,0.0,0.2,97.34,0.0,0.0,0.0,0.0,0.0,0.0,0.0,0.0,0.0,0.0,0.0
920,10,CRI Injector Body,0.7,0.36,0.0,0.18,0.0,0.0,0.29,0.66,0.0,0.23,97.58,0.0,0.0,0.0,0.0,0.0,0.0,0.0,0.0,0.0,0.0,0.0
921,11,CRI Injector Body,0.72,0.58,0.0,0.2,0.0,0.0,0.27,0.82,0.0,0.2,97.21,0.0,0.0,0.0,0.0,0.0,0.0,0.0,0.0,0.0,0.0,0.0
922,12,CRI Injector Body,0.65,0.59,0.0,0.21,0.0,0.0,0.26,0.66,0.0,0.2,97.43,0.0,0.0,0.0,0.0,0.0,0.0,0.0,0.0,0.0,0.0,0.0
923,13,CRI Injector Body,0.74,0.52,0.0,0.22,0.0,0.0,0.34,0.85,0.0,0.26,97.07,0.0,0.0,0.0,0.0,0.0,0.0,0.0,0.0,0.0,0.0,0.0
924,14,CRI Injector Body,0.74,0.52,0.0,0.2,0.0,0.0,0.31,0.72,0.0,0.24,97.27,0.0,0.0,0.0,0.0,0.0,0.0,0.0,0.0,0.0,0.0,0.0
925,15,CRI Injector Body,0.66,0.39,0.0,0.24,0.0,0.0,0.3,0.77,0.0,0.21,97.43,0.0,0.0,0.0,0.0,0.0,0.0,0.0,0.0,0.0,0.0,0.0
926,16,CRI Injector Body,0.6,0.39,0.0,0.18,0.0,0.0,0.26,0.71,0.0,0.17,97.69,0.0,0.0,0.0,0.0,0.0,0.0,0.0,0.0,0.0,0.0,0.0
927,17,CRI Injector Body,0.66,0.49,0.0,0.16,0.0,0.0,0.29,0.85,0.0,0.21,97.34,0.0,0.0,0.0,0.0,0.0,0.0,0.0,0.0,0.0,0.0,0.0
928,18,CRI Injector Body,0.65,0.54,0.0,0.18,0.0,0.0,0.29,0.65,0.0,0.19,97.5,0.0,0.0,0.0,0.0,0.0,0.0,0.0,0.0,0.0,0.0,0.0
929,19,CRI Injector Body,0.59,0.49,0.0,0.18,0.0,0.0,0.29,0.78,0.0,0.22,97.45,0.0,0.0,0.0,0.0,0.0,0.0,0.0,0.0,0.0,0.0,0.0
930,20,CRI Injector Body,0.93,0.5,0.0,0.22,0.0,0.0,0.3,0.77,0.0,0.2,97.08,0.0,0.0,0.0,0.0,0.0,0.0,0.0,0.0,0.0,0.0,0.0
931,21,CRI Injector Body,0.75,0.41,0.0,0.24,0.0,0.0,0.25,0.82,0.0,0.2,97.33,0.0,0.0,0.0,0.0,0.0,0.0,0.0,0.0,0.0,0.0,0.0
932,22,CRI Injector Body,0.61,0.47,0.0,0.2,0.0,0.0,0.26,0.77,0.0,0.27,97.42,0.0,0.0,0.0,0.0,0.0,0.0,0.0,0.0,0.0,0.0,0.0
933,23,CRI Injector Body,0.61,0.5,0.0,0.17,0.0,0.0,0.26,0.75,0.0,0.16,97.55,0.0,0.0,0.0,0.0,0.0,0.0,0.0,0.0,0.0,0.0,0.0
934,24,CRI Injector Body,0.61,0.46,0.0,0.21,0.0,0.0,0.27,0.77,0.0,0.25,97.43,0.0,0.0,0.0,0.0,0.0,0.0,0.0,0.0,0.0,0.0,0.0
935,25,CRI Injector Body,0.58,0.59,0.0,0.21,0.0,0.0,0.29,0.78,0.0,0.14,97.41,0.0,0.0,0.0,0.0,0.0,0.0,0.0,0.0,0.0,0.0,0.0
936,26,CRI Injector Body,0.8,0.48,0.0,0.22,0.0,0.0,0.29,0.92,0.0,0.21,97.08,0.0,0.0,0.0,0.0,0.0,0.0,0.0,0.0,0.0,0.0,0.0
937,27,CRI Injector Body,0.71,0.53,0.0,0.25,0.0,0.0,0.25,0.72,0.0,0.25,97.29,0.0,0.0,0.0,0.0,0.0,0.0,0.0,0.0,0.0,0.0,0.0
938,28,CRI Injector Body,0.69,0.4,0.0,0.19,0.0,0.0,0.24,0.81,0.0,0.22,97.45,0.0,0.0,0.0,0.0,0.0,0.0,0.0,0.0,0.0,0.0,0.0
939,29,CRI Injector Body,0.7,0.48,0.0,0.18,0.0,0.0,0.3,0.76,0.0,0.21,97.37,0.0,0.0,0.0,0.0,0.0,0.0,0.0,0.0,0.0,0.0,0.0
940,30,CRI Injector Body,0.61,0.55,0.0,0.28,0.0,0.0,0.28,0.78,0.0,0.19,97.31,0.0,0.0,0.0,0.0,0.0,0.0,0.0,0.0,0.0,0.0,0.0
941,31,CRI Injector Body,0.56,0.57,0.0,0.28,0.0,0.0,0.28,0.79,0.0,0.17,97.35,0.0,0.0,0.0,0.0,0.0,0.0,0.0,0.0,0.0,0.0,0.0
942,32,CRI Injector Body,0.65,0.54,0.0,0.17,0.0,0.0,0.25,0.73,0.0,0.19,97.47,0.0,0.0,0.0,0.0,0.0,0.0,0.0,0.0,0.0,0.0,0.0
943,33,CRI Injector Body,0.66,0.45,0.0,0.17,0.0,0.0,0.22,0.83,0.0,0.25,97.42,0.0,0.0,0.0,0.0,0.0,0.0,0.0,0.0,0.0,0.0,0.0
944,34,CRI Injector Body,0.68,0.44,0.0,0.21,0.0,0.0,0.3,0.76,0.0,0.21,97.4,0.0,0.0,0.0,0.0,0.0,0.0,0.0,0.0,0.0,0.0,0.0
945,35,CRI Injector Body,0.47,0.57,0.0,0.26,0.0,0.0,0.27,0.8,0.0,0.19,97.44,0.0,0.0,0.0,0.0,0.0,0.0,0.0,0.0,0.0,0.0,0.0
946,36,CRI Injector Body,0.66,0.61,0.0,0.18,0.0,0.0,0.27,0.96,0.0,0.22,97.1,0.0,0.0,0.0,0.0,0.0,0.0,0.0,0.0,0.0,0.0,0.0
947,37,CRI Injector Body,0.74,0.58,0.0,0.21,0.0,0.0,0.29,0.75,0.0,0.24,97.19,0.0,0.0,0.0,0.0,0.0,0.0,0.0,0.0,0.0,0.0,0.0
948,38,CRI Injector Body,0.61,0.45,0.0,0.25,0.0,0.0,0.24,0.79,0.0,0.2,97.46,0.0,0.0,0.0,0.0,0.0,0.0,0.0,0.0,0.0,0.0,0.0
949,39,CRI Injector Body,0.62,0.59,0.0,0.26,0.0,0.0,0.28,0.9,0.0,0.24,97.11,0.0,0.0,0.0,0.0,0.0,0.0,0.0,0.0,0.0,0.0,0.0
950,40,CRI Injector Body,0.56,0.48,0.0,0.22,0.0,0.0,0.24,0.97,0.0,0.23,97.3,0.0,0.0,0.0,0.0,0.0,0.0,0.0,0.0,0.0,0.0,0.0
951,41,CRI Injector Body,0.65,0.51,0.0,0.23,0.0,0.0,0.25,0.83,0.0,0.2,97.33,0.0,0.0,0.0,0.0,0.0,0.0,0.0,0.0,0.0,0.0,0.0
952,42,CRI Injector Body,0.67,0.33,0.0,0.22,0.0,0.0,0.27,0.79,0.0,0.23,97.49,0.0,0.0,0.0,0.0,0.0,0.0,0.0,0.0,0.0,0.0,0.0
953,43,CRI Injector Body,0.81,0.56,0.0,0.2,0.0,0.0,0.26,0.96,0.0,0.23,96.98,0.0,0.0,0.0,0.0,0.0,0.0,0.0,0.0,0.0,0.0,0.0
954,44,CRI Injector Body,0.72,0.61,0.0,0.26,0.0,0.0,0.25,0.74,0.0,0.17,97.25,0.0,0.0,0.0,0.0,0.0,0.0,0.0,0.0,0.0,0.0,0.0
955,45,CRI Injector Body,0.55,0.52,0.0,0.2,0.0,0.0,0.26,0.77,0.0,0.2,97.5,0.0,0.0,0.0,0.0,0.0,0.0,0.0,0.0,0.0,0.0,0.0
956,46,CRI Injector Body,0.7,0.56,0.0,0.21,0.0,0.0,0.25,0.7,0.0,0.21,97.37,0.0,0.0,0.0,0.0,0.0,0.0,0.0,0.0,0.0,0.0,0.0
957,47,CRI Injector Body,0.64,0.55,0.0,0.23,0.0,0.0,0.27,0.76,0.0,0.31,97.24,0.0,0.0,0.0,0.0,0.0,0.0,0.0,0.0,0.0,0.0,0.0
958,48,CRI Injector Body,0.64,0.43,0.0,0.21,0.0,0.0,0.26,0.97,0.0,0.22,97.27,0.0,0.0,0.0,0.0,0.0,0.0,0.0,0.0,0.0,0.0,0.0
959,49,CRI Injector Body,0.74,0.61,0.0,0.2,0.0,0.0,0.29,0.69,0.0,0.2,97.27,0.0,0.0,0.0,0.0,0.0,0.0,0.0,0.0,0.0,0.0,0.0
960,50,CRI Injector Body,0.76,0.45,0.0,0.2,0.0,0.0,0.24,0.73,0.0,0.21,97.41,0.0,0.0,0.0,0.0,0.0,0.0,0.0,0.0,0.0,0.0,0.0
961,51,CRI Injector Body,0.72,0.44,0.0,0.23,0.0,0.0,0.27,0.72,0.0,0.27,97.35,0.0,0.0,0.0,0.0,0.0,0.0,0.0,0.0,0.0,0.0,0.0
962,52,CRI Injector Body,0.63,0.51,0.0,0.17,0.0,0.0,0.24,0.76,0.0,0.22,97.47,0.0,0.0,0.0,0.0,0.0,0.0,0.0,0.0,0.0,0.0,0.0
963,53,CRI Injector Body,0.62,0.38,0.0,0.2,0.0,0.0,0.34,0.8,0.0,0.19,97.47,0.0,0.0,0.0,0.0,0.0,0.0,0.0,0.0,0.0,0.0,0.0
964,54,CRI Injector Body,0.56,0.46,0.0,0.19,0.0,0.0,0.27,0.92,0.0,0.25,97.35,0.0,0.0,0.0,0.0,0.0,0.0,0.0,0.0,0.0,0.0,0.0
965,55,CRI Injector Body,0.79,0.53,0.0,0.27,0.0,0.0,0.28,0.73,0.0,0.2,97.2,0.0,0.0,0.0,0.0,0.0,0.0,0.0,0.0,0.0,0.0,0.0
966,56,CRI Injector Body,0.72,0.6,0.0,0.19,0.0,0.0,0.28,0.95,0.0,0.26,97.0,0.0,0.0,0.0,0.0,0.0,0.0,0.0,0.0,0.0,0.0,0.0
967,57,CRI Injector Body,0.59,0.49,0.0,0.22,0.0,0.0,0.28,0.85,0.0,0.25,97.32,0.0,0.0,0.0,0.0,0.0,0.0,0.0,0.0,0.0,0.0,0.0
968,58,CRI Injector Body,0.56,0.56,0.0,0.19,0.0,0.0,0.3,0.74,0.0,0.27,97.38,0.0,0.0,0.0,0.0,0.0,0.0,0.0,0.0,0.0,0.0,0.0
969,59,CRI Injector Body,0.64,0.47,0.0,0.24,0.0,0.0,0.29,0.93,0.0,0.24,97.19,0.0,0.0,0.0,0.0,0.0,0.0,0.0,0.0,0.0,0.0,0.0
970,60,CRI Injector Body,0.74,0.51,0.0,0.21,0.0,0.0,0.22,0.79,0.0,0.23,97.3,0.0,0.0,0.0,0.0,0.0,0.0,0.0,0.0,0.0,0.0,0.0
971,61,CRI Injector Body,0.59,0.51,0.0,0.19,0.0,0.0,0.24,0.66,0.0,0.21,97.6,0.0,0.0,0.0,0.0,0.0,0.0,0.0,0.0,0.0,0.0,0.0
972,62,CRI Injector Body,0.55,0.67,0.0,0.23,0.0,0.0,0.33,0.61,0.0,0.2,97.41,0.0,0.0,0.0,0.0,0.0,0.0,0.0,0.0,0.0,0.0,0.0
973,63,CRI Injector Body,0.7,0.49,0.0,0.2,0.0,0.0,0.31,0.82,0.0,0.26,97.22,0.0,0.0,0.0,0.0,0.0,0.0,0.0,0.0,0.0,0.0,0.0
974,64,CRI Injector Body,0.69,0.49,0.0,0.18,0.0,0.0,0.31,0.68,0.0,0.24,97.41,0.0,0.0,0.0,0.0,0.0,0.0,0.0,0.0,0.0,0.0,0.0
975,65,CRI Injector Body,0.51,0.44,0.0,0.19,0.0,0.0,0.25,0.77,0.0,0.22,97.62,0.0,0.0,0.0,0.0,0.0,0.0,0.0,0.0,0.0,0.0,0.0
976,66,CRI Injector Body,0.78,0.52,0.0,0.21,0.0,0.0,0.27,0.91,0.0,0.17,97.14,0.0,0.0,0.0,0.0,0.0,0.0,0.0,0.0,0.0,0.0,0.0
977,67,CRI Injector Body,0.63,0.41,0.0,0.23,0.0,0.0,0.29,0.83,0.0,0.26,97.35,0.0,0.0,0.0,0.0,0.0,0.0,0.0,0.0,0.0,0.0,0.0
978,68,CRI Injector Body,0.79,0.5,0.0,0.2,0.0,0.0,0.31,0.83,0.0,0.22,97.15,0.0,0.0,0.0,0.0,0.0,0.0,0.0,0.0,0.0,0.0,0.0
979,69,CRI Injector Body,0.71,0.56,0.0,0.2,0.0,0.0,0.29,0.9,0.0,0.21,97.13,0.0,0.0,0.0,0.0,0.0,0.0,0.0,0.0,0.0,0.0,0.0
980,70,CRI Injector Body,0.69,0.54,0.0,0.22,0.0,0.0,0.26,0.81,0.0,0.21,97.27,0.0,0.0,0.0,0.0,0.0,0.0,0.0,0.0,0.0,0.0,0.0
981,71,CRI Injector Body,0.76,0.52,0.0,0.25,0.0,0.0,0.26,0.79,0.0,0.22,97.2,0.0,0.0,0.0,0.0,0.0,0.0,0.0,0.0,0.0,0.0,0.0
982,72,CRI Injector Body,0.6,0.53,0.0,0.22,0.0,0.0,0.26,0.77,0.0,0.23,97.39,0.0,0.0,0.0,0.0,0.0,0.0,0.0,0.0,0.0,0.0,0.0
983,73,CRI Injector Body,0.76,0.43,0.0,0.23,0.0,0.0,0.29,0.82,0.0,0.24,97.23,0.0,0.0,0.0,0.0,0.0,0.0,0.0,0.0,0.0,0.0,0.0
984,74,CRI Injector Body,0.66,0.5,0.0,0.26,0.0,0.0,0.28,0.84,0.0,0.2,97.26,0.0,0.0,0.0,0.0,0.0,0.0,0.0,0.0,0.0,0.0,0.0
985,75,CRI Injector Body,0.73,0.57,0.0,0.24,0.0,0.0,0.29,0.94,0.0,0.2,97.03,0.0,0.0,0.0,0.0,0.0,0.0,0.0,0.0,0.0,0.0,0.0
986,76,CRI Injector Body,0.72,0.52,0.0,0.26,0.0,0.0,0.25,0.83,0.0,0.21,97.21,0.0,0.0,0.0,0.0,0.0,0.0,0.0,0.0,0.0,0.0,0.0
987,77,CRI Injector Body,0.61,0.49,0.0,0.2,0.0,0.0,0.26,0.78,0.0,0.25,97.41,0.0,0.0,0.0,0.0,0.0,0.0,0.0,0.0,0.0,0.0,0.0
988,78,CRI Injector Body,0.65,0.58,0.0,0.21,0.0,0.0,0.23,0.9,0.0,0.21,97.22,0.0,0.0,0.0,0.0,0.0,0.0,0.0,0.0,0.0,0.0,0.0
989,79,CRI Injector Body,0.88,0.58,0.0,0.21,0.0,0.0,0.29,0.74,0.0,0.2,97.1,0.0,0.0,0.0,0.0,0.0,0.0,0.0,0.0,0.0,0.0,0.0
990,80,CRI Injector Body,0.65,0.49,0.0,0.19,0.0,0.0,0.27,0.79,0.0,0.19,97.42,0.0,0.0,0.0,0.0,0.0,0.0,0.0,0.0,0.0,0.0,0.0
991,81,CRI Injector Body,0.69,0.5,0.0,0.19,0.0,0.0,0.3,0.81,0.0,0.21,97.3,0.0,0.0,0.0,0.0,0.0,0.0,0.0,0.0,0.0,0.0,0.0
992,82,CRI Injector Body,0.68,0.57,0.0,0.2,0.0,0.0,0.32,0.89,0.0,0.19,97.15,0.0,0.0,0.0,0.0,0.0,0.0,0.0,0.0,0.0,0.0,0.0
993,83,CRI Injector Body,0.64,0.48,0.0,0.2,0.0,0.0,0.28,0.79,0.0,0.26,97.35,0.0,0.0,0.0,0.0,0.0,0.0,0.0,0.0,0.0,0.0,0.0
994,84,CRI Injector Body,0.51,0.51,0.0,0.21,0.0,0.0,0.26,0.78,0.0,0.22,97.51,0.0,0.0,0.0,0.0,0.0,0.0,0.0,0.0,0.0,0.0,0.0
995,85,CRI Injector Body,0.63,0.45,0.0,0.24,0.0,0.0,0.23,0.77,0.0,0.25,97.43,0.0,0.0,0.0,0.0,0.0,0.0,0.0,0.0,0.0,0.0,0.0
996,86,CRI Injector Body,0.72,0.44,0.0,0.22,0.0,0.0,0.27,0.82,0.0,0.21,97.32,0.0,0.0,0.0,0.0,0.0,0.0,0.0,0.0,0.0,0.0,0.0
997,87,CRI Injector Body,0.8,0.44,0.0,0.23,0.0,0.0,0.3,0.8,0.0,0.22,97.21,0.0,0.0,0.0,0.0,0.0,0.0,0.0,0.0,0.0,0.0,0.0
998,88,CRI Injector Body,0.51,0.52,0.0,0.24,0.0,0.0,0.27,0.67,0.0,0.21,97.58,0.0,0.0,0.0,0.0,0.0,0.0,0.0,0.0,0.0,0.0,0.0
999,89,CRI Injector Body,0.84,0.51,0.0,0.21,0.0,0.0,0.27,1.05,0.0,0.2,96.92,0.0,0.0,0.0,0.0,0.0,0.0,0.0,0.0,0.0,0.0,0.0
1000,90,CRI Injector Body,0.68,0.49,0.0,0.23,0.0,0.0,0.26,0.8,0.0,0.19,97.35,0.0,0.0,0.0,0.0,0.0,0.0,0.0,0.0,0.0,0.0,0.0
1001,91,CRI Injector Body,0.64,0.44,0.0,0.18,0.0,0.0,0.28,0.98,0.0,0.23,97.25,0.0,0.0,0.0,0.0,0.0,0.0,0.0,0.0,0.0,0.0,0.0
1002,92,CRI Injector Body,0.64,0.52,0.0,0.23,0.0,0.0,0.25,0.83,0.0,0.22,97.31,0.0,0.0,0.0,0.0,0.0,0.0,0.0,0.0,0.0,0.0,0.0
1003,93,CRI Injector Body,0.74,0.54,0.0,0.19,0.0,0.0,0.25,0.73,0.0,0.23,97.32,0.0,0.0,0.0,0.0,0.0,0.0,0.0,0.0,0.0,0.0,0.0
1004,94,CRI Injector Body,0.75,0.51,0.0,0.24,0.0,0.0,0.25,0.78,0.0,0.24,97.23,0.0,0.0,0.0,0.0,0.0,0.0,0.0,0.0,0.0,0.0,0.0
1005,95,CRI Injector Body,0.61,0.41,0.0,0.23,0.0,0.0,0.23,0.66,0.0,0.23,97.63,0.0,0.0,0.0,0.0,0.0,0.0,0.0,0.0,0.0,0.0,0.0
1006,96,CRI Injector Body,0.63,0.52,0.0,0.28,0.0,0.0,0.27,0.73,0.0,0.19,97.38,0.0,0.0,0.0,0.0,0.0,0.0,0.0,0.0,0.0,0.0,0.0
1007,97,CRI Injector Body,0.58,0.56,0.0,0.21,0.0,0.0,0.35,0.93,0.0,0.22,97.15,0.0,0.0,0.0,0.0,0.0,0.0,0.0,0.0,0.0,0.0,0.0
1008,98,CRI Injector Body,0.72,0.51,0.0,0.2,0.0,0.0,0.25,0.82,0.0,0.23,97.27,0.0,0.0,0.0,0.0,0.0,0.0,0.0,0.0,0.0,0.0,0.0
1009,1,CRI Sealing ring,34.97,7.65,1.92,0.3,0.0,0.0,1.03,0.0,0.0,0.0,10.22,0.0,37.99,5.92,0.0,0.0,0.0,0.0,0.0,0.0,0.0,0.0
1010,2,CRI Sealing ring,34.31,7.51,1.94,0.42,0.0,0.0,1.01,0.0,0.0,0.0,11.58,0.0,36.26,6.97,0.0,0.0,0.0,0.0,0.0,0.0,0.0,0.0
1011,3,CRI Sealing ring,28.96,6.89,1.68,0.4,0.0,0.0,0.76,0.0,0.0,0.0,11.99,0.0,42.26,7.06,0.0,0.0,0.0,0.0,0.0,0.0,0.0,0.0
1012,4,CRI Sealing ring,32.31,6.61,1.88,0.33,0.0,0.0,0.87,0.0,0.0,0.0,12.11,0.0,38.05,7.84,0.0,0.0,0.0,0.0,0.0,0.0,0.0,0.0
1013,5,CRI Sealing ring,41.9,6.81,2.18,0.36,0.0,0.0,0.95,0.0,0.0,0.0,10.38,0.0,30.46,6.96,0.0,0.0,0.0,0.0,0.0,0.0,0.0,0.0
1014,6,CRI Sealing ring,37.92,7.23,1.73,0.31,0.0,0.0,0.82,0.0,0.0,0.0,10.15,0.0,36.69,5.15,0.0,0.0,0.0,0.0,0.0,0.0,0.0,0.0
1015,7,CRI Sealing ring,36.14,7.64,1.5,0.25,0.0,0.0,1.03,0.0,0.0,0.0,9.65,0.0,38.22,5.57,0.0,0.0,0.0,0.0,0.0,0.0,0.0,0.0
1016,8,CRI Sealing ring,29.48,7.04,2.03,0.32,0.0,0.0,0.95,0.0,0.0,0.0,11.89,0.0,40.95,7.34,0.0,0.0,0.0,0.0,0.0,0.0,0.0,0.0
1017,9,CRI Sealing ring,29.44,8.13,2.29,0.31,0.0,0.0,0.79,0.0,0.0,0.0,9.74,0.0,42.76,6.54,0.0,0.0,0.0,0.0,0.0,0.0,0.0,0.0
1018,10,CRI Sealing ring,31.3,8.2,2.36,0.34,0.0,0.0,1.14,0.0,0.0,0.0,11.58,0.0,39.33,5.75,0.0,0.0,0.0,0.0,0.0,0.0,0.0,0.0
1019,11,CRI Sealing ring,34.55,7.78,1.5,0.31,0.0,0.0,0.88,0.0,0.0,0.0,10.32,0.0,37.75,6.91,0.0,0.0,0.0,0.0,0.0,0.0,0.0,0.0
1020,12,CRI Sealing ring,30.78,7.7,1.83,0.38,0.0,0.0,0.95,0.0,0.0,0.0,11.41,0.0,38.46,8.49,0.0,0.0,0.0,0.0,0.0,0.0,0.0,0.0
1021,13,CRI Sealing ring,30.6,6.1,2.09,0.29,0.0,0.0,0.74,0.0,0.0,0.0,10.92,0.0,42.37,6.89,0.0,0.0,0.0,0.0,0.0,0.0,0.0,0.0
1022,14,CRI Sealing ring,37.49,8.32,1.55,0.32,0.0,0.0,1.09,0.0,0.0,0.0,9.97,0.0,34.63,6.63,0.0,0.0,0.0,0.0,0.0,0.0,0.0,0.0
1023,15,CRI Sealing ring,29.35,6.16,1.82,0.35,0.0,0.0,0.96,0.0,0.0,0.0,12.57,0.0,41.42,7.37,0.0,0.0,0.0,0.0,0.0,0.0,0.0,0.0
1024,16,CRI Sealing ring,33.84,6.69,2.4,0.31,0.0,0.0,0.9,0.0,0.0,0.0,12.93,0.0,35.94,6.99,0.0,0.0,0.0,0.0,0.0,0.0,0.0,0.0
1025,17,CRI Sealing ring,38.51,7.39,1.83,0.37,0.0,0.0,0.98,0.0,0.0,0.0,11.62,0.0,31.34,7.96,0.0,0.0,0.0,0.0,0.0,0.0,0.0,0.0
1026,18,CRI Sealing ring,36.0,8.07,2.12,0.35,0.0,0.0,0.99,0.0,0.0,0.0,13.81,0.0,31.09,7.57,0.0,0.0,0.0,0.0,0.0,0.0,0.0,0.0
1027,19,CRI Sealing ring,36.23,7.79,1.61,0.37,0.0,0.0,0.99,0.0,0.0,0.0,10.26,0.0,36.47,6.28,0.0,0.0,0.0,0.0,0.0,0.0,0.0,0.0
1028,20,CRI Sealing ring,27.53,7.98,2.48,0.43,0.0,0.0,1.08,0.0,0.0,0.0,13.92,0.0,40.6,5.98,0.0,0.0,0.0,0.0,0.0,0.0,0.0,0.0
1029,21,CRI Sealing ring,34.27,6.71,1.39,0.28,0.0,0.0,0.86,0.0,0.0,0.0,11.92,0.0,39.07,5.5,0.0,0.0,0.0,0.0,0.0,0.0,0.0,0.0
1030,22,CRI Sealing ring,33.14,8.35,1.86,0.37,0.0,0.0,0.84,0.0,0.0,0.0,15.1,0.0,33.46,6.88,0.0,0.0,0.0,0.0,0.0,0.0,0.0,0.0
1031,23,CRI Sealing ring,33.67,6.68,1.56,0.35,0.0,0.0,0.95,0.0,0.0,0.0,9.9,0.0,38.74,8.15,0.0,0.0,0.0,0.0,0.0,0.0,0.0,0.0
1032,24,CRI Sealing ring,27.84,8.43,1.7,0.36,0.0,0.0,1.09,0.0,0.0,0.0,11.47,0.0,43.28,5.83,0.0,0.0,0.0,0.0,0.0,0.0,0.0,0.0
1033,25,CRI Sealing ring,28.92,8.65,1.87,0.34,0.0,0.0,0.77,0.0,0.0,0.0,13.03,0.0,40.67,5.75,0.0,0.0,0.0,0.0,0.0,0.0,0.0,0.0
1034,26,CRI Sealing ring,31.03,7.81,1.67,0.27,0.0,0.0,0.86,0.0,0.0,0.0,12.4,0.0,38.92,7.04,0.0,0.0,0.0,0.0,0.0,0.0,0.0,0.0
1035,27,CRI Sealing ring,37.19,6.77,1.97,0.32,0.0,0.0,0.93,0.0,0.0,0.0,11.06,0.0,36.51,5.25,0.0,0.0,0.0,0.0,0.0,0.0,0.0,0.0
1036,28,CRI Sealing ring,39.76,7.29,2.64,0.33,0.0,0.0,0.95,0.0,0.0,0.0,11.31,0.0,29.38,8.34,0.0,0.0,0.0,0.0,0.0,0.0,0.0,0.0
1037,29,CRI Sealing ring,34.9,7.18,1.7,0.43,0.0,0.0,0.8,0.0,0.0,0.0,12.3,0.0,36.52,6.17,0.0,0.0,0.0,0.0,0.0,0.0,0.0,0.0
1038,30,CRI Sealing ring,39.0,6.98,1.42,0.34,0.0,0.0,1.0,0.0,0.0,0.0,9.51,0.0,35.52,6.23,0.0,0.0,0.0,0.0,0.0,0.0,0.0,0.0
1039,31,CRI Sealing ring,32.75,8.52,1.75,0.4,0.0,0.0,0.81,0.0,0.0,0.0,11.17,0.0,37.16,7.44,0.0,0.0,0.0,0.0,0.0,0.0,0.0,0.0
1040,32,CRI Sealing ring,36.55,6.56,1.99,0.31,0.0,0.0,0.76,0.0,0.0,0.0,13.13,0.0,34.9,5.8,0.0,0.0,0.0,0.0,0.0,0.0,0.0,0.0
1041,33,CRI Sealing ring,38.01,7.67,1.93,0.37,0.0,0.0,0.98,0.0,0.0,0.0,12.31,0.0,33.17,5.56,0.0,0.0,0.0,0.0,0.0,0.0,0.0,0.0
1042,34,CRI Sealing ring,34.13,6.55,1.84,0.31,0.0,0.0,0.94,0.0,0.0,0.0,9.61,0.0,39.92,6.7,0.0,0.0,0.0,0.0,0.0,0.0,0.0,0.0
1043,35,CRI Sealing ring,33.29,5.71,1.72,0.27,0.0,0.0,0.86,0.0,0.0,0.0,12.66,0.0,38.71,6.78,0.0,0.0,0.0,0.0,0.0,0.0,0.0,0.0
1044,36,CRI Sealing ring,32.17,6.02,1.9,0.33,0.0,0.0,0.72,0.0,0.0,0.0,11.23,0.0,41.23,6.4,0.0,0.0,0.0,0.0,0.0,0.0,0.0,0.0
1045,37,CRI Sealing ring,35.55,8.21,2.37,0.47,0.0,0.0,1.04,0.0,0.0,0.0,12.69,0.0,33.05,6.62,0.0,0.0,0.0,0.0,0.0,0.0,0.0,0.0
1046,38,CRI Sealing ring,37.86,6.14,1.77,0.36,0.0,0.0,0.89,0.0,0.0,0.0,9.28,0.0,37.14,6.56,0.0,0.0,0.0,0.0,0.0,0.0,0.0,0.0
1047,39,CRI Sealing ring,31.59,8.69,2.62,0.37,0.0,0.0,0.88,0.0,0.0,0.0,13.23,0.0,35.91,6.71,0.0,0.0,0.0,0.0,0.0,0.0,0.0,0.0
1048,40,CRI Sealing ring,29.96,7.23,1.63,0.34,0.0,0.0,0.86,0.0,0.0,0.0,13.33,0.0,40.74,5.91,0.0,0.0,0.0,0.0,0.0,0.0,0.0,0.0
1049,41,CRI Sealing ring,31.49,6.17,2.37,0.35,0.0,0.0,0.85,0.0,0.0,0.0,13.31,0.0,38.51,6.95,0.0,0.0,0.0,0.0,0.0,0.0,0.0,0.0
1050,42,CRI Sealing ring,32.81,9.33,1.6,0.36,0.0,0.0,0.87,0.0,0.0,0.0,12.37,0.0,35.05,7.61,0.0,0.0,0.0,0.0,0.0,0.0,0.0,0.0
1051,43,CRI Sealing ring,36.48,7.65,1.77,0.25,0.0,0.0,1.0,0.0,0.0,0.0,9.58,0.0,37.02,6.25,0.0,0.0,0.0,0.0,0.0,0.0,0.0,0.0
1052,44,CRI Sealing ring,34.99,7.26,2.05,0.31,0.0,0.0,0.81,0.0,0.0,0.0,9.19,0.0,38.5,6.89,0.0,0.0,0.0,0.0,0.0,0.0,0.0,0.0
1053,45,CRI Sealing ring,35.8,8.93,1.76,0.32,0.0,0.0,1.03,0.0,0.0,0.0,12.58,0.0,32.52,7.06,0.0,0.0,0.0,0.0,0.0,0.0,0.0,0.0
1054,46,CRI Sealing ring,35.04,7.66,2.47,0.31,0.0,0.0,0.94,0.0,0.0,0.0,10.21,0.0,36.95,6.42,0.0,0.0,0.0,0.0,0.0,0.0,0.0,0.0
1055,47,CRI Sealing ring,31.57,8.53,1.81,0.39,0.0,0.0,1.08,0.0,0.0,0.0,11.54,0.0,38.15,6.93,0.0,0.0,0.0,0.0,0.0,0.0,0.0,0.0
1056,48,CRI Sealing ring,31.73,9.5,1.86,0.28,0.0,0.0,0.94,0.0,0.0,0.0,12.32,0.0,36.08,7.29,0.0,0.0,0.0,0.0,0.0,0.0,0.0,0.0
1057,49,CRI Sealing ring,30.13,7.78,1.57,0.32,0.0,0.0,1.05,0.0,0.0,0.0,10.83,0.0,42.02,6.3,0.0,0.0,0.0,0.0,0.0,0.0,0.0,0.0
1058,50,CRI Sealing ring,32.04,6.51,1.88,0.35,0.0,0.0,0.74,0.0,0.0,0.0,8.61,0.0,43.87,6.0,0.0,0.0,0.0,0.0,0.0,0.0,0.0,0.0
1059,51,CRI Sealing ring,39.89,7.39,1.87,0.37,0.0,0.0,0.8,0.0,0.0,0.0,10.19,0.0,34.46,5.03,0.0,0.0,0.0,0.0,0.0,0.0,0.0,0.0
1060,52,CRI Sealing ring,34.77,6.6,1.98,0.31,0.0,0.0,0.85,0.0,0.0,0.0,12.05,0.0,35.72,7.72,0.0,0.0,0.0,0.0,0.0,0.0,0.0,0.0
1061,53,CRI Sealing ring,35.12,7.19,1.73,0.31,0.0,0.0,0.88,0.0,0.0,0.0,11.4,0.0,36.44,6.93,0.0,0.0,0.0,0.0,0.0,0.0,0.0,0.0
1062,54,CRI Sealing ring,34.97,6.83,1.59,0.36,0.0,0.0,0.95,0.0,0.0,0.0,11.26,0.0,38.85,5.19,0.0,0.0,0.0,0.0,0.0,0.0,0.0,0.0
1063,55,CRI Sealing ring,37.68,7.16,1.57,0.42,0.0,0.0,1.07,0.0,0.0,0.0,12.79,0.0,32.51,6.8,0.0,0.0,0.0,0.0,0.0,0.0,0.0,0.0
1064,56,CRI Sealing ring,30.15,6.67,1.75,0.36,0.0,0.0,1.01,0.0,0.0,0.0,10.83,0.0,42.7,6.53,0.0,0.0,0.0,0.0,0.0,0.0,0.0,0.0
1065,57,CRI Sealing ring,33.8,7.46,1.93,0.34,0.0,0.0,1.07,0.0,0.0,0.0,9.77,0.0,39.88,5.75,0.0,0.0,0.0,0.0,0.0,0.0,0.0,0.0
1066,58,CRI Sealing ring,32.43,7.42,1.89,0.28,0.0,0.0,0.86,0.0,0.0,0.0,10.23,0.0,40.37,6.52,0.0,0.0,0.0,0.0,0.0,0.0,0.0,0.0
1067,59,CRI Sealing ring,35.56,7.99,1.57,0.26,0.0,0.0,0.68,0.0,0.0,0.0,11.64,0.0,35.99,6.31,0.0,0.0,0.0,0.0,0.0,0.0,0.0,0.0
1068,60,CRI Sealing ring,35.58,8.52,1.73,0.36,0.0,0.0,0.74,0.0,0.0,0.0,12.15,0.0,34.69,6.23,0.0,0.0,0.0,0.0,0.0,0.0,0.0,0.0
1069,61,CRI Sealing ring,32.86,7.11,2.05,0.33,0.0,0.0,1.02,0.0,0.0,0.0,10.97,0.0,39.41,6.25,0.0,0.0,0.0,0.0,0.0,0.0,0.0,0.0
1070,62,CRI Sealing ring,33.09,7.01,1.83,0.38,0.0,0.0,0.98,0.0,0.0,0.0,10.67,0.0,39.24,6.8,0.0,0.0,0.0,0.0,0.0,0.0,0.0,0.0
1071,63,CRI Sealing ring,33.16,8.22,1.73,0.32,0.0,0.0,0.99,0.0,0.0,0.0,10.15,0.0,39.16,6.27,0.0,0.0,0.0,0.0,0.0,0.0,0.0,0.0
1072,64,CRI Sealing ring,35.41,7.96,1.73,0.38,0.0,0.0,0.72,0.0,0.0,0.0,13.62,0.0,35.22,4.96,0.0,0.0,0.0,0.0,0.0,0.0,0.0,0.0
1073,65,CRI Sealing ring,34.18,8.4,2.14,0.27,0.0,0.0,0.94,0.0,0.0,0.0,13.18,0.0,34.59,6.3,0.0,0.0,0.0,0.0,0.0,0.0,0.0,0.0
1074,66,CRI Sealing ring,35.16,5.75,1.85,0.33,0.0,0.0,0.84,0.0,0.0,0.0,11.31,0.0,37.07,7.69,0.0,0.0,0.0,0.0,0.0,0.0,0.0,0.0
1075,67,CRI Sealing ring,33.65,8.2,1.69,0.29,0.0,0.0,1.04,0.0,0.0,0.0,11.44,0.0,36.29,7.4,0.0,0.0,0.0,0.0,0.0,0.0,0.0,0.0
1076,68,CRI Sealing ring,36.44,6.62,1.74,0.36,0.0,0.0,1.01,0.0,0.0,0.0,11.16,0.0,36.53,6.14,0.0,0.0,0.0,0.0,0.0,0.0,0.0,0.0
1077,69,CRI Sealing ring,38.6,5.86,1.87,0.32,0.0,0.0,0.69,0.0,0.0,0.0,12.0,0.0,34.75,5.91,0.0,0.0,0.0,0.0,0.0,0.0,0.0,0.0
1078,70,CRI Sealing ring,36.13,5.87,1.82,0.31,0.0,0.0,0.83,0.0,0.0,0.0,12.94,0.0,35.9,6.2,0.0,0.0,0.0,0.0,0.0,0.0,0.0,0.0
1079,71,CRI Sealing ring,34.51,8.37,1.63,0.33,0.0,0.0,0.75,0.0,0.0,0.0,13.01,0.0,35.1,6.3,0.0,0.0,0.0,0.0,0.0,0.0,0.0,0.0
1080,72,CRI Sealing ring,39.58,7.0,1.74,0.38,0.0,0.0,0.9,0.0,0.0,0.0,11.43,0.0,32.29,6.68,0.0,0.0,0.0,0.0,0.0,0.0,0.0,0.0
1081,73,CRI Sealing ring,38.25,7.85,1.62,0.42,0.0,0.0,1.0,0.0,0.0,0.0,8.67,0.0,36.48,5.71,0.0,0.0,0.0,0.0,0.0,0.0,0.0,0.0
1082,74,CRI Sealing ring,32.09,6.55,1.96,0.35,0.0,0.0,0.77,0.0,0.0,0.0,13.04,0.0,39.26,5.98,0.0,0.0,0.0,0.0,0.0,0.0,0.0,0.0
1083,75,CRI Sealing ring,35.19,8.25,1.75,0.29,0.0,0.0,0.98,0.0,0.0,0.0,10.22,0.0,36.79,6.53,0.0,0.0,0.0,0.0,0.0,0.0,0.0,0.0
1084,76,CRI Sealing ring,30.62,7.59,2.03,0.32,0.0,0.0,0.98,0.0,0.0,0.0,11.84,0.0,39.57,7.05,0.0,0.0,0.0,0.0,0.0,0.0,0.0,0.0
1085,77,CRI Sealing ring,34.63,8.01,1.65,0.29,0.0,0.0,0.83,0.0,0.0,0.0,11.12,0.0,36.39,7.08,0.0,0.0,0.0,0.0,0.0,0.0,0.0,0.0
1086,78,CRI Sealing ring,31.38,8.33,2.33,0.45,0.0,0.0,0.94,0.0,0.0,0.0,10.54,0.0,40.09,5.94,0.0,0.0,0.0,0.0,0.0,0.0,0.0,0.0
1087,79,CRI Sealing ring,29.56,5.95,1.65,0.43,0.0,0.0,0.96,0.0,0.0,0.0,11.46,0.0,43.59,6.4,0.0,0.0,0.0,0.0,0.0,0.0,0.0,0.0
1088,80,CRI Sealing ring,35.53,8.06,1.82,0.4,0.0,0.0,1.06,0.0,0.0,0.0,10.7,0.0,35.66,6.77,0.0,0.0,0.0,0.0,0.0,0.0,0.0,0.0
1089,81,CRI Sealing ring,38.5,6.52,1.7,0.39,0.0,0.0,0.75,0.0,0.0,0.0,9.99,0.0,36.89,5.26,0.0,0.0,0.0,0.0,0.0,0.0,0.0,0.0
1090,82,CRI Sealing ring,38.69,6.67,1.92,0.27,0.0,0.0,0.83,0.0,0.0,0.0,11.09,0.0,35.31,5.22,0.0,0.0,0.0,0.0,0.0,0.0,0.0,0.0
1091,83,CRI Sealing ring,37.65,6.77,1.83,0.36,0.0,0.0,0.74,0.0,0.0,0.0,9.84,0.0,35.83,6.98,0.0,0.0,0.0,0.0,0.0,0.0,0.0,0.0
1092,84,CRI Sealing ring,35.4,6.93,1.46,0.36,0.0,0.0,0.81,0.0,0.0,0.0,11.6,0.0,38.17,5.27,0.0,0.0,0.0,0.0,0.0,0.0,0.0,0.0
1093,85,CRI Sealing ring,35.78,8.32,1.7,0.26,0.0,0.0,0.84,0.0,0.0,0.0,10.87,0.0,35.0,7.23,0.0,0.0,0.0,0.0,0.0,0.0,0.0,0.0
1094,86,CRI Sealing ring,32.45,10.23,2.16,0.33,0.0,0.0,0.96,0.0,0.0,0.0,11.81,0.0,33.21,8.85,0.0,0.0,0.0,0.0,0.0,0.0,0.0,0.0
1095,87,CRI Sealing ring,31.93,10.65,2.09,0.44,0.0,0.0,1.07,0.0,0.0,0.0,13.32,0.0,33.95,6.55,0.0,0.0,0.0,0.0,0.0,0.0,0.0,0.0
1096,88,CRI Sealing ring,33.13,6.58,1.91,0.39,0.0,0.0,1.14,0.0,0.0,0.0,12.87,0.0,37.02,6.96,0.0,0.0,0.0,0.0,0.0,0.0,0.0,0.0
1097,89,CRI Sealing ring,26.95,7.96,1.79,0.34,0.0,0.0,0.94,0.0,0.0,0.0,9.62,0.0,45.67,6.73,0.0,0.0,0.0,0.0,0.0,0.0,0.0,0.0
1098,90,CRI Sealing ring,36.65,7.05,1.61,0.36,0.0,0.0,1.1,0.0,0.0,0.0,9.58,0.0,37.8,5.85,0.0,0.0,0.0,0.0,0.0,0.0,0.0,0.0
1099,91,CRI Sealing ring,33.9,8.22,2.51,0.42,0.0,0.0,0.99,0.0,0.0,0.0,11.43,0.0,35.72,6.81,0.0,0.0,0.0,0.0,0.0,0.0,0.0,0.0
1100,92,CRI Sealing ring,29.57,7.94,1.57,0.35,0.0,0.0,1.07,0.0,0.0,0.0,13.24,0.0,40.97,5.29,0.0,0.0,0.0,0.0,0.0,0.0,0.0,0.0
1101,93,CRI Sealing ring,35.39,7.76,2.02,0.34,0.0,0.0,0.93,0.0,0.0,0.0,14.12,0.0,31.38,8.06,0.0,0.0,0.0,0.0,0.0,0.0,0.0,0.0
1102,94,CRI Sealing ring,28.61,8.26,1.45,0.25,0.0,0.0,0.76,0.0,0.0,0.0,13.68,0.0,39.77,7.22,0.0,0.0,0.0,0.0,0.0,0.0,0.0,0.0
1103,95,CRI Sealing ring,26.71,9.24,2.31,0.37,0.0,0.0,0.88,0.0,0.0,0.0,13.8,0.0,39.41,7.28,0.0,0.0,0.0,0.0,0.0,0.0,0.0,0.0
1104,96,CRI Sealing ring,27.57,6.68,1.8,0.33,0.0,0.0,1.06,0.0,0.0,0.0,11.73,0.0,43.96,6.87,0.0,0.0,0.0,0.0,0.0,0.0,0.0,0.0
1105,97,CRI Sealing ring,31.15,8.43,1.73,0.32,0.0,0.0,0.86,0.0,0.0,0.0,12.35,0.0,38.15,7.01,0.0,0.0,0.0,0.0,0.0,0.0,0.0,0.0
1106,98,CRI Sealing ring,28.69,8.04,1.75,0.31,0.0,0.0,1.04,0.0,0.0,0.0,13.5,0.0,40.44,6.23,0.0,0.0,0.0,0.0,0.0,0.0,0.0,0.0
1107,99,CRI Sealing ring,34.69,9.0,1.58,0.33,0.0,0.0,0.89,0.0,0.0,0.0,11.19,0.0,36.42,5.9,0.0,0.0,0.0,0.0,0.0,0.0,0.0,0.0
1108,1,CRI Shim,0.0,0.0,0.12,0.19,0.06,0.0,0.31,0.55,0.0,0.0,98.77,0.0,0.0,0.0,0.0,0.0,0.0,0.0,0.0,0.0,0.0,0.0
1109,2,CRI Shim,0.0,0.0,0.14,0.23,0.06,0.0,0.29,0.69,0.0,0.0,98.59,0.0,0.0,0.0,0.0,0.0,0.0,0.0,0.0,0.0,0.0,0.0
1110,3,CRI Shim,0.0,0.0,0.13,0.22,0.05,0.01,0.35,0.62,0.0,0.0,98.62,0.0,0.0,0.0,0.0,0.0,0.0,0.0,0.0,0.0,0.0,0.0
1111,4,CRI Shim,0.0,0.0,0.11,0.19,0.07,0.0,0.3,0.72,0.0,0.0,98.61,0.0,0.0,0.0,0.0,0.0,0.0,0.0,0.0,0.0,0.0,0.0
1112,5,CRI Shim,0.0,0.0,0.13,0.2,0.04,0.01,0.36,0.86,0.0,0.0,98.4,0.0,0.0,0.0,0.0,0.0,0.0,0.0,0.0,0.0,0.0,0.0
1113,6,CRI Shim,0.0,0.0,0.13,0.2,0.06,0.0,0.27,0.66,0.0,0.0,98.68,0.0,0.0,0.0,0.0,0.0,0.0,0.0,0.0,0.0,0.0,0.0
1114,7,CRI Shim,0.0,0.0,0.13,0.16,0.06,0.01,0.28,0.75,0.0,0.0,98.61,0.0,0.0,0.0,0.0,0.0,0.0,0.0,0.0,0.0,0.0,0.0
1115,8,CRI Shim,0.0,0.0,0.13,0.25,0.06,0.0,0.28,0.69,0.0,0.0,98.59,0.0,0.0,0.0,0.0,0.0,0.0,0.0,0.0,0.0,0.0,0.0
1116,9,CRI Shim,0.0,0.0,0.11,0.21,0.05,0.0,0.27,0.66,0.0,0.0,98.7,0.0,0.0,0.0,0.0,0.0,0.0,0.0,0.0,0.0,0.0,0.0
1117,10,CRI Shim,0.0,0.0,0.14,0.23,0.06,0.01,0.34,0.62,0.0,0.0,98.6,0.0,0.0,0.0,0.0,0.0,0.0,0.0,0.0,0.0,0.0,0.0
1118,11,CRI Shim,0.0,0.0,0.14,0.21,0.04,0.01,0.31,0.69,0.0,0.0,98.6,0.0,0.0,0.0,0.0,0.0,0.0,0.0,0.0,0.0,0.0,0.0
1119,12,CRI Shim,0.0,0.0,0.14,0.21,0.06,0.0,0.29,0.73,0.0,0.0,98.57,0.0,0.0,0.0,0.0,0.0,0.0,0.0,0.0,0.0,0.0,0.0
1120,13,CRI Shim,0.0,0.0,0.13,0.23,0.05,0.01,0.32,0.73,0.0,0.0,98.53,0.0,0.0,0.0,0.0,0.0,0.0,0.0,0.0,0.0,0.0,0.0
1121,14,CRI Shim,0.0,0.0,0.13,0.21,0.06,0.0,0.3,0.66,0.0,0.0,98.64,0.0,0.0,0.0,0.0,0.0,0.0,0.0,0.0,0.0,0.0,0.0
1122,15,CRI Shim,0.0,0.0,0.15,0.18,0.06,0.0,0.33,0.83,0.0,0.0,98.45,0.0,0.0,0.0,0.0,0.0,0.0,0.0,0.0,0.0,0.0,0.0
1123,16,CRI Shim,0.0,0.0,0.14,0.2,0.04,0.0,0.24,0.68,0.0,0.0,98.7,0.0,0.0,0.0,0.0,0.0,0.0,0.0,0.0,0.0,0.0,0.0
1124,17,CRI Shim,0.0,0.0,0.12,0.23,0.05,0.01,0.26,0.7,0.0,0.0,98.63,0.0,0.0,0.0,0.0,0.0,0.0,0.0,0.0,0.0,0.0,0.0
1125,18,CRI Shim,0.0,0.0,0.14,0.19,0.05,0.0,0.34,0.7,0.0,0.0,98.58,0.0,0.0,0.0,0.0,0.0,0.0,0.0,0.0,0.0,0.0,0.0
1126,19,CRI Shim,0.0,0.0,0.14,0.22,0.05,0.0,0.29,0.82,0.0,0.0,98.48,0.0,0.0,0.0,0.0,0.0,0.0,0.0,0.0,0.0,0.0,0.0
1127,20,CRI Shim,0.0,0.0,0.12,0.21,0.04,0.0,0.31,0.78,0.0,0.0,98.54,0.0,0.0,0.0,0.0,0.0,0.0,0.0,0.0,0.0,0.0,0.0
1128,21,CRI Shim,0.0,0.0,0.13,0.19,0.05,0.01,0.34,0.74,0.0,0.0,98.54,0.0,0.0,0.0,0.0,0.0,0.0,0.0,0.0,0.0,0.0,0.0
1129,22,CRI Shim,0.0,0.0,0.13,0.22,0.05,0.0,0.32,0.73,0.0,0.0,98.55,0.0,0.0,0.0,0.0,0.0,0.0,0.0,0.0,0.0,0.0,0.0
1130,23,CRI Shim,0.0,0.0,0.17,0.16,0.04,0.0,0.26,0.75,0.0,0.0,98.62,0.0,0.0,0.0,0.0,0.0,0.0,0.0,0.0,0.0,0.0,0.0
1131,24,CRI Shim,0.0,0.0,0.13,0.15,0.04,0.01,0.28,0.75,0.0,0.0,98.64,0.0,0.0,0.0,0.0,0.0,0.0,0.0,0.0,0.0,0.0,0.0
1132,25,CRI Shim,0.0,0.0,0.13,0.18,0.06,0.0,0.32,0.74,0.0,0.0,98.57,0.0,0.0,0.0,0.0,0.0,0.0,0.0,0.0,0.0,0.0,0.0
1133,26,CRI Shim,0.0,0.0,0.12,0.21,0.04,0.01,0.31,0.79,0.0,0.0,98.52,0.0,0.0,0.0,0.0,0.0,0.0,0.0,0.0,0.0,0.0,0.0
1134,27,CRI Shim,0.0,0.0,0.11,0.22,0.04,0.01,0.3,0.8,0.0,0.0,98.52,0.0,0.0,0.0,0.0,0.0,0.0,0.0,0.0,0.0,0.0,0.0
1135,28,CRI Shim,0.0,0.0,0.12,0.14,0.06,0.0,0.32,0.74,0.0,0.0,98.62,0.0,0.0,0.0,0.0,0.0,0.0,0.0,0.0,0.0,0.0,0.0
1136,29,CRI Shim,0.0,0.0,0.12,0.22,0.07,0.01,0.32,0.87,0.0,0.0,98.39,0.0,0.0,0.0,0.0,0.0,0.0,0.0,0.0,0.0,0.0,0.0
1137,30,CRI Shim,0.0,0.0,0.13,0.18,0.05,0.01,0.29,0.78,0.0,0.0,98.56,0.0,0.0,0.0,0.0,0.0,0.0,0.0,0.0,0.0,0.0,0.0
1138,31,CRI Shim,0.0,0.0,0.12,0.18,0.05,0.01,0.27,0.74,0.0,0.0,98.63,0.0,0.0,0.0,0.0,0.0,0.0,0.0,0.0,0.0,0.0,0.0
1139,32,CRI Shim,0.0,0.0,0.13,0.19,0.04,0.01,0.3,0.67,0.0,0.0,98.66,0.0,0.0,0.0,0.0,0.0,0.0,0.0,0.0,0.0,0.0,0.0
1140,33,CRI Shim,0.0,0.0,0.13,0.25,0.06,0.01,0.3,0.7,0.0,0.0,98.55,0.0,0.0,0.0,0.0,0.0,0.0,0.0,0.0,0.0,0.0,0.0
1141,34,CRI Shim,0.0,0.0,0.14,0.22,0.05,0.0,0.25,0.71,0.0,0.0,98.63,0.0,0.0,0.0,0.0,0.0,0.0,0.0,0.0,0.0,0.0,0.0
1142,35,CRI Shim,0.0,0.0,0.14,0.19,0.06,0.0,0.28,0.59,0.0,0.0,98.74,0.0,0.0,0.0,0.0,0.0,0.0,0.0,0.0,0.0,0.0,0.0
1143,36,CRI Shim,0.0,0.0,0.16,0.23,0.06,0.0,0.31,0.75,0.0,0.0,98.49,0.0,0.0,0.0,0.0,0.0,0.0,0.0,0.0,0.0,0.0,0.0
1144,37,CRI Shim,0.0,0.0,0.11,0.26,0.06,0.01,0.3,0.9,0.0,0.0,98.36,0.0,0.0,0.0,0.0,0.0,0.0,0.0,0.0,0.0,0.0,0.0
1145,38,CRI Shim,0.0,0.0,0.1,0.21,0.05,0.0,0.3,0.62,0.0,0.0,98.72,0.0,0.0,0.0,0.0,0.0,0.0,0.0,0.0,0.0,0.0,0.0
1146,39,CRI Shim,0.0,0.0,0.1,0.21,0.06,0.01,0.3,0.74,0.0,0.0,98.58,0.0,0.0,0.0,0.0,0.0,0.0,0.0,0.0,0.0,0.0,0.0
1147,40,CRI Shim,0.0,0.0,0.11,0.16,0.05,0.0,0.35,0.7,0.0,0.0,98.63,0.0,0.0,0.0,0.0,0.0,0.0,0.0,0.0,0.0,0.0,0.0
1148,41,CRI Shim,0.0,0.0,0.11,0.21,0.04,0.01,0.31,0.85,0.0,0.0,98.47,0.0,0.0,0.0,0.0,0.0,0.0,0.0,0.0,0.0,0.0,0.0
1149,42,CRI Shim,0.0,0.0,0.12,0.23,0.06,0.01,0.36,0.84,0.0,0.0,98.38,0.0,0.0,0.0,0.0,0.0,0.0,0.0,0.0,0.0,0.0,0.0
1150,43,CRI Shim,0.0,0.0,0.1,0.2,0.06,0.01,0.3,0.68,0.0,0.0,98.65,0.0,0.0,0.0,0.0,0.0,0.0,0.0,0.0,0.0,0.0,0.0
1151,44,CRI Shim,0.0,0.0,0.12,0.2,0.05,0.0,0.29,0.71,0.0,0.0,98.63,0.0,0.0,0.0,0.0,0.0,0.0,0.0,0.0,0.0,0.0,0.0
1152,45,CRI Shim,0.0,0.0,0.12,0.21,0.06,0.01,0.34,0.78,0.0,0.0,98.48,0.0,0.0,0.0,0.0,0.0,0.0,0.0,0.0,0.0,0.0,0.0
1153,46,CRI Shim,0.0,0.0,0.14,0.2,0.06,0.01,0.36,0.8,0.0,0.0,98.43,0.0,0.0,0.0,0.0,0.0,0.0,0.0,0.0,0.0,0.0,0.0
1154,47,CRI Shim,0.0,0.0,0.09,0.19,0.04,0.0,0.34,0.68,0.0,0.0,98.66,0.0,0.0,0.0,0.0,0.0,0.0,0.0,0.0,0.0,0.0,0.0
1155,48,CRI Shim,0.0,0.0,0.12,0.19,0.05,0.01,0.35,0.7,0.0,0.0,98.58,0.0,0.0,0.0,0.0,0.0,0.0,0.0,0.0,0.0,0.0,0.0
1156,49,CRI Shim,0.0,0.0,0.14,0.16,0.05,0.0,0.26,0.84,0.0,0.0,98.55,0.0,0.0,0.0,0.0,0.0,0.0,0.0,0.0,0.0,0.0,0.0
1157,50,CRI Shim,0.0,0.0,0.14,0.22,0.05,0.01,0.34,0.76,0.0,0.0,98.48,0.0,0.0,0.0,0.0,0.0,0.0,0.0,0.0,0.0,0.0,0.0
1158,51,CRI Shim,0.0,0.0,0.12,0.23,0.05,0.01,0.27,0.74,0.0,0.0,98.58,0.0,0.0,0.0,0.0,0.0,0.0,0.0,0.0,0.0,0.0,0.0
1159,52,CRI Shim,0.0,0.0,0.11,0.22,0.05,0.0,0.31,0.72,0.0,0.0,98.59,0.0,0.0,0.0,0.0,0.0,0.0,0.0,0.0,0.0,0.0,0.0
1160,53,CRI Shim,0.0,0.0,0.14,0.2,0.05,0.01,0.3,0.78,0.0,0.0,98.52,0.0,0.0,0.0,0.0,0.0,0.0,0.0,0.0,0.0,0.0,0.0
1161,54,CRI Shim,0.0,0.0,0.13,0.2,0.06,0.0,0.24,0.7,0.0,0.0,98.67,0.0,0.0,0.0,0.0,0.0,0.0,0.0,0.0,0.0,0.0,0.0
1162,55,CRI Shim,0.0,0.0,0.13,0.21,0.05,0.0,0.3,0.86,0.0,0.0,98.45,0.0,0.0,0.0,0.0,0.0,0.0,0.0,0.0,0.0,0.0,0.0
1163,56,CRI Shim,0.0,0.0,0.1,0.2,0.06,0.0,0.33,0.69,0.0,0.0,98.62,0.0,0.0,0.0,0.0,0.0,0.0,0.0,0.0,0.0,0.0,0.0
1164,57,CRI Shim,0.0,0.0,0.13,0.2,0.05,0.0,0.33,0.7,0.0,0.0,98.59,0.0,0.0,0.0,0.0,0.0,0.0,0.0,0.0,0.0,0.0,0.0
1165,58,CRI Shim,0.0,0.0,0.11,0.2,0.05,0.01,0.29,0.66,0.0,0.0,98.68,0.0,0.0,0.0,0.0,0.0,0.0,0.0,0.0,0.0,0.0,0.0
1166,59,CRI Shim,0.0,0.0,0.12,0.16,0.04,0.0,0.33,0.73,0.0,0.0,98.62,0.0,0.0,0.0,0.0,0.0,0.0,0.0,0.0,0.0,0.0,0.0
1167,60,CRI Shim,0.0,0.0,0.11,0.19,0.04,0.0,0.27,0.61,0.0,0.0,98.78,0.0,0.0,0.0,0.0,0.0,0.0,0.0,0.0,0.0,0.0,0.0
1168,61,CRI Shim,0.0,0.0,0.11,0.2,0.06,0.0,0.32,0.77,0.0,0.0,98.54,0.0,0.0,0.0,0.0,0.0,0.0,0.0,0.0,0.0,0.0,0.0
1169,62,CRI Shim,0.0,0.0,0.17,0.23,0.05,0.0,0.33,0.73,0.0,0.0,98.49,0.0,0.0,0.0,0.0,0.0,0.0,0.0,0.0,0.0,0.0,0.0
1170,63,CRI Shim,0.0,0.0,0.1,0.24,0.05,0.0,0.33,0.77,0.0,0.0,98.51,0.0,0.0,0.0,0.0,0.0,0.0,0.0,0.0,0.0,0.0,0.0
1171,64,CRI Shim,0.0,0.0,0.14,0.17,0.04,0.0,0.26,0.56,0.0,0.0,98.83,0.0,0.0,0.0,0.0,0.0,0.0,0.0,0.0,0.0,0.0,0.0
1172,65,CRI Shim,0.0,0.0,0.12,0.15,0.05,0.0,0.3,0.65,0.0,0.0,98.73,0.0,0.0,0.0,0.0,0.0,0.0,0.0,0.0,0.0,0.0,0.0
1173,66,CRI Shim,0.0,0.0,0.14,0.21,0.04,0.01,0.31,0.74,0.0,0.0,98.55,0.0,0.0,0.0,0.0,0.0,0.0,0.0,0.0,0.0,0.0,0.0
1174,67,CRI Shim,0.0,0.0,0.12,0.23,0.05,0.0,0.3,0.63,0.0,0.0,98.67,0.0,0.0,0.0,0.0,0.0,0.0,0.0,0.0,0.0,0.0,0.0
1175,68,CRI Shim,0.0,0.0,0.13,0.21,0.04,0.0,0.31,0.67,0.0,0.0,98.64,0.0,0.0,0.0,0.0,0.0,0.0,0.0,0.0,0.0,0.0,0.0
1176,69,CRI Shim,0.0,0.0,0.12,0.19,0.05,0.0,0.31,0.62,0.0,0.0,98.71,0.0,0.0,0.0,0.0,0.0,0.0,0.0,0.0,0.0,0.0,0.0
1177,70,CRI Shim,0.0,0.0,0.13,0.25,0.04,0.0,0.33,0.63,0.0,0.0,98.62,0.0,0.0,0.0,0.0,0.0,0.0,0.0,0.0,0.0,0.0,0.0
1178,71,CRI Shim,0.0,0.0,0.11,0.16,0.05,0.01,0.31,0.69,0.0,0.0,98.67,0.0,0.0,0.0,0.0,0.0,0.0,0.0,0.0,0.0,0.0,0.0
1179,72,CRI Shim,0.0,0.0,0.14,0.21,0.06,0.0,0.28,0.56,0.0,0.0,98.75,0.0,0.0,0.0,0.0,0.0,0.0,0.0,0.0,0.0,0.0,0.0
1180,73,CRI Shim,0.0,0.0,0.09,0.19,0.05,0.0,0.29,0.89,0.0,0.0,98.49,0.0,0.0,0.0,0.0,0.0,0.0,0.0,0.0,0.0,0.0,0.0
1181,74,CRI Shim,0.0,0.0,0.14,0.24,0.06,0.01,0.3,0.84,0.0,0.0,98.41,0.0,0.0,0.0,0.0,0.0,0.0,0.0,0.0,0.0,0.0,0.0
1182,75,CRI Shim,0.0,0.0,0.13,0.19,0.05,0.0,0.32,0.65,0.0,0.0,98.66,0.0,0.0,0.0,0.0,0.0,0.0,0.0,0.0,0.0,0.0,0.0
1183,76,CRI Shim,0.0,0.0,0.12,0.2,0.04,0.01,0.3,0.74,0.0,0.0,98.59,0.0,0.0,0.0,0.0,0.0,0.0,0.0,0.0,0.0,0.0,0.0
1184,77,CRI Shim,0.0,0.0,0.1,0.2,0.05,0.01,0.3,0.73,0.0,0.0,98.61,0.0,0.0,0.0,0.0,0.0,0.0,0.0,0.0,0.0,0.0,0.0
1185,78,CRI Shim,0.0,0.0,0.14,0.21,0.05,0.01,0.28,0.64,0.0,0.0,98.67,0.0,0.0,0.0,0.0,0.0,0.0,0.0,0.0,0.0,0.0,0.0
1186,79,CRI Shim,0.0,0.0,0.12,0.23,0.04,0.0,0.29,0.73,0.0,0.0,98.59,0.0,0.0,0.0,0.0,0.0,0.0,0.0,0.0,0.0,0.0,0.0
1187,80,CRI Shim,0.0,0.0,0.15,0.2,0.04,0.0,0.28,0.71,0.0,0.0,98.62,0.0,0.0,0.0,0.0,0.0,0.0,0.0,0.0,0.0,0.0,0.0
1188,81,CRI Shim,0.0,0.0,0.12,0.17,0.05,0.01,0.31,0.69,0.0,0.0,98.65,0.0,0.0,0.0,0.0,0.0,0.0,0.0,0.0,0.0,0.0,0.0
1189,82,CRI Shim,0.0,0.0,0.14,0.24,0.05,0.01,0.28,0.75,0.0,0.0,98.53,0.0,0.0,0.0,0.0,0.0,0.0,0.0,0.0,0.0,0.0,0.0
1190,83,CRI Shim,0.0,0.0,0.13,0.21,0.05,0.0,0.3,0.78,0.0,0.0,98.53,0.0,0.0,0.0,0.0,0.0,0.0,0.0,0.0,0.0,0.0,0.0
1191,84,CRI Shim,0.0,0.0,0.17,0.19,0.07,0.01,0.32,0.72,0.0,0.0,98.52,0.0,0.0,0.0,0.0,0.0,0.0,0.0,0.0,0.0,0.0,0.0
1192,85,CRI Shim,0.0,0.0,0.13,0.19,0.07,0.0,0.34,0.68,0.0,0.0,98.59,0.0,0.0,0.0,0.0,0.0,0.0,0.0,0.0,0.0,0.0,0.0
1193,86,CRI Shim,0.0,0.0,0.13,0.21,0.06,0.01,0.29,0.71,0.0,0.0,98.59,0.0,0.0,0.0,0.0,0.0,0.0,0.0,0.0,0.0,0.0,0.0
1194,87,CRI Shim,0.0,0.0,0.12,0.21,0.06,0.0,0.25,0.71,0.0,0.0,98.65,0.0,0.0,0.0,0.0,0.0,0.0,0.0,0.0,0.0,0.0,0.0
1195,88,CRI Shim,0.0,0.0,0.1,0.21,0.04,0.0,0.27,0.78,0.0,0.0,98.6,0.0,0.0,0.0,0.0,0.0,0.0,0.0,0.0,0.0,0.0,0.0
1196,89,CRI Shim,0.0,0.0,0.14,0.2,0.04,0.0,0.27,0.66,0.0,0.0,98.69,0.0,0.0,0.0,0.0,0.0,0.0,0.0,0.0,0.0,0.0,0.0
1197,90,CRI Shim,0.0,0.0,0.14,0.2,0.04,0.0,0.29,0.79,0.0,0.0,98.54,0.0,0.0,0.0,0.0,0.0,0.0,0.0,0.0,0.0,0.0,0.0
1198,91,CRI Shim,0.0,0.0,0.15,0.17,0.05,0.01,0.33,0.65,0.0,0.0,98.64,0.0,0.0,0.0,0.0,0.0,0.0,0.0,0.0,0.0,0.0,0.0
1199,92,CRI Shim,0.0,0.0,0.11,0.21,0.04,0.01,0.29,0.7,0.0,0.0,98.64,0.0,0.0,0.0,0.0,0.0,0.0,0.0,0.0,0.0,0.0,0.0
1200,93,CRI Shim,0.0,0.0,0.12,0.17,0.05,0.0,0.27,0.67,0.0,0.0,98.72,0.0,0.0,0.0,0.0,0.0,0.0,0.0,0.0,0.0,0.0,0.0
1201,94,CRI Shim,0.0,0.0,0.12,0.19,0.06,0.01,0.29,0.74,0.0,0.0,98.59,0.0,0.0,0.0,0.0,0.0,0.0,0.0,0.0,0.0,0.0,0.0
1202,95,CRI Shim,0.0,0.0,0.13,0.18,0.05,0.01,0.29,0.63,0.0,0.0,98.71,0.0,0.0,0.0,0.0,0.0,0.0,0.0,0.0,0.0,0.0,0.0
1203,96,CRI Shim,0.0,0.0,0.09,0.22,0.05,0.0,0.34,0.69,0.0,0.0,98.61,0.0,0.0,0.0,0.0,0.0,0.0,0.0,0.0,0.0,0.0,0.0
1204,97,CRI Shim,0.0,0.0,0.11,0.17,0.05,0.0,0.29,0.66,0.0,0.0,98.72,0.0,0.0,0.0,0.0,0.0,0.0,0.0,0.0,0.0,0.0,0.0
1205,98,CRI Shim,0.0,0.0,0.1,0.2,0.06,0.0,0.3,0.73,0.0,0.0,98.61,0.0,0.0,0.0,0.0,0.0,0.0,0.0,0.0,0.0,0.0,0.0
1206,99,CRI Shim,0.0,0.0,0.12,0.2,0.05,0.01,0.3,0.67,0.0,0.0,98.65,0.0,0.0,0.0,0.0,0.0,0.0,0.0,0.0,0.0,0.0,0.0
1207,100,CRI Shim,0.0,0.0,0.11,0.18,0.05,0.01,0.28,0.66,0.0,0.0,98.71,0.0,0.0,0.0,0.0,0.0,0.0,0.0,0.0,0.0,0.0,0.0
1208,101,CRI Shim,0.0,0.0,0.11,0.14,0.06,0.0,0.35,0.71,0.0,0.0,98.63,0.0,0.0,0.0,0.0,0.0,0.0,0.0,0.0,0.0,0.0,0.0
1209,1,Clamping Saddle,5.54,0.96,0.75,0.0,0.0,0.0,2.37,0.0,81.83,0.0,8.55,0.0,0.0,0.0,0.0,0.0,0.0,0.0,0.0,0.0,0.0,0.0
1210,2,Clamping Saddle,5.32,0.95,0.95,0.0,0.0,0.0,2.81,0.0,81.73,0.0,8.24,0.0,0.0,0.0,0.0,0.0,0.0,0.0,0.0,0.0,0.0,0.0
1211,3,Clamping Saddle,5.29,1.03,0.85,0.0,0.0,0.0,2.87,0.0,82.0,0.0,7.96,0.0,0.0,0.0,0.0,0.0,0.0,0.0,0.0,0.0,0.0,0.0
1212,4,Clamping Saddle,4.76,0.93,0.94,0.0,0.0,0.0,2.43,0.0,82.26,0.0,8.68,0.0,0.0,0.0,0.0,0.0,0.0,0.0,0.0,0.0,0.0,0.0
1213,5,Clamping Saddle,5.54,0.99,0.94,0.0,0.0,0.0,2.51,0.0,79.79,0.0,10.23,0.0,0.0,0.0,0.0,0.0,0.0,0.0,0.0,0.0,0.0,0.0
1214,6,Clamping Saddle,5.1,0.99,0.84,0.0,0.0,0.0,2.38,0.0,83.7,0.0,6.99,0.0,0.0,0.0,0.0,0.0,0.0,0.0,0.0,0.0,0.0,0.0
1215,7,Clamping Saddle,5.65,1.23,0.99,0.0,0.0,0.0,3.1,0.0,79.3,0.0,9.73,0.0,0.0,0.0,0.0,0.0,0.0,0.0,0.0,0.0,0.0,0.0
1216,8,Clamping Saddle,4.8,1.1,0.66,0.0,0.0,0.0,2.92,0.0,82.35,0.0,8.17,0.0,0.0,0.0,0.0,0.0,0.0,0.0,0.0,0.0,0.0,0.0
1217,9,Clamping Saddle,5.92,1.04,0.87,0.0,0.0,0.0,2.82,0.0,78.44,0.0,10.91,0.0,0.0,0.0,0.0,0.0,0.0,0.0,0.0,0.0,0.0,0.0
1218,10,Clamping Saddle,6.17,1.16,0.9,0.0,0.0,0.0,2.47,0.0,82.05,0.0,7.25,0.0,0.0,0.0,0.0,0.0,0.0,0.0,0.0,0.0,0.0,0.0
1219,11,Clamping Saddle,5.41,0.92,0.79,0.0,0.0,0.0,2.51,0.0,81.62,0.0,8.75,0.0,0.0,0.0,0.0,0.0,0.0,0.0,0.0,0.0,0.0,0.0
1220,12,Clamping Saddle,5.0,0.95,0.84,0.0,0.0,0.0,2.21,0.0,81.3,0.0,9.7,0.0,0.0,0.0,0.0,0.0,0.0,0.0,0.0,0.0,0.0,0.0
1221,13,Clamping Saddle,6.04,1.03,0.88,0.0,0.0,0.0,2.55,0.0,81.81,0.0,7.69,0.0,0.0,0.0,0.0,0.0,0.0,0.0,0.0,0.0,0.0,0.0
1222,14,Clamping Saddle,6.04,1.0,0.65,0.0,0.0,0.0,2.15,0.0,81.94,0.0,8.22,0.0,0.0,0.0,0.0,0.0,0.0,0.0,0.0,0.0,0.0,0.0
1223,15,Clamping Saddle,5.66,0.99,0.89,0.0,0.0,0.0,2.43,0.0,78.56,0.0,11.47,0.0,0.0,0.0,0.0,0.0,0.0,0.0,0.0,0.0,0.0,0.0
1224,16,Clamping Saddle,5.93,1.01,1.01,0.0,0.0,0.0,2.65,0.0,79.99,0.0,9.41,0.0,0.0,0.0,0.0,0.0,0.0,0.0,0.0,0.0,0.0,0.0
1225,17,Clamping Saddle,5.79,0.92,1.03,0.0,0.0,0.0,2.89,0.0,80.52,0.0,8.85,0.0,0.0,0.0,0.0,0.0,0.0,0.0,0.0,0.0,0.0,0.0
1226,18,Clamping Saddle,6.5,1.01,0.9,0.0,0.0,0.0,2.7,0.0,80.94,0.0,7.95,0.0,0.0,0.0,0.0,0.0,0.0,0.0,0.0,0.0,0.0,0.0
1227,19,Clamping Saddle,5.23,1.08,0.65,0.0,0.0,0.0,2.33,0.0,81.06,0.0,9.65,0.0,0.0,0.0,0.0,0.0,0.0,0.0,0.0,0.0,0.0,0.0
1228,20,Clamping Saddle,4.89,1.0,0.83,0.0,0.0,0.0,2.49,0.0,81.66,0.0,9.13,0.0,0.0,0.0,0.0,0.0,0.0,0.0,0.0,0.0,0.0,0.0
1229,21,Clamping Saddle,5.3,1.11,0.91,0.0,0.0,0.0,2.67,0.0,82.23,0.0,7.78,0.0,0.0,0.0,0.0,0.0,0.0,0.0,0.0,0.0,0.0,0.0
1230,22,Clamping Saddle,5.99,0.96,0.81,0.0,0.0,0.0,3.08,0.0,80.82,0.0,8.34,0.0,0.0,0.0,0.0,0.0,0.0,0.0,0.0,0.0,0.0,0.0
1231,23,Clamping Saddle,4.54,0.83,0.93,0.0,0.0,0.0,1.93,0.0,83.44,0.0,8.33,0.0,0.0,0.0,0.0,0.0,0.0,0.0,0.0,0.0,0.0,0.0
1232,24,Clamping Saddle,5.76,1.02,0.91,0.0,0.0,0.0,2.58,0.0,81.26,0.0,8.47,0.0,0.0,0.0,0.0,0.0,0.0,0.0,0.0,0.0,0.0,0.0
1233,25,Clamping Saddle,5.72,1.19,0.85,0.0,0.0,0.0,2.55,0.0,79.59,0.0,10.1,0.0,0.0,0.0,0.0,0.0,0.0,0.0,0.0,0.0,0.0,0.0
1234,26,Clamping Saddle,5.53,1.16,0.77,0.0,0.0,0.0,2.96,0.0,81.61,0.0,7.97,0.0,0.0,0.0,0.0,0.0,0.0,0.0,0.0,0.0,0.0,0.0
1235,27,Clamping Saddle,5.08,0.98,0.95,0.0,0.0,0.0,2.0,0.0,82.62,0.0,8.37,0.0,0.0,0.0,0.0,0.0,0.0,0.0,0.0,0.0,0.0,0.0
1236,28,Clamping Saddle,4.55,0.99,0.92,0.0,0.0,0.0,2.36,0.0,83.0,0.0,8.18,0.0,0.0,0.0,0.0,0.0,0.0,0.0,0.0,0.0,0.0,0.0
1237,29,Clamping Saddle,4.85,1.0,0.99,0.0,0.0,0.0,2.3,0.0,83.52,0.0,7.34,0.0,0.0,0.0,0.0,0.0,0.0,0.0,0.0,0.0,0.0,0.0
1238,30,Clamping Saddle,4.69,0.97,0.76,0.0,0.0,0.0,3.61,0.0,82.21,0.0,7.76,0.0,0.0,0.0,0.0,0.0,0.0,0.0,0.0,0.0,0.0,0.0
1239,31,Clamping Saddle,5.98,1.0,0.94,0.0,0.0,0.0,3.29,0.0,80.23,0.0,8.56,0.0,0.0,0.0,0.0,0.0,0.0,0.0,0.0,0.0,0.0,0.0
1240,32,Clamping Saddle,5.14,0.99,0.91,0.0,0.0,0.0,2.5,0.0,83.17,0.0,7.29,0.0,0.0,0.0,0.0,0.0,0.0,0.0,0.0,0.0,0.0,0.0
1241,33,Clamping Saddle,5.76,1.12,0.91,0.0,0.0,0.0,2.79,0.0,80.79,0.0,8.63,0.0,0.0,0.0,0.0,0.0,0.0,0.0,0.0,0.0,0.0,0.0
1242,34,Clamping Saddle,6.06,0.94,0.94,0.0,0.0,0.0,2.51,0.0,80.57,0.0,8.98,0.0,0.0,0.0,0.0,0.0,0.0,0.0,0.0,0.0,0.0,0.0
1243,35,Clamping Saddle,5.51,1.02,1.0,0.0,0.0,0.0,2.29,0.0,82.72,0.0,7.46,0.0,0.0,0.0,0.0,0.0,0.0,0.0,0.0,0.0,0.0,0.0
1244,36,Clamping Saddle,5.38,0.94,0.83,0.0,0.0,0.0,2.66,0.0,80.82,0.0,9.37,0.0,0.0,0.0,0.0,0.0,0.0,0.0,0.0,0.0,0.0,0.0
1245,37,Clamping Saddle,4.96,1.06,0.98,0.0,0.0,0.0,3.02,0.0,80.89,0.0,9.09,0.0,0.0,0.0,0.0,0.0,0.0,0.0,0.0,0.0,0.0,0.0
1246,38,Clamping Saddle,5.71,1.14,0.88,0.0,0.0,0.0,2.72,0.0,81.83,0.0,7.72,0.0,0.0,0.0,0.0,0.0,0.0,0.0,0.0,0.0,0.0,0.0
1247,39,Clamping Saddle,5.4,1.01,0.94,0.0,0.0,0.0,2.71,0.0,80.33,0.0,9.61,0.0,0.0,0.0,0.0,0.0,0.0,0.0,0.0,0.0,0.0,0.0
1248,40,Clamping Saddle,5.87,1.2,0.85,0.0,0.0,0.0,2.58,0.0,82.62,0.0,6.88,0.0,0.0,0.0,0.0,0.0,0.0,0.0,0.0,0.0,0.0,0.0
1249,41,Clamping Saddle,5.07,1.13,0.78,0.0,0.0,0.0,2.83,0.0,80.36,0.0,9.83,0.0,0.0,0.0,0.0,0.0,0.0,0.0,0.0,0.0,0.0,0.0
1250,42,Clamping Saddle,5.31,0.99,0.79,0.0,0.0,0.0,2.49,0.0,81.82,0.0,8.6,0.0,0.0,0.0,0.0,0.0,0.0,0.0,0.0,0.0,0.0,0.0
1251,43,Clamping Saddle,4.59,0.83,0.98,0.0,0.0,0.0,2.21,0.0,81.46,0.0,9.93,0.0,0.0,0.0,0.0,0.0,0.0,0.0,0.0,0.0,0.0,0.0
1252,44,Clamping Saddle,5.24,0.89,0.76,0.0,0.0,0.0,2.39,0.0,82.78,0.0,7.94,0.0,0.0,0.0,0.0,0.0,0.0,0.0,0.0,0.0,0.0,0.0
1253,45,Clamping Saddle,4.96,1.08,0.82,0.0,0.0,0.0,2.08,0.0,82.34,0.0,8.72,0.0,0.0,0.0,0.0,0.0,0.0,0.0,0.0,0.0,0.0,0.0
1254,46,Clamping Saddle,5.92,0.94,0.87,0.0,0.0,0.0,2.37,0.0,80.26,0.0,9.64,0.0,0.0,0.0,0.0,0.0,0.0,0.0,0.0,0.0,0.0,0.0
1255,47,Clamping Saddle,5.32,1.0,0.98,0.0,0.0,0.0,2.45,0.0,81.1,0.0,9.15,0.0,0.0,0.0,0.0,0.0,0.0,0.0,0.0,0.0,0.0,0.0
1256,48,Clamping Saddle,5.0,1.02,0.94,0.0,0.0,0.0,2.43,0.0,82.41,0.0,8.2,0.0,0.0,0.0,0.0,0.0,0.0,0.0,0.0,0.0,0.0,0.0
1257,49,Clamping Saddle,5.51,1.06,1.06,0.0,0.0,0.0,2.26,0.0,82.24,0.0,7.87,0.0,0.0,0.0,0.0,0.0,0.0,0.0,0.0,0.0,0.0,0.0
1258,50,Clamping Saddle,5.42,0.91,0.76,0.0,0.0,0.0,2.06,0.0,80.49,0.0,10.36,0.0,0.0,0.0,0.0,0.0,0.0,0.0,0.0,0.0,0.0,0.0
1259,51,Clamping Saddle,4.98,0.88,0.95,0.0,0.0,0.0,1.9,0.0,82.76,0.0,8.53,0.0,0.0,0.0,0.0,0.0,0.0,0.0,0.0,0.0,0.0,0.0
1260,52,Clamping Saddle,5.02,0.94,0.79,0.0,0.0,0.0,3.09,0.0,80.21,0.0,9.95,0.0,0.0,0.0,0.0,0.0,0.0,0.0,0.0,0.0,0.0,0.0
1261,53,Clamping Saddle,5.45,1.03,0.89,0.0,0.0,0.0,2.22,0.0,81.13,0.0,9.28,0.0,0.0,0.0,0.0,0.0,0.0,0.0,0.0,0.0,0.0,0.0
1262,54,Clamping Saddle,4.79,0.93,0.84,0.0,0.0,0.0,2.84,0.0,80.95,0.0,9.65,0.0,0.0,0.0,0.0,0.0,0.0,0.0,0.0,0.0,0.0,0.0
1263,55,Clamping Saddle,6.29,1.16,0.82,0.0,0.0,0.0,2.37,0.0,79.97,0.0,9.39,0.0,0.0,0.0,0.0,0.0,0.0,0.0,0.0,0.0,0.0,0.0
1264,56,Clamping Saddle,6.04,0.92,0.68,0.0,0.0,0.0,2.36,0.0,81.51,0.0,8.49,0.0,0.0,0.0,0.0,0.0,0.0,0.0,0.0,0.0,0.0,0.0
1265,57,Clamping Saddle,5.26,0.92,0.7,0.0,0.0,0.0,2.37,0.0,82.19,0.0,8.56,0.0,0.0,0.0,0.0,0.0,0.0,0.0,0.0,0.0,0.0,0.0
1266,58,Clamping Saddle,5.51,1.01,0.71,0.0,0.0,0.0,2.71,0.0,82.04,0.0,8.02,0.0,0.0,0.0,0.0,0.0,0.0,0.0,0.0,0.0,0.0,0.0
1267,59,Clamping Saddle,6.38,1.04,0.81,0.0,0.0,0.0,2.88,0.0,81.07,0.0,7.82,0.0,0.0,0.0,0.0,0.0,0.0,0.0,0.0,0.0,0.0,0.0
1268,60,Clamping Saddle,5.06,1.04,1.12,0.0,0.0,0.0,3.06,0.0,81.15,0.0,8.57,0.0,0.0,0.0,0.0,0.0,0.0,0.0,0.0,0.0,0.0,0.0
1269,61,Clamping Saddle,6.47,0.87,0.92,0.0,0.0,0.0,2.25,0.0,80.06,0.0,9.43,0.0,0.0,0.0,0.0,0.0,0.0,0.0,0.0,0.0,0.0,0.0
1270,62,Clamping Saddle,5.12,1.02,0.8,0.0,0.0,0.0,2.43,0.0,82.13,0.0,8.5,0.0,0.0,0.0,0.0,0.0,0.0,0.0,0.0,0.0,0.0,0.0
1271,63,Clamping Saddle,5.86,1.05,0.83,0.0,0.0,0.0,3.02,0.0,79.02,0.0,10.22,0.0,0.0,0.0,0.0,0.0,0.0,0.0,0.0,0.0,0.0,0.0
1272,64,Clamping Saddle,5.59,1.13,0.93,0.0,0.0,0.0,2.48,0.0,80.39,0.0,9.48,0.0,0.0,0.0,0.0,0.0,0.0,0.0,0.0,0.0,0.0,0.0
1273,65,Clamping Saddle,6.32,0.91,0.99,0.0,0.0,0.0,2.73,0.0,81.2,0.0,7.85,0.0,0.0,0.0,0.0,0.0,0.0,0.0,0.0,0.0,0.0,0.0
1274,66,Clamping Saddle,4.93,0.79,0.63,0.0,0.0,0.0,2.53,0.0,82.43,0.0,8.69,0.0,0.0,0.0,0.0,0.0,0.0,0.0,0.0,0.0,0.0,0.0
1275,67,Clamping Saddle,4.33,1.02,0.79,0.0,0.0,0.0,2.84,0.0,82.53,0.0,8.49,0.0,0.0,0.0,0.0,0.0,0.0,0.0,0.0,0.0,0.0,0.0
1276,68,Clamping Saddle,6.08,0.98,0.72,0.0,0.0,0.0,2.18,0.0,80.48,0.0,9.56,0.0,0.0,0.0,0.0,0.0,0.0,0.0,0.0,0.0,0.0,0.0
1277,69,Clamping Saddle,5.36,1.12,0.86,0.0,0.0,0.0,2.26,0.0,84.27,0.0,6.13,0.0,0.0,0.0,0.0,0.0,0.0,0.0,0.0,0.0,0.0,0.0
1278,70,Clamping Saddle,6.25,1.02,0.93,0.0,0.0,0.0,2.89,0.0,80.68,0.0,8.23,0.0,0.0,0.0,0.0,0.0,0.0,0.0,0.0,0.0,0.0,0.0
1279,71,Clamping Saddle,4.79,0.96,0.97,0.0,0.0,0.0,2.23,0.0,82.57,0.0,8.48,0.0,0.0,0.0,0.0,0.0,0.0,0.0,0.0,0.0,0.0,0.0
1280,72,Clamping Saddle,5.3,0.94,0.88,0.0,0.0,0.0,2.71,0.0,81.09,0.0,9.08,0.0,0.0,0.0,0.0,0.0,0.0,0.0,0.0,0.0,0.0,0.0
1281,73,Clamping Saddle,6.09,1.02,0.71,0.0,0.0,0.0,2.5,0.0,80.48,0.0,9.2,0.0,0.0,0.0,0.0,0.0,0.0,0.0,0.0,0.0,0.0,0.0
1282,74,Clamping Saddle,4.73,0.88,0.76,0.0,0.0,0.0,2.27,0.0,82.62,0.0,8.74,0.0,0.0,0.0,0.0,0.0,0.0,0.0,0.0,0.0,0.0,0.0
1283,75,Clamping Saddle,5.24,0.99,0.75,0.0,0.0,0.0,2.57,0.0,81.02,0.0,9.43,0.0,0.0,0.0,0.0,0.0,0.0,0.0,0.0,0.0,0.0,0.0
1284,76,Clamping Saddle,5.47,0.99,0.86,0.0,0.0,0.0,2.42,0.0,81.12,0.0,9.14,0.0,0.0,0.0,0.0,0.0,0.0,0.0,0.0,0.0,0.0,0.0
1285,77,Clamping Saddle,6.21,0.97,0.75,0.0,0.0,0.0,2.76,0.0,80.79,0.0,8.52,0.0,0.0,0.0,0.0,0.0,0.0,0.0,0.0,0.0,0.0,0.0
1286,78,Clamping Saddle,6.08,1.05,0.68,0.0,0.0,0.0,2.45,0.0,80.18,0.0,9.56,0.0,0.0,0.0,0.0,0.0,0.0,0.0,0.0,0.0,0.0,0.0
1287,79,Clamping Saddle,5.51,1.09,0.94,0.0,0.0,0.0,2.51,0.0,81.18,0.0,8.77,0.0,0.0,0.0,0.0,0.0,0.0,0.0,0.0,0.0,0.0,0.0
1288,80,Clamping Saddle,5.93,0.95,0.82,0.0,0.0,0.0,2.32,0.0,80.89,0.0,9.09,0.0,0.0,0.0,0.0,0.0,0.0,0.0,0.0,0.0,0.0,0.0
1289,81,Clamping Saddle,5.63,0.92,0.86,0.0,0.0,0.0,2.2,0.0,82.16,0.0,8.23,0.0,0.0,0.0,0.0,0.0,0.0,0.0,0.0,0.0,0.0,0.0
1290,82,Clamping Saddle,4.92,1.09,0.95,0.0,0.0,0.0,2.8,0.0,82.46,0.0,7.78,0.0,0.0,0.0,0.0,0.0,0.0,0.0,0.0,0.0,0.0,0.0
1291,83,Clamping Saddle,5.64,1.03,0.86,0.0,0.0,0.0,3.16,0.0,81.51,0.0,7.8,0.0,0.0,0.0,0.0,0.0,0.0,0.0,0.0,0.0,0.0,0.0
1292,84,Clamping Saddle,5.4,0.87,0.78,0.0,0.0,0.0,1.85,0.0,83.54,0.0,7.56,0.0,0.0,0.0,0.0,0.0,0.0,0.0,0.0,0.0,0.0,0.0
1293,85,Clamping Saddle,6.11,0.99,0.79,0.0,0.0,0.0,2.8,0.0,81.26,0.0,8.05,0.0,0.0,0.0,0.0,0.0,0.0,0.0,0.0,0.0,0.0,0.0
1294,86,Clamping Saddle,5.86,0.95,0.81,0.0,0.0,0.0,2.39,0.0,84.18,0.0,5.81,0.0,0.0,0.0,0.0,0.0,0.0,0.0,0.0,0.0,0.0,0.0
1295,87,Clamping Saddle,5.51,1.0,0.81,0.0,0.0,0.0,3.2,0.0,79.49,0.0,9.99,0.0,0.0,0.0,0.0,0.0,0.0,0.0,0.0,0.0,0.0,0.0
1296,88,Clamping Saddle,5.18,0.89,0.74,0.0,0.0,0.0,2.31,0.0,82.77,0.0,8.11,0.0,0.0,0.0,0.0,0.0,0.0,0.0,0.0,0.0,0.0,0.0
1297,89,Clamping Saddle,4.55,1.0,0.8,0.0,0.0,0.0,2.39,0.0,80.3,0.0,10.96,0.0,0.0,0.0,0.0,0.0,0.0,0.0,0.0,0.0,0.0,0.0
1298,90,Clamping Saddle,6.17,1.09,0.84,0.0,0.0,0.0,2.33,0.0,79.33,0.0,10.24,0.0,0.0,0.0,0.0,0.0,0.0,0.0,0.0,0.0,0.0,0.0
1299,91,Clamping Saddle,5.09,0.92,0.86,0.0,0.0,0.0,2.6,0.0,83.32,0.0,7.21,0.0,0.0,0.0,0.0,0.0,0.0,0.0,0.0,0.0,0.0,0.0
1300,92,Clamping Saddle,6.08,1.06,0.95,0.0,0.0,0.0,2.96,0.0,80.95,0.0,8.0,0.0,0.0,0.0,0.0,0.0,0.0,0.0,0.0,0.0,0.0,0.0
1301,93,Clamping Saddle,5.83,0.83,0.96,0.0,0.0,0.0,2.57,0.0,83.33,0.0,6.48,0.0,0.0,0.0,0.0,0.0,0.0,0.0,0.0,0.0,0.0,0.0
1302,94,Clamping Saddle,5.7,1.05,0.8,0.0,0.0,0.0,2.5,0.0,80.92,0.0,9.03,0.0,0.0,0.0,0.0,0.0,0.0,0.0,0.0,0.0,0.0,0.0
1303,95,Clamping Saddle,5.05,0.99,0.87,0.0,0.0,0.0,2.22,0.0,81.51,0.0,9.36,0.0,0.0,0.0,0.0,0.0,0.0,0.0,0.0,0.0,0.0,0.0
1304,96,Clamping Saddle,5.63,0.99,0.88,0.0,0.0,0.0,2.36,0.0,82.71,0.0,7.43,0.0,0.0,0.0,0.0,0.0,0.0,0.0,0.0,0.0,0.0,0.0
1305,1,DFK Shim,7.51,1.94,0.36,0.5,0.0,0.0,0.34,0.53,0.0,0.0,88.82,0.0,0.0,0.0,0.0,0.0,0.0,0.0,0.0,0.0,0.0,0.0
1306,2,DFK Shim,7.82,1.79,0.39,0.51,0.0,0.0,0.33,0.59,0.0,0.0,88.57,0.0,0.0,0.0,0.0,0.0,0.0,0.0,0.0,0.0,0.0,0.0
1307,3,DFK Shim,7.28,1.81,0.56,0.46,0.0,0.0,0.37,0.6,0.0,0.0,88.92,0.0,0.0,0.0,0.0,0.0,0.0,0.0,0.0,0.0,0.0,0.0
1308,4,DFK Shim,6.87,1.8,0.58,0.41,0.0,0.0,0.35,0.56,0.0,0.0,89.43,0.0,0.0,0.0,0.0,0.0,0.0,0.0,0.0,0.0,0.0,0.0
1309,5,DFK Shim,6.75,1.78,0.49,0.44,0.0,0.0,0.31,0.59,0.0,0.0,89.64,0.0,0.0,0.0,0.0,0.0,0.0,0.0,0.0,0.0,0.0,0.0
1310,6,DFK Shim,7.07,1.91,0.38,0.38,0.0,0.0,0.34,0.59,0.0,0.0,89.33,0.0,0.0,0.0,0.0,0.0,0.0,0.0,0.0,0.0,0.0,0.0
1311,7,DFK Shim,6.51,1.62,0.45,0.51,0.0,0.0,0.34,0.52,0.0,0.0,90.05,0.0,0.0,0.0,0.0,0.0,0.0,0.0,0.0,0.0,0.0,0.0
1312,8,DFK Shim,5.77,1.78,0.42,0.49,0.0,0.0,0.31,0.55,0.0,0.0,90.68,0.0,0.0,0.0,0.0,0.0,0.0,0.0,0.0,0.0,0.0,0.0
1313,9,DFK Shim,5.61,1.6,0.4,0.52,0.0,0.0,0.29,0.74,0.0,0.0,90.84,0.0,0.0,0.0,0.0,0.0,0.0,0.0,0.0,0.0,0.0,0.0
1314,10,DFK Shim,7.08,1.86,0.44,0.47,0.0,0.0,0.31,0.61,0.0,0.0,89.23,0.0,0.0,0.0,0.0,0.0,0.0,0.0,0.0,0.0,0.0,0.0
1315,11,DFK Shim,6.54,1.8,0.42,0.34,0.0,0.0,0.34,0.61,0.0,0.0,89.95,0.0,0.0,0.0,0.0,0.0,0.0,0.0,0.0,0.0,0.0,0.0
1316,12,DFK Shim,5.8,1.96,0.5,0.43,0.0,0.0,0.39,0.58,0.0,0.0,90.34,0.0,0.0,0.0,0.0,0.0,0.0,0.0,0.0,0.0,0.0,0.0
1317,13,DFK Shim,6.38,1.73,0.48,0.47,0.0,0.0,0.32,0.6,0.0,0.0,90.02,0.0,0.0,0.0,0.0,0.0,0.0,0.0,0.0,0.0,0.0,0.0
1318,14,DFK Shim,7.19,1.94,0.46,0.37,0.0,0.0,0.36,0.55,0.0,0.0,89.13,0.0,0.0,0.0,0.0,0.0,0.0,0.0,0.0,0.0,0.0,0.0
1319,15,DFK Shim,6.25,1.79,0.48,0.43,0.0,0.0,0.36,0.59,0.0,0.0,90.1,0.0,0.0,0.0,0.0,0.0,0.0,0.0,0.0,0.0,0.0,0.0
1320,16,DFK Shim,7.5,1.86,0.4,0.41,0.0,0.0,0.38,0.71,0.0,0.0,88.74,0.0,0.0,0.0,0.0,0.0,0.0,0.0,0.0,0.0,0.0,0.0
1321,17,DFK Shim,6.76,1.87,0.42,0.45,0.0,0.0,0.41,0.54,0.0,0.0,89.55,0.0,0.0,0.0,0.0,0.0,0.0,0.0,0.0,0.0,0.0,0.0
1322,18,DFK Shim,5.83,1.82,0.4,0.43,0.0,0.0,0.34,0.56,0.0,0.0,90.62,0.0,0.0,0.0,0.0,0.0,0.0,0.0,0.0,0.0,0.0,0.0
1323,19,DFK Shim,8.57,1.81,0.48,0.45,0.0,0.0,0.36,0.66,0.0,0.0,87.67,0.0,0.0,0.0,0.0,0.0,0.0,0.0,0.0,0.0,0.0,0.0
1324,20,DFK Shim,7.42,1.84,0.45,0.52,0.0,0.0,0.34,0.69,0.0,0.0,88.74,0.0,0.0,0.0,0.0,0.0,0.0,0.0,0.0,0.0,0.0,0.0
1325,21,DFK Shim,5.73,1.83,0.43,0.41,0.0,0.0,0.29,0.64,0.0,0.0,90.67,0.0,0.0,0.0,0.0,0.0,0.0,0.0,0.0,0.0,0.0,0.0
1326,22,DFK Shim,6.68,1.68,0.48,0.36,0.0,0.0,0.37,0.67,0.0,0.0,89.76,0.0,0.0,0.0,0.0,0.0,0.0,0.0,0.0,0.0,0.0,0.0
1327,23,DFK Shim,6.61,1.86,0.48,0.47,0.0,0.0,0.33,0.61,0.0,0.0,89.64,0.0,0.0,0.0,0.0,0.0,0.0,0.0,0.0,0.0,0.0,0.0
1328,24,DFK Shim,7.72,1.89,0.45,0.52,0.0,0.0,0.29,0.59,0.0,0.0,88.54,0.0,0.0,0.0,0.0,0.0,0.0,0.0,0.0,0.0,0.0,0.0
1329,25,DFK Shim,5.26,1.74,0.44,0.53,0.0,0.0,0.3,0.58,0.0,0.0,91.15,0.0,0.0,0.0,0.0,0.0,0.0,0.0,0.0,0.0,0.0,0.0
1330,26,DFK Shim,7.81,1.91,0.45,0.43,0.0,0.0,0.31,0.61,0.0,0.0,88.48,0.0,0.0,0.0,0.0,0.0,0.0,0.0,0.0,0.0,0.0,0.0
1331,27,DFK Shim,6.89,2.02,0.4,0.52,0.0,0.0,0.34,0.73,0.0,0.0,89.1,0.0,0.0,0.0,0.0,0.0,0.0,0.0,0.0,0.0,0.0,0.0
1332,28,DFK Shim,6.8,1.7,0.48,0.47,0.0,0.0,0.33,0.55,0.0,0.0,89.67,0.0,0.0,0.0,0.0,0.0,0.0,0.0,0.0,0.0,0.0,0.0
1333,29,DFK Shim,6.23,1.94,0.37,0.44,0.0,0.0,0.37,0.52,0.0,0.0,90.13,0.0,0.0,0.0,0.0,0.0,0.0,0.0,0.0,0.0,0.0,0.0
1334,30,DFK Shim,6.97,1.64,0.38,0.5,0.0,0.0,0.43,0.58,0.0,0.0,89.5,0.0,0.0,0.0,0.0,0.0,0.0,0.0,0.0,0.0,0.0,0.0
1335,31,DFK Shim,5.49,1.71,0.48,0.45,0.0,0.0,0.37,0.62,0.0,0.0,90.88,0.0,0.0,0.0,0.0,0.0,0.0,0.0,0.0,0.0,0.0,0.0
1336,32,DFK Shim,7.01,1.64,0.46,0.42,0.0,0.0,0.31,0.65,0.0,0.0,89.51,0.0,0.0,0.0,0.0,0.0,0.0,0.0,0.0,0.0,0.0,0.0
1337,33,DFK Shim,6.48,1.88,0.55,0.47,0.0,0.0,0.36,0.67,0.0,0.0,89.59,0.0,0.0,0.0,0.0,0.0,0.0,0.0,0.0,0.0,0.0,0.0
1338,34,DFK Shim,7.12,1.8,0.43,0.42,0.0,0.0,0.38,0.61,0.0,0.0,89.24,0.0,0.0,0.0,0.0,0.0,0.0,0.0,0.0,0.0,0.0,0.0
1339,35,DFK Shim,7.37,1.98,0.35,0.49,0.0,0.0,0.38,0.6,0.0,0.0,88.83,0.0,0.0,0.0,0.0,0.0,0.0,0.0,0.0,0.0,0.0,0.0
1340,36,DFK Shim,5.66,1.96,0.51,0.47,0.0,0.0,0.32,0.62,0.0,0.0,90.46,0.0,0.0,0.0,0.0,0.0,0.0,0.0,0.0,0.0,0.0,0.0
1341,37,DFK Shim,6.52,1.84,0.61,0.49,0.0,0.0,0.32,0.57,0.0,0.0,89.65,0.0,0.0,0.0,0.0,0.0,0.0,0.0,0.0,0.0,0.0,0.0
1342,38,DFK Shim,7.77,1.97,0.48,0.52,0.0,0.0,0.33,0.73,0.0,0.0,88.2,0.0,0.0,0.0,0.0,0.0,0.0,0.0,0.0,0.0,0.0,0.0
1343,39,DFK Shim,6.67,1.59,0.44,0.44,0.0,0.0,0.39,0.58,0.0,0.0,89.89,0.0,0.0,0.0,0.0,0.0,0.0,0.0,0.0,0.0,0.0,0.0
1344,40,DFK Shim,6.67,1.94,0.33,0.38,0.0,0.0,0.33,0.64,0.0,0.0,89.71,0.0,0.0,0.0,0.0,0.0,0.0,0.0,0.0,0.0,0.0,0.0
1345,41,DFK Shim,8.31,1.65,0.46,0.46,0.0,0.0,0.39,0.57,0.0,0.0,88.16,0.0,0.0,0.0,0.0,0.0,0.0,0.0,0.0,0.0,0.0,0.0
1346,42,DFK Shim,7.6,1.75,0.35,0.46,0.0,0.0,0.31,0.7,0.0,0.0,88.83,0.0,0.0,0.0,0.0,0.0,0.0,0.0,0.0,0.0,0.0,0.0
1347,43,DFK Shim,6.9,1.92,0.5,0.39,0.0,0.0,0.32,0.75,0.0,0.0,89.22,0.0,0.0,0.0,0.0,0.0,0.0,0.0,0.0,0.0,0.0,0.0
1348,44,DFK Shim,5.42,1.95,0.45,0.45,0.0,0.0,0.37,0.64,0.0,0.0,90.72,0.0,0.0,0.0,0.0,0.0,0.0,0.0,0.0,0.0,0.0,0.0
1349,45,DFK Shim,7.72,1.48,0.38,0.4,0.0,0.0,0.32,0.53,0.0,0.0,89.17,0.0,0.0,0.0,0.0,0.0,0.0,0.0,0.0,0.0,0.0,0.0
1350,46,DFK Shim,7.74,1.76,0.43,0.42,0.0,0.0,0.35,0.61,0.0,0.0,88.69,0.0,0.0,0.0,0.0,0.0,0.0,0.0,0.0,0.0,0.0,0.0
1351,47,DFK Shim,9.49,1.67,0.46,0.41,0.0,0.0,0.31,0.51,0.0,0.0,87.15,0.0,0.0,0.0,0.0,0.0,0.0,0.0,0.0,0.0,0.0,0.0
1352,48,DFK Shim,8.41,1.76,0.6,0.38,0.0,0.0,0.33,0.57,0.0,0.0,87.95,0.0,0.0,0.0,0.0,0.0,0.0,0.0,0.0,0.0,0.0,0.0
1353,49,DFK Shim,7.34,2.06,0.39,0.46,0.0,0.0,0.37,0.58,0.0,0.0,88.8,0.0,0.0,0.0,0.0,0.0,0.0,0.0,0.0,0.0,0.0,0.0
1354,50,DFK Shim,6.34,1.79,0.4,0.41,0.0,0.0,0.37,0.53,0.0,0.0,90.16,0.0,0.0,0.0,0.0,0.0,0.0,0.0,0.0,0.0,0.0,0.0
1355,51,DFK Shim,6.71,1.89,0.52,0.49,0.0,0.0,0.36,0.63,0.0,0.0,89.4,0.0,0.0,0.0,0.0,0.0,0.0,0.0,0.0,0.0,0.0,0.0
1356,52,DFK Shim,6.69,1.95,0.44,0.49,0.0,0.0,0.43,0.6,0.0,0.0,89.4,0.0,0.0,0.0,0.0,0.0,0.0,0.0,0.0,0.0,0.0,0.0
1357,53,DFK Shim,5.24,1.86,0.48,0.5,0.0,0.0,0.38,0.66,0.0,0.0,90.88,0.0,0.0,0.0,0.0,0.0,0.0,0.0,0.0,0.0,0.0,0.0
1358,54,DFK Shim,6.85,1.84,0.49,0.4,0.0,0.0,0.33,0.58,0.0,0.0,89.51,0.0,0.0,0.0,0.0,0.0,0.0,0.0,0.0,0.0,0.0,0.0
1359,55,DFK Shim,6.89,1.73,0.4,0.44,0.0,0.0,0.37,0.72,0.0,0.0,89.45,0.0,0.0,0.0,0.0,0.0,0.0,0.0,0.0,0.0,0.0,0.0
1360,56,DFK Shim,6.39,1.97,0.47,0.42,0.0,0.0,0.32,0.65,0.0,0.0,89.78,0.0,0.0,0.0,0.0,0.0,0.0,0.0,0.0,0.0,0.0,0.0
1361,57,DFK Shim,6.87,1.96,0.46,0.46,0.0,0.0,0.4,0.6,0.0,0.0,89.25,0.0,0.0,0.0,0.0,0.0,0.0,0.0,0.0,0.0,0.0,0.0
1362,58,DFK Shim,6.58,1.83,0.41,0.42,0.0,0.0,0.35,0.61,0.0,0.0,89.8,0.0,0.0,0.0,0.0,0.0,0.0,0.0,0.0,0.0,0.0,0.0
1363,59,DFK Shim,7.09,1.81,0.57,0.5,0.0,0.0,0.32,0.62,0.0,0.0,89.09,0.0,0.0,0.0,0.0,0.0,0.0,0.0,0.0,0.0,0.0,0.0
1364,60,DFK Shim,6.79,1.96,0.42,0.47,0.0,0.0,0.38,0.61,0.0,0.0,89.37,0.0,0.0,0.0,0.0,0.0,0.0,0.0,0.0,0.0,0.0,0.0
1365,61,DFK Shim,7.21,1.71,0.52,0.44,0.0,0.0,0.3,0.56,0.0,0.0,89.26,0.0,0.0,0.0,0.0,0.0,0.0,0.0,0.0,0.0,0.0,0.0
1366,62,DFK Shim,6.03,1.75,0.51,0.44,0.0,0.0,0.34,0.63,0.0,0.0,90.3,0.0,0.0,0.0,0.0,0.0,0.0,0.0,0.0,0.0,0.0,0.0
1367,63,DFK Shim,6.67,1.81,0.46,0.47,0.0,0.0,0.33,0.61,0.0,0.0,89.65,0.0,0.0,0.0,0.0,0.0,0.0,0.0,0.0,0.0,0.0,0.0
1368,64,DFK Shim,5.97,1.94,0.46,0.45,0.0,0.0,0.4,0.61,0.0,0.0,90.17,0.0,0.0,0.0,0.0,0.0,0.0,0.0,0.0,0.0,0.0,0.0
1369,65,DFK Shim,5.86,1.64,0.4,0.45,0.0,0.0,0.33,0.52,0.0,0.0,90.8,0.0,0.0,0.0,0.0,0.0,0.0,0.0,0.0,0.0,0.0,0.0
1370,66,DFK Shim,7.71,1.91,0.37,0.48,0.0,0.0,0.39,0.62,0.0,0.0,88.52,0.0,0.0,0.0,0.0,0.0,0.0,0.0,0.0,0.0,0.0,0.0
1371,67,DFK Shim,7.56,1.43,0.48,0.49,0.0,0.0,0.35,0.58,0.0,0.0,89.11,0.0,0.0,0.0,0.0,0.0,0.0,0.0,0.0,0.0,0.0,0.0
1372,68,DFK Shim,9.04,1.9,0.45,0.38,0.0,0.0,0.36,0.49,0.0,0.0,87.38,0.0,0.0,0.0,0.0,0.0,0.0,0.0,0.0,0.0,0.0,0.0
1373,69,DFK Shim,6.53,1.93,0.49,0.46,0.0,0.0,0.31,0.75,0.0,0.0,89.53,0.0,0.0,0.0,0.0,0.0,0.0,0.0,0.0,0.0,0.0,0.0
1374,70,DFK Shim,6.16,1.68,0.4,0.47,0.0,0.0,0.32,0.62,0.0,0.0,90.35,0.0,0.0,0.0,0.0,0.0,0.0,0.0,0.0,0.0,0.0,0.0
1375,71,DFK Shim,7.54,1.78,0.49,0.47,0.0,0.0,0.27,0.55,0.0,0.0,88.9,0.0,0.0,0.0,0.0,0.0,0.0,0.0,0.0,0.0,0.0,0.0
1376,72,DFK Shim,8.97,2.11,0.47,0.49,0.0,0.0,0.29,0.68,0.0,0.0,86.99,0.0,0.0,0.0,0.0,0.0,0.0,0.0,0.0,0.0,0.0,0.0
1377,73,DFK Shim,5.06,1.89,0.44,0.5,0.0,0.0,0.39,0.62,0.0,0.0,91.1,0.0,0.0,0.0,0.0,0.0,0.0,0.0,0.0,0.0,0.0,0.0
1378,74,DFK Shim,7.5,1.6,0.45,0.43,0.0,0.0,0.29,0.61,0.0,0.0,89.12,0.0,0.0,0.0,0.0,0.0,0.0,0.0,0.0,0.0,0.0,0.0
1379,75,DFK Shim,5.93,2.11,0.38,0.4,0.0,0.0,0.31,0.6,0.0,0.0,90.27,0.0,0.0,0.0,0.0,0.0,0.0,0.0,0.0,0.0,0.0,0.0
1380,76,DFK Shim,6.02,2.14,0.34,0.41,0.0,0.0,0.34,0.61,0.0,0.0,90.14,0.0,0.0,0.0,0.0,0.0,0.0,0.0,0.0,0.0,0.0,0.0
1381,77,DFK Shim,5.88,1.82,0.46,0.45,0.0,0.0,0.32,0.63,0.0,0.0,90.44,0.0,0.0,0.0,0.0,0.0,0.0,0.0,0.0,0.0,0.0,0.0
1382,78,DFK Shim,6.36,1.61,0.45,0.5,0.0,0.0,0.34,0.57,0.0,0.0,90.17,0.0,0.0,0.0,0.0,0.0,0.0,0.0,0.0,0.0,0.0,0.0
1383,79,DFK Shim,5.28,1.94,0.41,0.46,0.0,0.0,0.3,0.59,0.0,0.0,91.02,0.0,0.0,0.0,0.0,0.0,0.0,0.0,0.0,0.0,0.0,0.0
1384,80,DFK Shim,7.46,2.02,0.52,0.54,0.0,0.0,0.31,0.51,0.0,0.0,88.64,0.0,0.0,0.0,0.0,0.0,0.0,0.0,0.0,0.0,0.0,0.0
1385,81,DFK Shim,5.58,2.05,0.45,0.44,0.0,0.0,0.38,0.62,0.0,0.0,90.48,0.0,0.0,0.0,0.0,0.0,0.0,0.0,0.0,0.0,0.0,0.0
1386,82,DFK Shim,6.29,1.75,0.47,0.48,0.0,0.0,0.43,0.69,0.0,0.0,89.89,0.0,0.0,0.0,0.0,0.0,0.0,0.0,0.0,0.0,0.0,0.0
1387,83,DFK Shim,7.53,1.76,0.4,0.41,0.0,0.0,0.34,0.57,0.0,0.0,88.99,0.0,0.0,0.0,0.0,0.0,0.0,0.0,0.0,0.0,0.0,0.0
1388,84,DFK Shim,7.21,1.61,0.45,0.47,0.0,0.0,0.36,0.58,0.0,0.0,89.32,0.0,0.0,0.0,0.0,0.0,0.0,0.0,0.0,0.0,0.0,0.0
1389,85,DFK Shim,8.93,2.1,0.47,0.48,0.0,0.0,0.33,0.66,0.0,0.0,87.03,0.0,0.0,0.0,0.0,0.0,0.0,0.0,0.0,0.0,0.0,0.0
1390,86,DFK Shim,5.6,1.99,0.34,0.48,0.0,0.0,0.33,0.53,0.0,0.0,90.73,0.0,0.0,0.0,0.0,0.0,0.0,0.0,0.0,0.0,0.0,0.0
1391,87,DFK Shim,7.38,1.86,0.37,0.45,0.0,0.0,0.35,0.74,0.0,0.0,88.85,0.0,0.0,0.0,0.0,0.0,0.0,0.0,0.0,0.0,0.0,0.0
1392,88,DFK Shim,6.36,1.96,0.44,0.5,0.0,0.0,0.35,0.58,0.0,0.0,89.81,0.0,0.0,0.0,0.0,0.0,0.0,0.0,0.0,0.0,0.0,0.0
1393,89,DFK Shim,6.62,1.88,0.46,0.47,0.0,0.0,0.32,0.66,0.0,0.0,89.59,0.0,0.0,0.0,0.0,0.0,0.0,0.0,0.0,0.0,0.0,0.0
1394,90,DFK Shim,5.97,1.86,0.48,0.43,0.0,0.0,0.39,0.63,0.0,0.0,90.24,0.0,0.0,0.0,0.0,0.0,0.0,0.0,0.0,0.0,0.0,0.0
1395,91,DFK Shim,7.92,2.04,0.41,0.43,0.0,0.0,0.34,0.61,0.0,0.0,88.25,0.0,0.0,0.0,0.0,0.0,0.0,0.0,0.0,0.0,0.0,0.0
1396,92,DFK Shim,6.66,1.85,0.45,0.41,0.0,0.0,0.3,0.55,0.0,0.0,89.78,0.0,0.0,0.0,0.0,0.0,0.0,0.0,0.0,0.0,0.0,0.0
1397,93,DFK Shim,7.28,1.75,0.43,0.52,0.0,0.0,0.46,0.51,0.0,0.0,89.05,0.0,0.0,0.0,0.0,0.0,0.0,0.0,0.0,0.0,0.0,0.0
1398,94,DFK Shim,4.56,1.77,0.51,0.42,0.0,0.0,0.39,0.6,0.0,0.0,91.75,0.0,0.0,0.0,0.0,0.0,0.0,0.0,0.0,0.0,0.0,0.0
1399,95,DFK Shim,6.67,1.82,0.38,0.41,0.0,0.0,0.35,0.56,0.0,0.0,89.81,0.0,0.0,0.0,0.0,0.0,0.0,0.0,0.0,0.0,0.0,0.0
1400,96,DFK Shim,7.51,1.94,0.4,0.41,0.0,0.0,0.39,0.68,0.0,0.0,88.67,0.0,0.0,0.0,0.0,0.0,0.0,0.0,0.0,0.0,0.0,0.0
1401,97,DFK Shim,7.03,1.77,0.41,0.33,0.0,0.0,0.36,0.53,0.0,0.0,89.57,0.0,0.0,0.0,0.0,0.0,0.0,0.0,0.0,0.0,0.0,0.0
1402,98,DFK Shim,7.48,1.67,0.5,0.46,0.0,0.0,0.47,0.66,0.0,0.0,88.76,0.0,0.0,0.0,0.0,0.0,0.0,0.0,0.0,0.0,0.0,0.0
1403,99,DFK Shim,6.76,2.23,0.38,0.46,0.0,0.0,0.32,0.75,0.0,0.0,89.1,0.0,0.0,0.0,0.0,0.0,0.0,0.0,0.0,0.0,0.0,0.0
1404,100,DFK Shim,6.45,2.33,0.41,0.42,0.0,0.0,0.3,0.62,0.0,0.0,89.47,0.0,0.0,0.0,0.0,0.0,0.0,0.0,0.0,0.0,0.0,0.0
1405,101,DFK Shim,6.69,1.89,0.37,0.36,0.0,0.0,0.33,0.74,0.0,0.0,89.62,0.0,0.0,0.0,0.0,0.0,0.0,0.0,0.0,0.0,0.0,0.0
1406,1,DFK Spring,0.0,0.0,0.0,1.18,0.03,0.03,0.71,0.52,0.0,0.0,97.53,0.0,0.0,0.0,0.0,0.0,0.0,0.0,0.0,0.0,0.0,0.0
1407,2,DFK Spring,0.0,0.0,0.0,1.05,0.02,0.03,0.69,0.49,0.0,0.0,97.72,0.0,0.0,0.0,0.0,0.0,0.0,0.0,0.0,0.0,0.0,0.0
1408,3,DFK Spring,0.0,0.0,0.0,1.29,0.02,0.02,0.76,0.66,0.0,0.0,97.25,0.0,0.0,0.0,0.0,0.0,0.0,0.0,0.0,0.0,0.0,0.0
1409,4,DFK Spring,0.0,0.0,0.0,1.14,0.03,0.03,0.69,0.52,0.0,0.0,97.59,0.0,0.0,0.0,0.0,0.0,0.0,0.0,0.0,0.0,0.0,0.0
1410,5,DFK Spring,0.0,0.0,0.0,1.2,0.03,0.03,0.79,0.67,0.0,0.0,97.28,0.0,0.0,0.0,0.0,0.0,0.0,0.0,0.0,0.0,0.0,0.0
1411,6,DFK Spring,0.0,0.0,0.0,1.23,0.03,0.03,0.65,0.64,0.0,0.0,97.42,0.0,0.0,0.0,0.0,0.0,0.0,0.0,0.0,0.0,0.0,0.0
1412,7,DFK Spring,0.0,0.0,0.0,1.32,0.03,0.03,0.86,0.69,0.0,0.0,97.07,0.0,0.0,0.0,0.0,0.0,0.0,0.0,0.0,0.0,0.0,0.0
1413,8,DFK Spring,0.0,0.0,0.0,1.27,0.03,0.03,0.77,0.7,0.0,0.0,97.2,0.0,0.0,0.0,0.0,0.0,0.0,0.0,0.0,0.0,0.0,0.0
1414,9,DFK Spring,0.0,0.0,0.0,1.26,0.02,0.03,0.87,0.58,0.0,0.0,97.24,0.0,0.0,0.0,0.0,0.0,0.0,0.0,0.0,0.0,0.0,0.0
1415,10,DFK Spring,0.0,0.0,0.0,1.35,0.03,0.03,0.71,0.5,0.0,0.0,97.38,0.0,0.0,0.0,0.0,0.0,0.0,0.0,0.0,0.0,0.0,0.0
1416,11,DFK Spring,0.0,0.0,0.0,1.3,0.03,0.03,0.78,0.58,0.0,0.0,97.28,0.0,0.0,0.0,0.0,0.0,0.0,0.0,0.0,0.0,0.0,0.0
1417,12,DFK Spring,0.0,0.0,0.0,1.27,0.03,0.03,0.67,0.56,0.0,0.0,97.44,0.0,0.0,0.0,0.0,0.0,0.0,0.0,0.0,0.0,0.0,0.0
1418,13,DFK Spring,0.0,0.0,0.0,1.17,0.02,0.03,0.8,0.59,0.0,0.0,97.39,0.0,0.0,0.0,0.0,0.0,0.0,0.0,0.0,0.0,0.0,0.0
1419,14,DFK Spring,0.0,0.0,0.0,1.33,0.02,0.03,0.73,0.67,0.0,0.0,97.22,0.0,0.0,0.0,0.0,0.0,0.0,0.0,0.0,0.0,0.0,0.0
1420,15,DFK Spring,0.0,0.0,0.0,1.39,0.03,0.03,0.67,0.59,0.0,0.0,97.29,0.0,0.0,0.0,0.0,0.0,0.0,0.0,0.0,0.0,0.0,0.0
1421,16,DFK Spring,0.0,0.0,0.0,1.3,0.02,0.03,0.7,0.58,0.0,0.0,97.37,0.0,0.0,0.0,0.0,0.0,0.0,0.0,0.0,0.0,0.0,0.0
1422,17,DFK Spring,0.0,0.0,0.0,1.17,0.03,0.03,0.73,0.66,0.0,0.0,97.38,0.0,0.0,0.0,0.0,0.0,0.0,0.0,0.0,0.0,0.0,0.0
1423,18,DFK Spring,0.0,0.0,0.0,1.31,0.03,0.03,0.85,0.68,0.0,0.0,97.1,0.0,0.0,0.0,0.0,0.0,0.0,0.0,0.0,0.0,0.0,0.0
1424,19,DFK Spring,0.0,0.0,0.0,1.28,0.02,0.03,0.72,0.65,0.0,0.0,97.3,0.0,0.0,0.0,0.0,0.0,0.0,0.0,0.0,0.0,0.0,0.0
1425,20,DFK Spring,0.0,0.0,0.0,1.28,0.03,0.03,0.62,0.64,0.0,0.0,97.4,0.0,0.0,0.0,0.0,0.0,0.0,0.0,0.0,0.0,0.0,0.0
1426,21,DFK Spring,0.0,0.0,0.0,1.34,0.02,0.03,0.84,0.58,0.0,0.0,97.19,0.0,0.0,0.0,0.0,0.0,0.0,0.0,0.0,0.0,0.0,0.0
1427,22,DFK Spring,0.0,0.0,0.0,1.12,0.03,0.03,0.64,0.68,0.0,0.0,97.5,0.0,0.0,0.0,0.0,0.0,0.0,0.0,0.0,0.0,0.0,0.0
1428,23,DFK Spring,0.0,0.0,0.0,1.21,0.02,0.03,0.67,0.62,0.0,0.0,97.45,0.0,0.0,0.0,0.0,0.0,0.0,0.0,0.0,0.0,0.0,0.0
1429,24,DFK Spring,0.0,0.0,0.0,1.41,0.03,0.04,0.72,0.64,0.0,0.0,97.16,0.0,0.0,0.0,0.0,0.0,0.0,0.0,0.0,0.0,0.0,0.0
1430,25,DFK Spring,0.0,0.0,0.0,1.1,0.03,0.02,0.67,0.63,0.0,0.0,97.55,0.0,0.0,0.0,0.0,0.0,0.0,0.0,0.0,0.0,0.0,0.0
1431,26,DFK Spring,0.0,0.0,0.0,1.26,0.02,0.04,0.72,0.64,0.0,0.0,97.32,0.0,0.0,0.0,0.0,0.0,0.0,0.0,0.0,0.0,0.0,0.0
1432,27,DFK Spring,0.0,0.0,0.0,1.26,0.03,0.03,0.75,0.71,0.0,0.0,97.22,0.0,0.0,0.0,0.0,0.0,0.0,0.0,0.0,0.0,0.0,0.0
1433,28,DFK Spring,0.0,0.0,0.0,1.09,0.03,0.03,0.69,0.58,0.0,0.0,97.58,0.0,0.0,0.0,0.0,0.0,0.0,0.0,0.0,0.0,0.0,0.0
1434,29,DFK Spring,0.0,0.0,0.0,1.41,0.03,0.03,0.76,0.67,0.0,0.0,97.1,0.0,0.0,0.0,0.0,0.0,0.0,0.0,0.0,0.0,0.0,0.0
1435,30,DFK Spring,0.0,0.0,0.0,1.25,0.02,0.03,0.81,0.62,0.0,0.0,97.27,0.0,0.0,0.0,0.0,0.0,0.0,0.0,0.0,0.0,0.0,0.0
1436,31,DFK Spring,0.0,0.0,0.0,1.17,0.02,0.03,0.62,0.55,0.0,0.0,97.61,0.0,0.0,0.0,0.0,0.0,0.0,0.0,0.0,0.0,0.0,0.0
1437,32,DFK Spring,0.0,0.0,0.0,1.08,0.03,0.03,0.71,0.62,0.0,0.0,97.53,0.0,0.0,0.0,0.0,0.0,0.0,0.0,0.0,0.0,0.0,0.0
1438,33,DFK Spring,0.0,0.0,0.0,1.24,0.02,0.03,0.89,0.68,0.0,0.0,97.14,0.0,0.0,0.0,0.0,0.0,0.0,0.0,0.0,0.0,0.0,0.0
1439,34,DFK Spring,0.0,0.0,0.0,1.41,0.02,0.03,0.67,0.59,0.0,0.0,97.28,0.0,0.0,0.0,0.0,0.0,0.0,0.0,0.0,0.0,0.0,0.0
1440,35,DFK Spring,0.0,0.0,0.0,1.15,0.02,0.03,0.59,0.62,0.0,0.0,97.59,0.0,0.0,0.0,0.0,0.0,0.0,0.0,0.0,0.0,0.0,0.0
1441,36,DFK Spring,0.0,0.0,0.0,1.45,0.03,0.02,0.77,0.66,0.0,0.0,97.07,0.0,0.0,0.0,0.0,0.0,0.0,0.0,0.0,0.0,0.0,0.0
1442,37,DFK Spring,0.0,0.0,0.0,1.28,0.02,0.03,0.65,0.63,0.0,0.0,97.39,0.0,0.0,0.0,0.0,0.0,0.0,0.0,0.0,0.0,0.0,0.0
1443,38,DFK Spring,0.0,0.0,0.0,1.29,0.03,0.04,0.76,0.66,0.0,0.0,97.22,0.0,0.0,0.0,0.0,0.0,0.0,0.0,0.0,0.0,0.0,0.0
1444,39,DFK Spring,0.0,0.0,0.0,1.06,0.02,0.03,0.7,0.56,0.0,0.0,97.63,0.0,0.0,0.0,0.0,0.0,0.0,0.0,0.0,0.0,0.0,0.0
1445,40,DFK Spring,0.0,0.0,0.0,1.25,0.03,0.03,0.76,0.57,0.0,0.0,97.36,0.0,0.0,0.0,0.0,0.0,0.0,0.0,0.0,0.0,0.0,0.0
1446,41,DFK Spring,0.0,0.0,0.0,1.47,0.03,0.03,0.76,0.59,0.0,0.0,97.12,0.0,0.0,0.0,0.0,0.0,0.0,0.0,0.0,0.0,0.0,0.0
1447,42,DFK Spring,0.0,0.0,0.0,1.21,0.03,0.03,0.79,0.61,0.0,0.0,97.33,0.0,0.0,0.0,0.0,0.0,0.0,0.0,0.0,0.0,0.0,0.0
1448,43,DFK Spring,0.0,0.0,0.0,1.39,0.03,0.03,0.73,0.63,0.0,0.0,97.19,0.0,0.0,0.0,0.0,0.0,0.0,0.0,0.0,0.0,0.0,0.0
1449,44,DFK Spring,0.0,0.0,0.0,1.33,0.03,0.03,0.68,0.59,0.0,0.0,97.34,0.0,0.0,0.0,0.0,0.0,0.0,0.0,0.0,0.0,0.0,0.0
1450,45,DFK Spring,0.0,0.0,0.0,1.27,0.02,0.03,0.78,0.79,0.0,0.0,97.11,0.0,0.0,0.0,0.0,0.0,0.0,0.0,0.0,0.0,0.0,0.0
1451,46,DFK Spring,0.0,0.0,0.0,1.28,0.03,0.03,0.6,0.61,0.0,0.0,97.45,0.0,0.0,0.0,0.0,0.0,0.0,0.0,0.0,0.0,0.0,0.0
1452,47,DFK Spring,0.0,0.0,0.0,1.22,0.03,0.03,0.83,0.72,0.0,0.0,97.17,0.0,0.0,0.0,0.0,0.0,0.0,0.0,0.0,0.0,0.0,0.0
1453,48,DFK Spring,0.0,0.0,0.0,1.33,0.02,0.03,0.9,0.72,0.0,0.0,97.0,0.0,0.0,0.0,0.0,0.0,0.0,0.0,0.0,0.0,0.0,0.0
1454,49,DFK Spring,0.0,0.0,0.0,1.22,0.03,0.03,0.81,0.69,0.0,0.0,97.22,0.0,0.0,0.0,0.0,0.0,0.0,0.0,0.0,0.0,0.0,0.0
1455,50,DFK Spring,0.0,0.0,0.0,1.08,0.02,0.03,0.67,0.57,0.0,0.0,97.63,0.0,0.0,0.0,0.0,0.0,0.0,0.0,0.0,0.0,0.0,0.0
1456,51,DFK Spring,0.0,0.0,0.0,1.26,0.02,0.03,0.72,0.61,0.0,0.0,97.36,0.0,0.0,0.0,0.0,0.0,0.0,0.0,0.0,0.0,0.0,0.0
1457,52,DFK Spring,0.0,0.0,0.0,1.42,0.02,0.03,0.59,0.67,0.0,0.0,97.27,0.0,0.0,0.0,0.0,0.0,0.0,0.0,0.0,0.0,0.0,0.0
1458,53,DFK Spring,0.0,0.0,0.0,1.14,0.02,0.03,0.67,0.64,0.0,0.0,97.5,0.0,0.0,0.0,0.0,0.0,0.0,0.0,0.0,0.0,0.0,0.0
1459,54,DFK Spring,0.0,0.0,0.0,1.18,0.02,0.03,0.85,0.66,0.0,0.0,97.26,0.0,0.0,0.0,0.0,0.0,0.0,0.0,0.0,0.0,0.0,0.0
1460,55,DFK Spring,0.0,0.0,0.0,1.31,0.03,0.03,0.62,0.67,0.0,0.0,97.34,0.0,0.0,0.0,0.0,0.0,0.0,0.0,0.0,0.0,0.0,0.0
1461,56,DFK Spring,0.0,0.0,0.0,1.24,0.03,0.03,0.79,0.63,0.0,0.0,97.28,0.0,0.0,0.0,0.0,0.0,0.0,0.0,0.0,0.0,0.0,0.0
1462,57,DFK Spring,0.0,0.0,0.0,1.19,0.03,0.03,0.83,0.67,0.0,0.0,97.25,0.0,0.0,0.0,0.0,0.0,0.0,0.0,0.0,0.0,0.0,0.0
1463,58,DFK Spring,0.0,0.0,0.0,1.01,0.03,0.03,0.63,0.55,0.0,0.0,97.75,0.0,0.0,0.0,0.0,0.0,0.0,0.0,0.0,0.0,0.0,0.0
1464,59,DFK Spring,0.0,0.0,0.0,1.22,0.02,0.03,0.61,0.64,0.0,0.0,97.48,0.0,0.0,0.0,0.0,0.0,0.0,0.0,0.0,0.0,0.0,0.0
1465,60,DFK Spring,0.0,0.0,0.0,1.24,0.04,0.04,0.61,0.62,0.0,0.0,97.45,0.0,0.0,0.0,0.0,0.0,0.0,0.0,0.0,0.0,0.0,0.0
1466,61,DFK Spring,0.0,0.0,0.0,1.23,0.02,0.03,0.76,0.65,0.0,0.0,97.31,0.0,0.0,0.0,0.0,0.0,0.0,0.0,0.0,0.0,0.0,0.0
1467,62,DFK Spring,0.0,0.0,0.0,1.23,0.02,0.03,0.76,0.66,0.0,0.0,97.3,0.0,0.0,0.0,0.0,0.0,0.0,0.0,0.0,0.0,0.0,0.0
1468,63,DFK Spring,0.0,0.0,0.0,1.22,0.02,0.03,0.59,0.58,0.0,0.0,97.56,0.0,0.0,0.0,0.0,0.0,0.0,0.0,0.0,0.0,0.0,0.0
1469,64,DFK Spring,0.0,0.0,0.0,1.31,0.03,0.03,0.64,0.57,0.0,0.0,97.42,0.0,0.0,0.0,0.0,0.0,0.0,0.0,0.0,0.0,0.0,0.0
1470,65,DFK Spring,0.0,0.0,0.0,1.32,0.02,0.02,0.7,0.7,0.0,0.0,97.24,0.0,0.0,0.0,0.0,0.0,0.0,0.0,0.0,0.0,0.0,0.0
1471,66,DFK Spring,0.0,0.0,0.0,1.31,0.03,0.03,0.75,0.63,0.0,0.0,97.25,0.0,0.0,0.0,0.0,0.0,0.0,0.0,0.0,0.0,0.0,0.0
1472,67,DFK Spring,0.0,0.0,0.0,1.28,0.03,0.03,0.7,0.63,0.0,0.0,97.33,0.0,0.0,0.0,0.0,0.0,0.0,0.0,0.0,0.0,0.0,0.0
1473,68,DFK Spring,0.0,0.0,0.0,1.32,0.03,0.03,0.75,0.61,0.0,0.0,97.26,0.0,0.0,0.0,0.0,0.0,0.0,0.0,0.0,0.0,0.0,0.0
1474,69,DFK Spring,0.0,0.0,0.0,1.47,0.03,0.03,0.87,0.67,0.0,0.0,96.93,0.0,0.0,0.0,0.0,0.0,0.0,0.0,0.0,0.0,0.0,0.0
1475,70,DFK Spring,0.0,0.0,0.0,1.25,0.03,0.03,0.71,0.53,0.0,0.0,97.45,0.0,0.0,0.0,0.0,0.0,0.0,0.0,0.0,0.0,0.0,0.0
1476,71,DFK Spring,0.0,0.0,0.0,1.18,0.02,0.03,0.63,0.61,0.0,0.0,97.53,0.0,0.0,0.0,0.0,0.0,0.0,0.0,0.0,0.0,0.0,0.0
1477,72,DFK Spring,0.0,0.0,0.0,1.38,0.04,0.04,0.75,0.61,0.0,0.0,97.18,0.0,0.0,0.0,0.0,0.0,0.0,0.0,0.0,0.0,0.0,0.0
1478,73,DFK Spring,0.0,0.0,0.0,1.13,0.03,0.03,0.67,0.7,0.0,0.0,97.44,0.0,0.0,0.0,0.0,0.0,0.0,0.0,0.0,0.0,0.0,0.0
1479,74,DFK Spring,0.0,0.0,0.0,1.31,0.03,0.03,0.68,0.63,0.0,0.0,97.32,0.0,0.0,0.0,0.0,0.0,0.0,0.0,0.0,0.0,0.0,0.0
1480,75,DFK Spring,0.0,0.0,0.0,1.4,0.02,0.03,0.73,0.76,0.0,0.0,97.06,0.0,0.0,0.0,0.0,0.0,0.0,0.0,0.0,0.0,0.0,0.0
1481,76,DFK Spring,0.0,0.0,0.0,1.16,0.03,0.03,0.88,0.72,0.0,0.0,97.18,0.0,0.0,0.0,0.0,0.0,0.0,0.0,0.0,0.0,0.0,0.0
1482,77,DFK Spring,0.0,0.0,0.0,1.36,0.03,0.03,0.72,0.54,0.0,0.0,97.32,0.0,0.0,0.0,0.0,0.0,0.0,0.0,0.0,0.0,0.0,0.0
1483,78,DFK Spring,0.0,0.0,0.0,1.33,0.02,0.03,0.73,0.76,0.0,0.0,97.13,0.0,0.0,0.0,0.0,0.0,0.0,0.0,0.0,0.0,0.0,0.0
1484,79,DFK Spring,0.0,0.0,0.0,1.33,0.02,0.03,0.6,0.75,0.0,0.0,97.27,0.0,0.0,0.0,0.0,0.0,0.0,0.0,0.0,0.0,0.0,0.0
1485,80,DFK Spring,0.0,0.0,0.0,1.11,0.03,0.03,0.7,0.66,0.0,0.0,97.47,0.0,0.0,0.0,0.0,0.0,0.0,0.0,0.0,0.0,0.0,0.0
1486,81,DFK Spring,0.0,0.0,0.0,1.12,0.02,0.03,0.67,0.8,0.0,0.0,97.36,0.0,0.0,0.0,0.0,0.0,0.0,0.0,0.0,0.0,0.0,0.0
1487,82,DFK Spring,0.0,0.0,0.0,1.01,0.03,0.03,0.64,0.73,0.0,0.0,97.56,0.0,0.0,0.0,0.0,0.0,0.0,0.0,0.0,0.0,0.0,0.0
1488,83,DFK Spring,0.0,0.0,0.0,1.3,0.03,0.04,0.79,0.63,0.0,0.0,97.21,0.0,0.0,0.0,0.0,0.0,0.0,0.0,0.0,0.0,0.0,0.0
1489,84,DFK Spring,0.0,0.0,0.0,1.18,0.03,0.03,0.67,0.58,0.0,0.0,97.51,0.0,0.0,0.0,0.0,0.0,0.0,0.0,0.0,0.0,0.0,0.0
1490,85,DFK Spring,0.0,0.0,0.0,1.23,0.03,0.03,0.77,0.69,0.0,0.0,97.25,0.0,0.0,0.0,0.0,0.0,0.0,0.0,0.0,0.0,0.0,0.0
1491,86,DFK Spring,0.0,0.0,0.0,1.23,0.03,0.03,0.78,0.66,0.0,0.0,97.27,0.0,0.0,0.0,0.0,0.0,0.0,0.0,0.0,0.0,0.0,0.0
1492,87,DFK Spring,0.0,0.0,0.0,1.07,0.03,0.03,0.72,0.57,0.0,0.0,97.58,0.0,0.0,0.0,0.0,0.0,0.0,0.0,0.0,0.0,0.0,0.0
1493,88,DFK Spring,0.0,0.0,0.0,1.12,0.02,0.03,0.75,0.55,0.0,0.0,97.53,0.0,0.0,0.0,0.0,0.0,0.0,0.0,0.0,0.0,0.0,0.0
1494,89,DFK Spring,0.0,0.0,0.0,1.17,0.02,0.03,0.66,0.57,0.0,0.0,97.55,0.0,0.0,0.0,0.0,0.0,0.0,0.0,0.0,0.0,0.0,0.0
1495,90,DFK Spring,0.0,0.0,0.0,1.17,0.03,0.03,0.65,0.68,0.0,0.0,97.44,0.0,0.0,0.0,0.0,0.0,0.0,0.0,0.0,0.0,0.0,0.0
1496,91,DFK Spring,0.0,0.0,0.0,1.19,0.02,0.03,0.86,0.64,0.0,0.0,97.26,0.0,0.0,0.0,0.0,0.0,0.0,0.0,0.0,0.0,0.0,0.0
1497,92,DFK Spring,0.0,0.0,0.0,1.16,0.03,0.03,0.64,0.64,0.0,0.0,97.5,0.0,0.0,0.0,0.0,0.0,0.0,0.0,0.0,0.0,0.0,0.0
1498,93,DFK Spring,0.0,0.0,0.0,1.3,0.03,0.03,0.83,0.7,0.0,0.0,97.11,0.0,0.0,0.0,0.0,0.0,0.0,0.0,0.0,0.0,0.0,0.0
1499,94,DFK Spring,0.0,0.0,0.0,1.23,0.02,0.03,0.68,0.62,0.0,0.0,97.42,0.0,0.0,0.0,0.0,0.0,0.0,0.0,0.0,0.0,0.0,0.0
1500,95,DFK Spring,0.0,0.0,0.0,1.2,0.02,0.02,0.63,0.54,0.0,0.0,97.59,0.0,0.0,0.0,0.0,0.0,0.0,0.0,0.0,0.0,0.0,0.0
1501,96,DFK Spring,0.0,0.0,0.0,1.27,0.02,0.03,0.73,0.64,0.0,0.0,97.31,0.0,0.0,0.0,0.0,0.0,0.0,0.0,0.0,0.0,0.0,0.0
1502,97,DFK Spring,0.0,0.0,0.0,1.1,0.02,0.03,0.66,0.61,0.0,0.0,97.58,0.0,0.0,0.0,0.0,0.0,0.0,0.0,0.0,0.0,0.0,0.0
1503,1,Dowel Pin,7.78,0.88,0.39,0.08,0.0,0.0,0.0,0.63,0.0,0.0,90.24,0.0,0.0,0.0,0.0,0.0,0.0,0.0,0.0,0.0,0.0,0.0
1504,2,Dowel Pin,7.02,0.79,0.29,0.09,0.0,0.0,0.0,0.76,0.0,0.0,91.05,0.0,0.0,0.0,0.0,0.0,0.0,0.0,0.0,0.0,0.0,0.0
1505,3,Dowel Pin,7.97,0.74,0.47,0.09,0.0,0.0,0.0,0.61,0.0,0.0,90.12,0.0,0.0,0.0,0.0,0.0,0.0,0.0,0.0,0.0,0.0,0.0
1506,4,Dowel Pin,9.01,0.78,0.34,0.08,0.0,0.0,0.0,0.72,0.0,0.0,89.07,0.0,0.0,0.0,0.0,0.0,0.0,0.0,0.0,0.0,0.0,0.0
1507,5,Dowel Pin,8.35,0.8,0.36,0.09,0.0,0.0,0.0,0.7,0.0,0.0,89.7,0.0,0.0,0.0,0.0,0.0,0.0,0.0,0.0,0.0,0.0,0.0
1508,6,Dowel Pin,9.43,0.62,0.34,0.09,0.0,0.0,0.0,0.58,0.0,0.0,88.94,0.0,0.0,0.0,0.0,0.0,0.0,0.0,0.0,0.0,0.0,0.0
1509,7,Dowel Pin,7.84,0.74,0.35,0.09,0.0,0.0,0.0,0.55,0.0,0.0,90.43,0.0,0.0,0.0,0.0,0.0,0.0,0.0,0.0,0.0,0.0,0.0
1510,8,Dowel Pin,7.66,0.78,0.37,0.12,0.0,0.0,0.0,0.57,0.0,0.0,90.5,0.0,0.0,0.0,0.0,0.0,0.0,0.0,0.0,0.0,0.0,0.0
1511,9,Dowel Pin,6.89,0.86,0.37,0.08,0.0,0.0,0.0,0.71,0.0,0.0,91.09,0.0,0.0,0.0,0.0,0.0,0.0,0.0,0.0,0.0,0.0,0.0
1512,10,Dowel Pin,7.74,0.63,0.31,0.09,0.0,0.0,0.0,0.61,0.0,0.0,90.62,0.0,0.0,0.0,0.0,0.0,0.0,0.0,0.0,0.0,0.0,0.0
1513,11,Dowel Pin,7.36,0.89,0.35,0.09,0.0,0.0,0.0,0.61,0.0,0.0,90.7,0.0,0.0,0.0,0.0,0.0,0.0,0.0,0.0,0.0,0.0,0.0
1514,12,Dowel Pin,8.3,0.85,0.31,0.11,0.0,0.0,0.0,0.69,0.0,0.0,89.74,0.0,0.0,0.0,0.0,0.0,0.0,0.0,0.0,0.0,0.0,0.0
1515,13,Dowel Pin,9.27,0.94,0.38,0.09,0.0,0.0,0.0,0.63,0.0,0.0,88.69,0.0,0.0,0.0,0.0,0.0,0.0,0.0,0.0,0.0,0.0,0.0
1516,14,Dowel Pin,8.6,0.95,0.29,0.09,0.0,0.0,0.0,0.62,0.0,0.0,89.45,0.0,0.0,0.0,0.0,0.0,0.0,0.0,0.0,0.0,0.0,0.0
1517,15,Dowel Pin,8.8,1.08,0.29,0.08,0.0,0.0,0.0,0.5,0.0,0.0,89.25,0.0,0.0,0.0,0.0,0.0,0.0,0.0,0.0,0.0,0.0,0.0
1518,16,Dowel Pin,8.2,0.71,0.38,0.09,0.0,0.0,0.0,0.74,0.0,0.0,89.88,0.0,0.0,0.0,0.0,0.0,0.0,0.0,0.0,0.0,0.0,0.0
1519,17,Dowel Pin,7.35,0.78,0.35,0.11,0.0,0.0,0.0,0.67,0.0,0.0,90.74,0.0,0.0,0.0,0.0,0.0,0.0,0.0,0.0,0.0,0.0,0.0
1520,18,Dowel Pin,8.79,0.79,0.31,0.08,0.0,0.0,0.0,0.61,0.0,0.0,89.42,0.0,0.0,0.0,0.0,0.0,0.0,0.0,0.0,0.0,0.0,0.0
1521,19,Dowel Pin,9.03,0.71,0.29,0.11,0.0,0.0,0.0,0.76,0.0,0.0,89.1,0.0,0.0,0.0,0.0,0.0,0.0,0.0,0.0,0.0,0.0,0.0
1522,20,Dowel Pin,9.6,0.79,0.27,0.09,0.0,0.0,0.0,0.65,0.0,0.0,88.6,0.0,0.0,0.0,0.0,0.0,0.0,0.0,0.0,0.0,0.0,0.0
1523,21,Dowel Pin,9.29,0.76,0.31,0.09,0.0,0.0,0.0,0.67,0.0,0.0,88.88,0.0,0.0,0.0,0.0,0.0,0.0,0.0,0.0,0.0,0.0,0.0
1524,22,Dowel Pin,9.34,0.83,0.35,0.1,0.0,0.0,0.0,0.55,0.0,0.0,88.83,0.0,0.0,0.0,0.0,0.0,0.0,0.0,0.0,0.0,0.0,0.0
1525,23,Dowel Pin,7.92,0.77,0.39,0.09,0.0,0.0,0.0,0.59,0.0,0.0,90.24,0.0,0.0,0.0,0.0,0.0,0.0,0.0,0.0,0.0,0.0,0.0
1526,24,Dowel Pin,7.58,0.66,0.35,0.1,0.0,0.0,0.0,0.76,0.0,0.0,90.55,0.0,0.0,0.0,0.0,0.0,0.0,0.0,0.0,0.0,0.0,0.0
1527,25,Dowel Pin,9.51,0.71,0.23,0.12,0.0,0.0,0.0,0.7,0.0,0.0,88.73,0.0,0.0,0.0,0.0,0.0,0.0,0.0,0.0,0.0,0.0,0.0
1528,26,Dowel Pin,8.23,0.79,0.28,0.1,0.0,0.0,0.0,0.66,0.0,0.0,89.94,0.0,0.0,0.0,0.0,0.0,0.0,0.0,0.0,0.0,0.0,0.0
1529,27,Dowel Pin,7.68,0.92,0.35,0.11,0.0,0.0,0.0,0.72,0.0,0.0,90.22,0.0,0.0,0.0,0.0,0.0,0.0,0.0,0.0,0.0,0.0,0.0
1530,28,Dowel Pin,7.59,0.76,0.37,0.08,0.0,0.0,0.0,0.67,0.0,0.0,90.53,0.0,0.0,0.0,0.0,0.0,0.0,0.0,0.0,0.0,0.0,0.0
1531,29,Dowel Pin,8.31,0.76,0.32,0.09,0.0,0.0,0.0,0.54,0.0,0.0,89.98,0.0,0.0,0.0,0.0,0.0,0.0,0.0,0.0,0.0,0.0,0.0
1532,30,Dowel Pin,9.2,0.82,0.32,0.09,0.0,0.0,0.0,0.69,0.0,0.0,88.88,0.0,0.0,0.0,0.0,0.0,0.0,0.0,0.0,0.0,0.0,0.0
1533,31,Dowel Pin,10.14,1.08,0.4,0.09,0.0,0.0,0.0,0.64,0.0,0.0,87.65,0.0,0.0,0.0,0.0,0.0,0.0,0.0,0.0,0.0,0.0,0.0
1534,32,Dowel Pin,9.05,0.81,0.3,0.11,0.0,0.0,0.0,0.73,0.0,0.0,89.0,0.0,0.0,0.0,0.0,0.0,0.0,0.0,0.0,0.0,0.0,0.0
1535,33,Dowel Pin,8.6,0.8,0.37,0.1,0.0,0.0,0.0,0.58,0.0,0.0,89.55,0.0,0.0,0.0,0.0,0.0,0.0,0.0,0.0,0.0,0.0,0.0
1536,34,Dowel Pin,8.82,0.79,0.3,0.1,0.0,0.0,0.0,0.65,0.0,0.0,89.34,0.0,0.0,0.0,0.0,0.0,0.0,0.0,0.0,0.0,0.0,0.0
1537,35,Dowel Pin,8.25,0.73,0.34,0.11,0.0,0.0,0.0,0.74,0.0,0.0,89.83,0.0,0.0,0.0,0.0,0.0,0.0,0.0,0.0,0.0,0.0,0.0
1538,36,Dowel Pin,7.24,0.84,0.33,0.1,0.0,0.0,0.0,0.78,0.0,0.0,90.71,0.0,0.0,0.0,0.0,0.0,0.0,0.0,0.0,0.0,0.0,0.0
1539,37,Dowel Pin,10.14,1.14,0.29,0.09,0.0,0.0,0.0,0.74,0.0,0.0,87.6,0.0,0.0,0.0,0.0,0.0,0.0,0.0,0.0,0.0,0.0,0.0
1540,38,Dowel Pin,7.46,0.87,0.4,0.12,0.0,0.0,0.0,0.53,0.0,0.0,90.62,0.0,0.0,0.0,0.0,0.0,0.0,0.0,0.0,0.0,0.0,0.0
1541,39,Dowel Pin,8.33,1.05,0.42,0.1,0.0,0.0,0.0,0.63,0.0,0.0,89.47,0.0,0.0,0.0,0.0,0.0,0.0,0.0,0.0,0.0,0.0,0.0
1542,40,Dowel Pin,9.16,0.85,0.34,0.1,0.0,0.0,0.0,0.79,0.0,0.0,88.76,0.0,0.0,0.0,0.0,0.0,0.0,0.0,0.0,0.0,0.0,0.0
1543,41,Dowel Pin,9.07,0.63,0.34,0.1,0.0,0.0,0.0,0.53,0.0,0.0,89.33,0.0,0.0,0.0,0.0,0.0,0.0,0.0,0.0,0.0,0.0,0.0
1544,42,Dowel Pin,10.15,0.72,0.35,0.09,0.0,0.0,0.0,0.66,0.0,0.0,88.03,0.0,0.0,0.0,0.0,0.0,0.0,0.0,0.0,0.0,0.0,0.0
1545,43,Dowel Pin,8.84,0.77,0.31,0.1,0.0,0.0,0.0,0.6,0.0,0.0,89.38,0.0,0.0,0.0,0.0,0.0,0.0,0.0,0.0,0.0,0.0,0.0
1546,44,Dowel Pin,7.35,0.57,0.36,0.09,0.0,0.0,0.0,0.64,0.0,0.0,90.99,0.0,0.0,0.0,0.0,0.0,0.0,0.0,0.0,0.0,0.0,0.0
1547,45,Dowel Pin,8.66,0.99,0.39,0.11,0.0,0.0,0.0,0.79,0.0,0.0,89.06,0.0,0.0,0.0,0.0,0.0,0.0,0.0,0.0,0.0,0.0,0.0
1548,46,Dowel Pin,10.14,0.8,0.38,0.09,0.0,0.0,0.0,0.65,0.0,0.0,87.94,0.0,0.0,0.0,0.0,0.0,0.0,0.0,0.0,0.0,0.0,0.0
1549,47,Dowel Pin,7.83,0.98,0.33,0.08,0.0,0.0,0.0,0.59,0.0,0.0,90.19,0.0,0.0,0.0,0.0,0.0,0.0,0.0,0.0,0.0,0.0,0.0
1550,48,Dowel Pin,9.47,0.84,0.3,0.07,0.0,0.0,0.0,0.8,0.0,0.0,88.52,0.0,0.0,0.0,0.0,0.0,0.0,0.0,0.0,0.0,0.0,0.0
1551,49,Dowel Pin,8.31,0.74,0.29,0.1,0.0,0.0,0.0,0.6,0.0,0.0,89.96,0.0,0.0,0.0,0.0,0.0,0.0,0.0,0.0,0.0,0.0,0.0
1552,50,Dowel Pin,8.05,0.83,0.34,0.1,0.0,0.0,0.0,0.71,0.0,0.0,89.97,0.0,0.0,0.0,0.0,0.0,0.0,0.0,0.0,0.0,0.0,0.0
1553,51,Dowel Pin,9.36,0.76,0.42,0.08,0.0,0.0,0.0,0.65,0.0,0.0,88.73,0.0,0.0,0.0,0.0,0.0,0.0,0.0,0.0,0.0,0.0,0.0
1554,52,Dowel Pin,9.23,0.83,0.31,0.08,0.0,0.0,0.0,0.7,0.0,0.0,88.85,0.0,0.0,0.0,0.0,0.0,0.0,0.0,0.0,0.0,0.0,0.0
1555,53,Dowel Pin,9.08,0.84,0.4,0.09,0.0,0.0,0.0,0.76,0.0,0.0,88.83,0.0,0.0,0.0,0.0,0.0,0.0,0.0,0.0,0.0,0.0,0.0
1556,54,Dowel Pin,8.01,0.89,0.35,0.09,0.0,0.0,0.0,0.7,0.0,0.0,89.96,0.0,0.0,0.0,0.0,0.0,0.0,0.0,0.0,0.0,0.0,0.0
1557,55,Dowel Pin,9.24,0.78,0.32,0.07,0.0,0.0,0.0,0.51,0.0,0.0,89.08,0.0,0.0,0.0,0.0,0.0,0.0,0.0,0.0,0.0,0.0,0.0
1558,56,Dowel Pin,8.01,0.87,0.29,0.09,0.0,0.0,0.0,0.59,0.0,0.0,90.15,0.0,0.0,0.0,0.0,0.0,0.0,0.0,0.0,0.0,0.0,0.0
1559,57,Dowel Pin,8.26,0.93,0.43,0.12,0.0,0.0,0.0,0.75,0.0,0.0,89.51,0.0,0.0,0.0,0.0,0.0,0.0,0.0,0.0,0.0,0.0,0.0
1560,58,Dowel Pin,7.97,0.79,0.36,0.09,0.0,0.0,0.0,0.66,0.0,0.0,90.13,0.0,0.0,0.0,0.0,0.0,0.0,0.0,0.0,0.0,0.0,0.0
1561,59,Dowel Pin,7.66,0.82,0.35,0.1,0.0,0.0,0.0,0.67,0.0,0.0,90.4,0.0,0.0,0.0,0.0,0.0,0.0,0.0,0.0,0.0,0.0,0.0
1562,60,Dowel Pin,8.08,0.85,0.36,0.09,0.0,0.0,0.0,0.78,0.0,0.0,89.84,0.0,0.0,0.0,0.0,0.0,0.0,0.0,0.0,0.0,0.0,0.0
1563,61,Dowel Pin,7.78,0.72,0.3,0.11,0.0,0.0,0.0,0.69,0.0,0.0,90.4,0.0,0.0,0.0,0.0,0.0,0.0,0.0,0.0,0.0,0.0,0.0
1564,62,Dowel Pin,9.01,0.75,0.33,0.09,0.0,0.0,0.0,0.78,0.0,0.0,89.04,0.0,0.0,0.0,0.0,0.0,0.0,0.0,0.0,0.0,0.0,0.0
1565,63,Dowel Pin,10.51,0.81,0.32,0.1,0.0,0.0,0.0,0.65,0.0,0.0,87.61,0.0,0.0,0.0,0.0,0.0,0.0,0.0,0.0,0.0,0.0,0.0
1566,64,Dowel Pin,7.32,0.84,0.35,0.11,0.0,0.0,0.0,0.66,0.0,0.0,90.72,0.0,0.0,0.0,0.0,0.0,0.0,0.0,0.0,0.0,0.0,0.0
1567,65,Dowel Pin,8.95,0.75,0.34,0.1,0.0,0.0,0.0,0.76,0.0,0.0,89.1,0.0,0.0,0.0,0.0,0.0,0.0,0.0,0.0,0.0,0.0,0.0
1568,66,Dowel Pin,6.45,0.85,0.32,0.1,0.0,0.0,0.0,0.72,0.0,0.0,91.56,0.0,0.0,0.0,0.0,0.0,0.0,0.0,0.0,0.0,0.0,0.0
1569,67,Dowel Pin,8.8,0.8,0.39,0.09,0.0,0.0,0.0,0.79,0.0,0.0,89.13,0.0,0.0,0.0,0.0,0.0,0.0,0.0,0.0,0.0,0.0,0.0
1570,68,Dowel Pin,7.91,0.78,0.46,0.1,0.0,0.0,0.0,0.69,0.0,0.0,90.06,0.0,0.0,0.0,0.0,0.0,0.0,0.0,0.0,0.0,0.0,0.0
1571,69,Dowel Pin,7.83,1.0,0.34,0.11,0.0,0.0,0.0,0.55,0.0,0.0,90.17,0.0,0.0,0.0,0.0,0.0,0.0,0.0,0.0,0.0,0.0,0.0
1572,70,Dowel Pin,8.2,0.93,0.36,0.1,0.0,0.0,0.0,0.71,0.0,0.0,89.7,0.0,0.0,0.0,0.0,0.0,0.0,0.0,0.0,0.0,0.0,0.0
1573,71,Dowel Pin,7.42,0.89,0.36,0.11,0.0,0.0,0.0,0.66,0.0,0.0,90.56,0.0,0.0,0.0,0.0,0.0,0.0,0.0,0.0,0.0,0.0,0.0
1574,72,Dowel Pin,9.19,0.87,0.39,0.09,0.0,0.0,0.0,0.7,0.0,0.0,88.76,0.0,0.0,0.0,0.0,0.0,0.0,0.0,0.0,0.0,0.0,0.0
1575,73,Dowel Pin,7.85,0.89,0.35,0.1,0.0,0.0,0.0,0.53,0.0,0.0,90.28,0.0,0.0,0.0,0.0,0.0,0.0,0.0,0.0,0.0,0.0,0.0
1576,74,Dowel Pin,8.65,0.78,0.36,0.1,0.0,0.0,0.0,0.61,0.0,0.0,89.5,0.0,0.0,0.0,0.0,0.0,0.0,0.0,0.0,0.0,0.0,0.0
1577,75,Dowel Pin,9.16,0.88,0.31,0.12,0.0,0.0,0.0,0.57,0.0,0.0,88.96,0.0,0.0,0.0,0.0,0.0,0.0,0.0,0.0,0.0,0.0,0.0
1578,76,Dowel Pin,8.77,0.92,0.3,0.1,0.0,0.0,0.0,0.74,0.0,0.0,89.17,0.0,0.0,0.0,0.0,0.0,0.0,0.0,0.0,0.0,0.0,0.0
1579,77,Dowel Pin,8.87,0.94,0.35,0.07,0.0,0.0,0.0,0.55,0.0,0.0,89.22,0.0,0.0,0.0,0.0,0.0,0.0,0.0,0.0,0.0,0.0,0.0
1580,78,Dowel Pin,8.25,0.8,0.28,0.09,0.0,0.0,0.0,0.75,0.0,0.0,89.83,0.0,0.0,0.0,0.0,0.0,0.0,0.0,0.0,0.0,0.0,0.0
1581,79,Dowel Pin,8.65,0.67,0.39,0.1,0.0,0.0,0.0,0.71,0.0,0.0,89.48,0.0,0.0,0.0,0.0,0.0,0.0,0.0,0.0,0.0,0.0,0.0
1582,80,Dowel Pin,9.4,0.87,0.28,0.12,0.0,0.0,0.0,0.69,0.0,0.0,88.64,0.0,0.0,0.0,0.0,0.0,0.0,0.0,0.0,0.0,0.0,0.0
1583,81,Dowel Pin,8.8,0.78,0.28,0.1,0.0,0.0,0.0,0.74,0.0,0.0,89.3,0.0,0.0,0.0,0.0,0.0,0.0,0.0,0.0,0.0,0.0,0.0
1584,82,Dowel Pin,7.59,0.79,0.29,0.07,0.0,0.0,0.0,0.7,0.0,0.0,90.56,0.0,0.0,0.0,0.0,0.0,0.0,0.0,0.0,0.0,0.0,0.0
1585,83,Dowel Pin,8.57,0.75,0.37,0.1,0.0,0.0,0.0,0.77,0.0,0.0,89.44,0.0,0.0,0.0,0.0,0.0,0.0,0.0,0.0,0.0,0.0,0.0
1586,84,Dowel Pin,6.1,0.94,0.33,0.09,0.0,0.0,0.0,0.63,0.0,0.0,91.91,0.0,0.0,0.0,0.0,0.0,0.0,0.0,0.0,0.0,0.0,0.0
1587,85,Dowel Pin,8.19,0.95,0.35,0.1,0.0,0.0,0.0,0.68,0.0,0.0,89.73,0.0,0.0,0.0,0.0,0.0,0.0,0.0,0.0,0.0,0.0,0.0
1588,86,Dowel Pin,9.09,0.82,0.36,0.1,0.0,0.0,0.0,0.61,0.0,0.0,89.02,0.0,0.0,0.0,0.0,0.0,0.0,0.0,0.0,0.0,0.0,0.0
1589,87,Dowel Pin,10.89,1.02,0.32,0.1,0.0,0.0,0.0,0.74,0.0,0.0,86.93,0.0,0.0,0.0,0.0,0.0,0.0,0.0,0.0,0.0,0.0,0.0
1590,88,Dowel Pin,9.53,0.65,0.34,0.1,0.0,0.0,0.0,0.64,0.0,0.0,88.74,0.0,0.0,0.0,0.0,0.0,0.0,0.0,0.0,0.0,0.0,0.0
1591,89,Dowel Pin,10.07,0.72,0.3,0.09,0.0,0.0,0.0,0.58,0.0,0.0,88.24,0.0,0.0,0.0,0.0,0.0,0.0,0.0,0.0,0.0,0.0,0.0
1592,90,Dowel Pin,8.2,0.93,0.34,0.1,0.0,0.0,0.0,0.68,0.0,0.0,89.75,0.0,0.0,0.0,0.0,0.0,0.0,0.0,0.0,0.0,0.0,0.0
1593,91,Dowel Pin,7.69,0.84,0.33,0.11,0.0,0.0,0.0,0.68,0.0,0.0,90.35,0.0,0.0,0.0,0.0,0.0,0.0,0.0,0.0,0.0,0.0,0.0
1594,92,Dowel Pin,11.53,0.65,0.31,0.09,0.0,0.0,0.0,0.6,0.0,0.0,86.82,0.0,0.0,0.0,0.0,0.0,0.0,0.0,0.0,0.0,0.0,0.0
1595,93,Dowel Pin,8.47,0.92,0.32,0.11,0.0,0.0,0.0,0.65,0.0,0.0,89.53,0.0,0.0,0.0,0.0,0.0,0.0,0.0,0.0,0.0,0.0,0.0
1596,94,Dowel Pin,8.66,0.77,0.36,0.09,0.0,0.0,0.0,0.65,0.0,0.0,89.47,0.0,0.0,0.0,0.0,0.0,0.0,0.0,0.0,0.0,0.0,0.0
1597,95,Dowel Pin,8.26,0.82,0.29,0.1,0.0,0.0,0.0,0.67,0.0,0.0,89.86,0.0,0.0,0.0,0.0,0.0,0.0,0.0,0.0,0.0,0.0,0.0
1598,96,Dowel Pin,7.63,0.89,0.35,0.1,0.0,0.0,0.0,0.75,0.0,0.0,90.28,0.0,0.0,0.0,0.0,0.0,0.0,0.0,0.0,0.0,0.0,0.0
1599,1,Guide Bush,2.4,1.04,0.0,0.04,0.0,0.22,0.0,1.31,0.0,0.0,94.99,0.0,0.0,0.0,0.0,0.0,0.0,0.0,0.0,0.0,0.0,0.0
1600,2,Guide Bush,2.85,0.82,0.0,0.05,0.0,0.23,0.0,1.15,0.0,0.0,94.9,0.0,0.0,0.0,0.0,0.0,0.0,0.0,0.0,0.0,0.0,0.0
1601,3,Guide Bush,3.29,0.69,0.0,0.05,0.0,0.22,0.0,1.36,0.0,0.0,94.39,0.0,0.0,0.0,0.0,0.0,0.0,0.0,0.0,0.0,0.0,0.0
1602,4,Guide Bush,2.78,0.73,0.0,0.06,0.0,0.24,0.0,1.27,0.0,0.0,94.92,0.0,0.0,0.0,0.0,0.0,0.0,0.0,0.0,0.0,0.0,0.0
1603,5,Guide Bush,2.65,0.63,0.0,0.04,0.0,0.24,0.0,1.23,0.0,0.0,95.21,0.0,0.0,0.0,0.0,0.0,0.0,0.0,0.0,0.0,0.0,0.0
1604,6,Guide Bush,2.51,0.72,0.0,0.05,0.0,0.2,0.0,1.28,0.0,0.0,95.24,0.0,0.0,0.0,0.0,0.0,0.0,0.0,0.0,0.0,0.0,0.0
1605,7,Guide Bush,3.05,0.69,0.0,0.05,0.0,0.23,0.0,1.32,0.0,0.0,94.66,0.0,0.0,0.0,0.0,0.0,0.0,0.0,0.0,0.0,0.0,0.0
1606,8,Guide Bush,3.24,0.74,0.0,0.04,0.0,0.21,0.0,1.35,0.0,0.0,94.42,0.0,0.0,0.0,0.0,0.0,0.0,0.0,0.0,0.0,0.0,0.0
1607,9,Guide Bush,2.54,0.67,0.0,0.05,0.0,0.2,0.0,1.27,0.0,0.0,95.27,0.0,0.0,0.0,0.0,0.0,0.0,0.0,0.0,0.0,0.0,0.0
1608,10,Guide Bush,3.24,0.66,0.0,0.05,0.0,0.22,0.0,1.36,0.0,0.0,94.47,0.0,0.0,0.0,0.0,0.0,0.0,0.0,0.0,0.0,0.0,0.0
1609,11,Guide Bush,2.71,0.65,0.0,0.05,0.0,0.24,0.0,1.49,0.0,0.0,94.86,0.0,0.0,0.0,0.0,0.0,0.0,0.0,0.0,0.0,0.0,0.0
1610,12,Guide Bush,2.86,1.06,0.0,0.05,0.0,0.2,0.0,1.33,0.0,0.0,94.5,0.0,0.0,0.0,0.0,0.0,0.0,0.0,0.0,0.0,0.0,0.0
1611,13,Guide Bush,3.42,0.68,0.0,0.05,0.0,0.24,0.0,1.23,0.0,0.0,94.38,0.0,0.0,0.0,0.0,0.0,0.0,0.0,0.0,0.0,0.0,0.0
1612,14,Guide Bush,2.96,0.74,0.0,0.05,0.0,0.21,0.0,1.28,0.0,0.0,94.76,0.0,0.0,0.0,0.0,0.0,0.0,0.0,0.0,0.0,0.0,0.0
1613,15,Guide Bush,2.99,0.56,0.0,0.06,0.0,0.21,0.0,1.12,0.0,0.0,95.06,0.0,0.0,0.0,0.0,0.0,0.0,0.0,0.0,0.0,0.0,0.0
1614,16,Guide Bush,2.51,0.66,0.0,0.06,0.0,0.22,0.0,1.33,0.0,0.0,95.22,0.0,0.0,0.0,0.0,0.0,0.0,0.0,0.0,0.0,0.0,0.0
1615,17,Guide Bush,3.35,0.59,0.0,0.05,0.0,0.21,0.0,1.24,0.0,0.0,94.56,0.0,0.0,0.0,0.0,0.0,0.0,0.0,0.0,0.0,0.0,0.0
1616,18,Guide Bush,2.85,0.77,0.0,0.05,0.0,0.24,0.0,1.13,0.0,0.0,94.96,0.0,0.0,0.0,0.0,0.0,0.0,0.0,0.0,0.0,0.0,0.0
1617,19,Guide Bush,2.51,0.87,0.0,0.05,0.0,0.25,0.0,1.36,0.0,0.0,94.96,0.0,0.0,0.0,0.0,0.0,0.0,0.0,0.0,0.0,0.0,0.0
1618,20,Guide Bush,2.97,0.69,0.0,0.06,0.0,0.21,0.0,1.34,0.0,0.0,94.73,0.0,0.0,0.0,0.0,0.0,0.0,0.0,0.0,0.0,0.0,0.0
1619,21,Guide Bush,2.96,0.73,0.0,0.05,0.0,0.21,0.0,1.33,0.0,0.0,94.72,0.0,0.0,0.0,0.0,0.0,0.0,0.0,0.0,0.0,0.0,0.0
1620,22,Guide Bush,2.42,0.6,0.0,0.06,0.0,0.23,0.0,1.25,0.0,0.0,95.44,0.0,0.0,0.0,0.0,0.0,0.0,0.0,0.0,0.0,0.0,0.0
1621,23,Guide Bush,2.59,0.73,0.0,0.05,0.0,0.23,0.0,1.28,0.0,0.0,95.12,0.0,0.0,0.0,0.0,0.0,0.0,0.0,0.0,0.0,0.0,0.0
1622,24,Guide Bush,2.92,0.69,0.0,0.05,0.0,0.24,0.0,1.52,0.0,0.0,94.58,0.0,0.0,0.0,0.0,0.0,0.0,0.0,0.0,0.0,0.0,0.0
1623,25,Guide Bush,3.64,0.71,0.0,0.05,0.0,0.22,0.0,1.39,0.0,0.0,93.99,0.0,0.0,0.0,0.0,0.0,0.0,0.0,0.0,0.0,0.0,0.0
1624,26,Guide Bush,3.44,0.63,0.0,0.05,0.0,0.25,0.0,1.37,0.0,0.0,94.26,0.0,0.0,0.0,0.0,0.0,0.0,0.0,0.0,0.0,0.0,0.0
1625,27,Guide Bush,2.5,0.59,0.0,0.05,0.0,0.17,0.0,1.23,0.0,0.0,95.46,0.0,0.0,0.0,0.0,0.0,0.0,0.0,0.0,0.0,0.0,0.0
1626,28,Guide Bush,3.09,0.67,0.0,0.04,0.0,0.18,0.0,1.44,0.0,0.0,94.58,0.0,0.0,0.0,0.0,0.0,0.0,0.0,0.0,0.0,0.0,0.0
1627,29,Guide Bush,3.04,0.62,0.0,0.05,0.0,0.2,0.0,1.3,0.0,0.0,94.79,0.0,0.0,0.0,0.0,0.0,0.0,0.0,0.0,0.0,0.0,0.0
1628,30,Guide Bush,2.82,0.64,0.0,0.04,0.0,0.23,0.0,1.27,0.0,0.0,95.0,0.0,0.0,0.0,0.0,0.0,0.0,0.0,0.0,0.0,0.0,0.0
1629,31,Guide Bush,2.62,0.65,0.0,0.05,0.0,0.22,0.0,1.36,0.0,0.0,95.1,0.0,0.0,0.0,0.0,0.0,0.0,0.0,0.0,0.0,0.0,0.0
1630,32,Guide Bush,3.12,0.54,0.0,0.05,0.0,0.22,0.0,1.39,0.0,0.0,94.68,0.0,0.0,0.0,0.0,0.0,0.0,0.0,0.0,0.0,0.0,0.0
1631,33,Guide Bush,2.81,0.76,0.0,0.05,0.0,0.22,0.0,1.33,0.0,0.0,94.83,0.0,0.0,0.0,0.0,0.0,0.0,0.0,0.0,0.0,0.0,0.0
1632,34,Guide Bush,2.46,0.76,0.0,0.05,0.0,0.21,0.0,1.22,0.0,0.0,95.3,0.0,0.0,0.0,0.0,0.0,0.0,0.0,0.0,0.0,0.0,0.0
1633,35,Guide Bush,2.58,0.77,0.0,0.05,0.0,0.23,0.0,1.24,0.0,0.0,95.13,0.0,0.0,0.0,0.0,0.0,0.0,0.0,0.0,0.0,0.0,0.0
1634,36,Guide Bush,3.19,0.72,0.0,0.05,0.0,0.21,0.0,1.21,0.0,0.0,94.62,0.0,0.0,0.0,0.0,0.0,0.0,0.0,0.0,0.0,0.0,0.0
1635,37,Guide Bush,3.0,0.78,0.0,0.05,0.0,0.24,0.0,1.4,0.0,0.0,94.53,0.0,0.0,0.0,0.0,0.0,0.0,0.0,0.0,0.0,0.0,0.0
1636,38,Guide Bush,2.78,0.82,0.0,0.05,0.0,0.28,0.0,1.42,0.0,0.0,94.65,0.0,0.0,0.0,0.0,0.0,0.0,0.0,0.0,0.0,0.0,0.0
1637,39,Guide Bush,2.78,0.69,0.0,0.06,0.0,0.2,0.0,1.24,0.0,0.0,95.03,0.0,0.0,0.0,0.0,0.0,0.0,0.0,0.0,0.0,0.0,0.0
1638,40,Guide Bush,3.37,0.62,0.0,0.04,0.0,0.22,0.0,1.19,0.0,0.0,94.56,0.0,0.0,0.0,0.0,0.0,0.0,0.0,0.0,0.0,0.0,0.0
1639,41,Guide Bush,2.54,0.74,0.0,0.05,0.0,0.22,0.0,1.21,0.0,0.0,95.24,0.0,0.0,0.0,0.0,0.0,0.0,0.0,0.0,0.0,0.0,0.0
1640,42,Guide Bush,2.81,0.68,0.0,0.04,0.0,0.22,0.0,1.36,0.0,0.0,94.89,0.0,0.0,0.0,0.0,0.0,0.0,0.0,0.0,0.0,0.0,0.0
1641,43,Guide Bush,2.93,0.87,0.0,0.06,0.0,0.25,0.0,1.36,0.0,0.0,94.53,0.0,0.0,0.0,0.0,0.0,0.0,0.0,0.0,0.0,0.0,0.0
1642,44,Guide Bush,2.89,0.7,0.0,0.06,0.0,0.27,0.0,1.51,0.0,0.0,94.57,0.0,0.0,0.0,0.0,0.0,0.0,0.0,0.0,0.0,0.0,0.0
1643,45,Guide Bush,2.71,0.71,0.0,0.04,0.0,0.19,0.0,1.28,0.0,0.0,95.07,0.0,0.0,0.0,0.0,0.0,0.0,0.0,0.0,0.0,0.0,0.0
1644,46,Guide Bush,2.69,0.71,0.0,0.05,0.0,0.25,0.0,1.2,0.0,0.0,95.1,0.0,0.0,0.0,0.0,0.0,0.0,0.0,0.0,0.0,0.0,0.0
1645,47,Guide Bush,3.25,0.74,0.0,0.05,0.0,0.2,0.0,1.4,0.0,0.0,94.36,0.0,0.0,0.0,0.0,0.0,0.0,0.0,0.0,0.0,0.0,0.0
1646,48,Guide Bush,2.66,0.68,0.0,0.04,0.0,0.22,0.0,1.17,0.0,0.0,95.23,0.0,0.0,0.0,0.0,0.0,0.0,0.0,0.0,0.0,0.0,0.0
1647,49,Guide Bush,3.01,0.69,0.0,0.05,0.0,0.19,0.0,1.41,0.0,0.0,94.65,0.0,0.0,0.0,0.0,0.0,0.0,0.0,0.0,0.0,0.0,0.0
1648,50,Guide Bush,2.78,0.87,0.0,0.05,0.0,0.19,0.0,1.35,0.0,0.0,94.76,0.0,0.0,0.0,0.0,0.0,0.0,0.0,0.0,0.0,0.0,0.0
1649,51,Guide Bush,2.65,0.84,0.0,0.04,0.0,0.21,0.0,1.23,0.0,0.0,95.03,0.0,0.0,0.0,0.0,0.0,0.0,0.0,0.0,0.0,0.0,0.0
1650,52,Guide Bush,3.11,0.69,0.0,0.05,0.0,0.23,0.0,1.16,0.0,0.0,94.76,0.0,0.0,0.0,0.0,0.0,0.0,0.0,0.0,0.0,0.0,0.0
1651,53,Guide Bush,2.97,0.57,0.0,0.05,0.0,0.24,0.0,1.31,0.0,0.0,94.86,0.0,0.0,0.0,0.0,0.0,0.0,0.0,0.0,0.0,0.0,0.0
1652,54,Guide Bush,3.14,0.59,0.0,0.06,0.0,0.22,0.0,1.18,0.0,0.0,94.81,0.0,0.0,0.0,0.0,0.0,0.0,0.0,0.0,0.0,0.0,0.0
1653,55,Guide Bush,3.14,0.83,0.0,0.04,0.0,0.19,0.0,1.27,0.0,0.0,94.53,0.0,0.0,0.0,0.0,0.0,0.0,0.0,0.0,0.0,0.0,0.0
1654,56,Guide Bush,3.11,0.77,0.0,0.05,0.0,0.19,0.0,1.3,0.0,0.0,94.58,0.0,0.0,0.0,0.0,0.0,0.0,0.0,0.0,0.0,0.0,0.0
1655,57,Guide Bush,3.48,0.61,0.0,0.05,0.0,0.25,0.0,1.48,0.0,0.0,94.13,0.0,0.0,0.0,0.0,0.0,0.0,0.0,0.0,0.0,0.0,0.0
1656,58,Guide Bush,2.36,0.66,0.0,0.05,0.0,0.22,0.0,1.29,0.0,0.0,95.42,0.0,0.0,0.0,0.0,0.0,0.0,0.0,0.0,0.0,0.0,0.0
1657,59,Guide Bush,3.41,0.88,0.0,0.05,0.0,0.24,0.0,1.35,0.0,0.0,94.07,0.0,0.0,0.0,0.0,0.0,0.0,0.0,0.0,0.0,0.0,0.0
1658,60,Guide Bush,2.94,0.58,0.0,0.06,0.0,0.23,0.0,1.25,0.0,0.0,94.94,0.0,0.0,0.0,0.0,0.0,0.0,0.0,0.0,0.0,0.0,0.0
1659,61,Guide Bush,2.82,0.64,0.0,0.05,0.0,0.22,0.0,1.24,0.0,0.0,95.03,0.0,0.0,0.0,0.0,0.0,0.0,0.0,0.0,0.0,0.0,0.0
1660,62,Guide Bush,2.93,0.73,0.0,0.05,0.0,0.25,0.0,1.41,0.0,0.0,94.63,0.0,0.0,0.0,0.0,0.0,0.0,0.0,0.0,0.0,0.0,0.0
1661,63,Guide Bush,3.2,0.71,0.0,0.05,0.0,0.21,0.0,1.35,0.0,0.0,94.48,0.0,0.0,0.0,0.0,0.0,0.0,0.0,0.0,0.0,0.0,0.0
1662,64,Guide Bush,2.72,0.67,0.0,0.05,0.0,0.2,0.0,1.34,0.0,0.0,95.02,0.0,0.0,0.0,0.0,0.0,0.0,0.0,0.0,0.0,0.0,0.0
1663,65,Guide Bush,3.01,0.75,0.0,0.05,0.0,0.2,0.0,1.47,0.0,0.0,94.52,0.0,0.0,0.0,0.0,0.0,0.0,0.0,0.0,0.0,0.0,0.0
1664,66,Guide Bush,3.18,0.61,0.0,0.06,0.0,0.23,0.0,1.21,0.0,0.0,94.71,0.0,0.0,0.0,0.0,0.0,0.0,0.0,0.0,0.0,0.0,0.0
1665,67,Guide Bush,3.39,0.65,0.0,0.06,0.0,0.21,0.0,1.37,0.0,0.0,94.32,0.0,0.0,0.0,0.0,0.0,0.0,0.0,0.0,0.0,0.0,0.0
1666,68,Guide Bush,3.2,0.79,0.0,0.05,0.0,0.24,0.0,1.18,0.0,0.0,94.54,0.0,0.0,0.0,0.0,0.0,0.0,0.0,0.0,0.0,0.0,0.0
1667,69,Guide Bush,3.05,0.6,0.0,0.05,0.0,0.2,0.0,1.22,0.0,0.0,94.88,0.0,0.0,0.0,0.0,0.0,0.0,0.0,0.0,0.0,0.0,0.0
1668,70,Guide Bush,2.51,0.65,0.0,0.05,0.0,0.24,0.0,1.29,0.0,0.0,95.26,0.0,0.0,0.0,0.0,0.0,0.0,0.0,0.0,0.0,0.0,0.0
1669,71,Guide Bush,2.87,0.67,0.0,0.04,0.0,0.22,0.0,1.27,0.0,0.0,94.93,0.0,0.0,0.0,0.0,0.0,0.0,0.0,0.0,0.0,0.0,0.0
1670,72,Guide Bush,3.37,0.72,0.0,0.05,0.0,0.21,0.0,1.6,0.0,0.0,94.05,0.0,0.0,0.0,0.0,0.0,0.0,0.0,0.0,0.0,0.0,0.0
1671,73,Guide Bush,3.0,0.71,0.0,0.05,0.0,0.22,0.0,1.34,0.0,0.0,94.68,0.0,0.0,0.0,0.0,0.0,0.0,0.0,0.0,0.0,0.0,0.0
1672,74,Guide Bush,3.3,0.6,0.0,0.05,0.0,0.24,0.0,1.34,0.0,0.0,94.47,0.0,0.0,0.0,0.0,0.0,0.0,0.0,0.0,0.0,0.0,0.0
1673,75,Guide Bush,3.13,0.68,0.0,0.04,0.0,0.24,0.0,1.44,0.0,0.0,94.47,0.0,0.0,0.0,0.0,0.0,0.0,0.0,0.0,0.0,0.0,0.0
1674,76,Guide Bush,2.74,0.69,0.0,0.05,0.0,0.23,0.0,1.36,0.0,0.0,94.93,0.0,0.0,0.0,0.0,0.0,0.0,0.0,0.0,0.0,0.0,0.0
1675,77,Guide Bush,3.45,0.71,0.0,0.06,0.0,0.24,0.0,1.23,0.0,0.0,94.31,0.0,0.0,0.0,0.0,0.0,0.0,0.0,0.0,0.0,0.0,0.0
1676,78,Guide Bush,3.75,0.65,0.0,0.05,0.0,0.25,0.0,1.26,0.0,0.0,94.04,0.0,0.0,0.0,0.0,0.0,0.0,0.0,0.0,0.0,0.0,0.0
1677,79,Guide Bush,2.62,0.75,0.0,0.06,0.0,0.27,0.0,1.21,0.0,0.0,95.09,0.0,0.0,0.0,0.0,0.0,0.0,0.0,0.0,0.0,0.0,0.0
1678,80,Guide Bush,3.19,0.59,0.0,0.06,0.0,0.21,0.0,1.28,0.0,0.0,94.67,0.0,0.0,0.0,0.0,0.0,0.0,0.0,0.0,0.0,0.0,0.0
1679,81,Guide Bush,2.59,0.68,0.0,0.05,0.0,0.2,0.0,1.18,0.0,0.0,95.3,0.0,0.0,0.0,0.0,0.0,0.0,0.0,0.0,0.0,0.0,0.0
1680,82,Guide Bush,3.71,0.72,0.0,0.04,0.0,0.26,0.0,1.39,0.0,0.0,93.88,0.0,0.0,0.0,0.0,0.0,0.0,0.0,0.0,0.0,0.0,0.0
1681,83,Guide Bush,2.65,0.77,0.0,0.05,0.0,0.2,0.0,1.32,0.0,0.0,95.01,0.0,0.0,0.0,0.0,0.0,0.0,0.0,0.0,0.0,0.0,0.0
1682,84,Guide Bush,3.66,0.55,0.0,0.06,0.0,0.2,0.0,1.22,0.0,0.0,94.31,0.0,0.0,0.0,0.0,0.0,0.0,0.0,0.0,0.0,0.0,0.0
1683,85,Guide Bush,3.07,0.71,0.0,0.05,0.0,0.21,0.0,1.32,0.0,0.0,94.64,0.0,0.0,0.0,0.0,0.0,0.0,0.0,0.0,0.0,0.0,0.0
1684,86,Guide Bush,2.99,0.72,0.0,0.05,0.0,0.23,0.0,1.25,0.0,0.0,94.76,0.0,0.0,0.0,0.0,0.0,0.0,0.0,0.0,0.0,0.0,0.0
1685,87,Guide Bush,2.9,0.66,0.0,0.05,0.0,0.22,0.0,1.48,0.0,0.0,94.69,0.0,0.0,0.0,0.0,0.0,0.0,0.0,0.0,0.0,0.0,0.0
1686,88,Guide Bush,3.06,0.71,0.0,0.05,0.0,0.2,0.0,1.43,0.0,0.0,94.55,0.0,0.0,0.0,0.0,0.0,0.0,0.0,0.0,0.0,0.0,0.0
1687,89,Guide Bush,2.52,0.71,0.0,0.05,0.0,0.24,0.0,1.25,0.0,0.0,95.23,0.0,0.0,0.0,0.0,0.0,0.0,0.0,0.0,0.0,0.0,0.0
1688,90,Guide Bush,2.85,0.69,0.0,0.05,0.0,0.2,0.0,1.2,0.0,0.0,95.01,0.0,0.0,0.0,0.0,0.0,0.0,0.0,0.0,0.0,0.0,0.0
1689,91,Guide Bush,2.3,0.74,0.0,0.03,0.0,0.24,0.0,1.16,0.0,0.0,95.53,0.0,0.0,0.0,0.0,0.0,0.0,0.0,0.0,0.0,0.0,0.0
1690,92,Guide Bush,3.27,0.57,0.0,0.05,0.0,0.21,0.0,1.17,0.0,0.0,94.73,0.0,0.0,0.0,0.0,0.0,0.0,0.0,0.0,0.0,0.0,0.0
1691,93,Guide Bush,3.8,0.58,0.0,0.05,0.0,0.21,0.0,1.24,0.0,0.0,94.12,0.0,0.0,0.0,0.0,0.0,0.0,0.0,0.0,0.0,0.0,0.0
1692,94,Guide Bush,3.02,0.72,0.0,0.05,0.0,0.19,0.0,1.37,0.0,0.0,94.65,0.0,0.0,0.0,0.0,0.0,0.0,0.0,0.0,0.0,0.0,0.0
1693,95,Guide Bush,2.72,0.69,0.0,0.05,0.0,0.25,0.0,1.13,0.0,0.0,95.16,0.0,0.0,0.0,0.0,0.0,0.0,0.0,0.0,0.0,0.0,0.0
1694,96,Guide Bush,2.79,0.78,0.0,0.05,0.0,0.26,0.0,1.26,0.0,0.0,94.86,0.0,0.0,0.0,0.0,0.0,0.0,0.0,0.0,0.0,0.0,0.0
1695,97,Guide Bush,2.99,0.7,0.0,0.06,0.0,0.26,0.0,1.26,0.0,0.0,94.73,0.0,0.0,0.0,0.0,0.0,0.0,0.0,0.0,0.0,0.0,0.0
1696,98,Guide Bush,3.23,0.85,0.0,0.06,0.0,0.21,0.0,1.33,0.0,0.0,94.32,0.0,0.0,0.0,0.0,0.0,0.0,0.0,0.0,0.0,0.0,0.0
1697,99,Guide Bush,2.93,0.57,0.0,0.04,0.0,0.24,0.0,1.26,0.0,0.0,94.96,0.0,0.0,0.0,0.0,0.0,0.0,0.0,0.0,0.0,0.0,0.0
1698,100,Guide Bush,3.09,0.82,0.0,0.05,0.0,0.19,0.0,1.46,0.0,0.0,94.39,0.0,0.0,0.0,0.0,0.0,0.0,0.0,0.0,0.0,0.0,0.0
1699,1,HP Sealing,26.17,1.43,0.0,0.0,0.0,0.0,0.47,0.0,0.0,0.0,43.19,0.0,25.92,2.82,0.0,0.0,0.0,0.0,0.0,0.0,0.0,0.0
1700,2,HP Sealing,24.9,1.56,0.0,0.0,0.0,0.0,0.46,0.0,0.0,0.0,44.14,0.0,25.3,3.64,0.0,0.0,0.0,0.0,0.0,0.0,0.0,0.0
1701,3,HP Sealing,24.95,1.24,0.0,0.0,0.0,0.0,0.44,0.0,0.0,0.0,45.87,0.0,24.78,2.72,0.0,0.0,0.0,0.0,0.0,0.0,0.0,0.0
1702,4,HP Sealing,24.48,1.25,0.0,0.0,0.0,0.0,0.44,0.0,0.0,0.0,44.46,0.0,26.04,3.33,0.0,0.0,0.0,0.0,0.0,0.0,0.0,0.0
1703,5,HP Sealing,25.13,1.24,0.0,0.0,0.0,0.0,0.45,0.0,0.0,0.0,43.19,0.0,26.58,3.41,0.0,0.0,0.0,0.0,0.0,0.0,0.0,0.0
1704,6,HP Sealing,25.85,1.32,0.0,0.0,0.0,0.0,0.46,0.0,0.0,0.0,44.03,0.0,25.05,3.29,0.0,0.0,0.0,0.0,0.0,0.0,0.0,0.0
1705,7,HP Sealing,25.42,1.63,0.0,0.0,0.0,0.0,0.51,0.0,0.0,0.0,42.14,0.0,26.39,3.91,0.0,0.0,0.0,0.0,0.0,0.0,0.0,0.0
1706,8,HP Sealing,25.71,1.47,0.0,0.0,0.0,0.0,0.43,0.0,0.0,0.0,44.11,0.0,24.98,3.3,0.0,0.0,0.0,0.0,0.0,0.0,0.0,0.0
1707,9,HP Sealing,25.53,1.29,0.0,0.0,0.0,0.0,0.57,0.0,0.0,0.0,43.11,0.0,26.69,2.81,0.0,0.0,0.0,0.0,0.0,0.0,0.0,0.0
1708,10,HP Sealing,23.96,1.42,0.0,0.0,0.0,0.0,0.47,0.0,0.0,0.0,44.21,0.0,26.08,3.86,0.0,0.0,0.0,0.0,0.0,0.0,0.0,0.0
1709,11,HP Sealing,25.95,1.36,0.0,0.0,0.0,0.0,0.49,0.0,0.0,0.0,46.42,0.0,23.07,2.71,0.0,0.0,0.0,0.0,0.0,0.0,0.0,0.0
1710,12,HP Sealing,24.83,1.36,0.0,0.0,0.0,0.0,0.53,0.0,0.0,0.0,44.78,0.0,25.7,2.8,0.0,0.0,0.0,0.0,0.0,0.0,0.0,0.0
1711,13,HP Sealing,25.43,1.11,0.0,0.0,0.0,0.0,0.41,0.0,0.0,0.0,42.79,0.0,27.1,3.16,0.0,0.0,0.0,0.0,0.0,0.0,0.0,0.0
1712,14,HP Sealing,26.25,1.33,0.0,0.0,0.0,0.0,0.46,0.0,0.0,0.0,44.27,0.0,24.53,3.16,0.0,0.0,0.0,0.0,0.0,0.0,0.0,0.0
1713,15,HP Sealing,26.1,1.31,0.0,0.0,0.0,0.0,0.4,0.0,0.0,0.0,44.45,0.0,23.26,4.48,0.0,0.0,0.0,0.0,0.0,0.0,0.0,0.0
1714,16,HP Sealing,27.18,1.36,0.0,0.0,0.0,0.0,0.51,0.0,0.0,0.0,46.52,0.0,21.7,2.73,0.0,0.0,0.0,0.0,0.0,0.0,0.0,0.0
1715,17,HP Sealing,26.28,1.47,0.0,0.0,0.0,0.0,0.57,0.0,0.0,0.0,44.4,0.0,24.28,3.0,0.0,0.0,0.0,0.0,0.0,0.0,0.0,0.0
1716,18,HP Sealing,24.06,1.34,0.0,0.0,0.0,0.0,0.42,0.0,0.0,0.0,47.37,0.0,23.4,3.41,0.0,0.0,0.0,0.0,0.0,0.0,0.0,0.0
1717,19,HP Sealing,26.34,1.52,0.0,0.0,0.0,0.0,0.47,0.0,0.0,0.0,44.33,0.0,23.59,3.75,0.0,0.0,0.0,0.0,0.0,0.0,0.0,0.0
1718,20,HP Sealing,26.09,1.12,0.0,0.0,0.0,0.0,0.52,0.0,0.0,0.0,44.51,0.0,24.57,3.19,0.0,0.0,0.0,0.0,0.0,0.0,0.0,0.0
1719,21,HP Sealing,25.98,1.58,0.0,0.0,0.0,0.0,0.54,0.0,0.0,0.0,44.36,0.0,24.29,3.25,0.0,0.0,0.0,0.0,0.0,0.0,0.0,0.0
1720,22,HP Sealing,25.52,1.49,0.0,0.0,0.0,0.0,0.47,0.0,0.0,0.0,46.28,0.0,23.29,2.95,0.0,0.0,0.0,0.0,0.0,0.0,0.0,0.0
1721,23,HP Sealing,26.59,1.36,0.0,0.0,0.0,0.0,0.44,0.0,0.0,0.0,45.18,0.0,23.0,3.43,0.0,0.0,0.0,0.0,0.0,0.0,0.0,0.0
1722,24,HP Sealing,24.81,1.51,0.0,0.0,0.0,0.0,0.61,0.0,0.0,0.0,42.68,0.0,27.71,2.68,0.0,0.0,0.0,0.0,0.0,0.0,0.0,0.0
1723,25,HP Sealing,25.83,1.23,0.0,0.0,0.0,0.0,0.51,0.0,0.0,0.0,42.35,0.0,26.75,3.33,0.0,0.0,0.0,0.0,0.0,0.0,0.0,0.0
1724,26,HP Sealing,24.89,1.31,0.0,0.0,0.0,0.0,0.47,0.0,0.0,0.0,44.04,0.0,26.25,3.04,0.0,0.0,0.0,0.0,0.0,0.0,0.0,0.0
1725,27,HP Sealing,24.24,1.35,0.0,0.0,0.0,0.0,0.43,0.0,0.0,0.0,46.3,0.0,24.59,3.09,0.0,0.0,0.0,0.0,0.0,0.0,0.0,0.0
1726,28,HP Sealing,25.81,1.48,0.0,0.0,0.0,0.0,0.56,0.0,0.0,0.0,45.73,0.0,23.51,2.91,0.0,0.0,0.0,0.0,0.0,0.0,0.0,0.0
1727,29,HP Sealing,25.99,1.48,0.0,0.0,0.0,0.0,0.44,0.0,0.0,0.0,43.79,0.0,24.74,3.56,0.0,0.0,0.0,0.0,0.0,0.0,0.0,0.0
1728,30,HP Sealing,26.27,1.32,0.0,0.0,0.0,0.0,0.54,0.0,0.0,0.0,44.04,0.0,24.47,3.36,0.0,0.0,0.0,0.0,0.0,0.0,0.0,0.0
1729,31,HP Sealing,24.59,1.46,0.0,0.0,0.0,0.0,0.46,0.0,0.0,0.0,44.59,0.0,25.89,3.01,0.0,0.0,0.0,0.0,0.0,0.0,0.0,0.0
1730,32,HP Sealing,25.95,1.29,0.0,0.0,0.0,0.0,0.47,0.0,0.0,0.0,42.4,0.0,26.29,3.6,0.0,0.0,0.0,0.0,0.0,0.0,0.0,0.0
1731,33,HP Sealing,25.1,1.22,0.0,0.0,0.0,0.0,0.41,0.0,0.0,0.0,43.62,0.0,25.73,3.92,0.0,0.0,0.0,0.0,0.0,0.0,0.0,0.0
1732,34,HP Sealing,23.99,1.22,0.0,0.0,0.0,0.0,0.57,0.0,0.0,0.0,42.55,0.0,28.51,3.16,0.0,0.0,0.0,0.0,0.0,0.0,0.0,0.0
1733,35,HP Sealing,24.51,0.96,0.0,0.0,0.0,0.0,0.47,0.0,0.0,0.0,42.51,0.0,28.64,2.91,0.0,0.0,0.0,0.0,0.0,0.0,0.0,0.0
1734,36,HP Sealing,25.44,1.23,0.0,0.0,0.0,0.0,0.46,0.0,0.0,0.0,44.88,0.0,24.74,3.25,0.0,0.0,0.0,0.0,0.0,0.0,0.0,0.0
1735,37,HP Sealing,23.75,1.29,0.0,0.0,0.0,0.0,0.41,0.0,0.0,0.0,44.76,0.0,26.63,3.16,0.0,0.0,0.0,0.0,0.0,0.0,0.0,0.0
1736,38,HP Sealing,24.56,1.42,0.0,0.0,0.0,0.0,0.45,0.0,0.0,0.0,45.63,0.0,24.72,3.22,0.0,0.0,0.0,0.0,0.0,0.0,0.0,0.0
1737,39,HP Sealing,24.55,1.62,0.0,0.0,0.0,0.0,0.47,0.0,0.0,0.0,44.68,0.0,25.61,3.07,0.0,0.0,0.0,0.0,0.0,0.0,0.0,0.0
1738,40,HP Sealing,24.42,1.26,0.0,0.0,0.0,0.0,0.43,0.0,0.0,0.0,43.05,0.0,27.51,3.33,0.0,0.0,0.0,0.0,0.0,0.0,0.0,0.0
1739,41,HP Sealing,24.97,1.39,0.0,0.0,0.0,0.0,0.5,0.0,0.0,0.0,44.89,0.0,24.76,3.49,0.0,0.0,0.0,0.0,0.0,0.0,0.0,0.0
1740,42,HP Sealing,26.61,1.39,0.0,0.0,0.0,0.0,0.49,0.0,0.0,0.0,42.91,0.0,24.77,3.83,0.0,0.0,0.0,0.0,0.0,0.0,0.0,0.0
1741,43,HP Sealing,25.01,1.26,0.0,0.0,0.0,0.0,0.5,0.0,0.0,0.0,45.0,0.0,25.02,3.21,0.0,0.0,0.0,0.0,0.0,0.0,0.0,0.0
1742,44,HP Sealing,25.43,1.41,0.0,0.0,0.0,0.0,0.54,0.0,0.0,0.0,44.77,0.0,23.68,4.17,0.0,0.0,0.0,0.0,0.0,0.0,0.0,0.0
1743,45,HP Sealing,24.05,1.41,0.0,0.0,0.0,0.0,0.51,0.0,0.0,0.0,46.43,0.0,23.63,3.97,0.0,0.0,0.0,0.0,0.0,0.0,0.0,0.0
1744,46,HP Sealing,23.19,1.22,0.0,0.0,0.0,0.0,0.44,0.0,0.0,0.0,45.58,0.0,26.54,3.03,0.0,0.0,0.0,0.0,0.0,0.0,0.0,0.0
1745,47,HP Sealing,25.64,1.2,0.0,0.0,0.0,0.0,0.46,0.0,0.0,0.0,43.5,0.0,26.0,3.2,0.0,0.0,0.0,0.0,0.0,0.0,0.0,0.0
1746,48,HP Sealing,23.91,1.04,0.0,0.0,0.0,0.0,0.47,0.0,0.0,0.0,44.66,0.0,26.55,3.37,0.0,0.0,0.0,0.0,0.0,0.0,0.0,0.0
1747,49,HP Sealing,25.42,1.27,0.0,0.0,0.0,0.0,0.48,0.0,0.0,0.0,42.19,0.0,26.97,3.67,0.0,0.0,0.0,0.0,0.0,0.0,0.0,0.0
1748,50,HP Sealing,24.25,1.4,0.0,0.0,0.0,0.0,0.39,0.0,0.0,0.0,43.15,0.0,27.18,3.63,0.0,0.0,0.0,0.0,0.0,0.0,0.0,0.0
1749,51,HP Sealing,26.68,1.44,0.0,0.0,0.0,0.0,0.52,0.0,0.0,0.0,42.76,0.0,24.76,3.84,0.0,0.0,0.0,0.0,0.0,0.0,0.0,0.0
1750,52,HP Sealing,23.92,1.38,0.0,0.0,0.0,0.0,0.45,0.0,0.0,0.0,47.23,0.0,24.2,2.82,0.0,0.0,0.0,0.0,0.0,0.0,0.0,0.0
1751,53,HP Sealing,25.65,1.11,0.0,0.0,0.0,0.0,0.45,0.0,0.0,0.0,43.96,0.0,25.51,3.32,0.0,0.0,0.0,0.0,0.0,0.0,0.0,0.0
1752,54,HP Sealing,25.62,1.56,0.0,0.0,0.0,0.0,0.5,0.0,0.0,0.0,44.52,0.0,24.92,2.88,0.0,0.0,0.0,0.0,0.0,0.0,0.0,0.0
1753,55,HP Sealing,26.14,1.66,0.0,0.0,0.0,0.0,0.47,0.0,0.0,0.0,45.6,0.0,22.61,3.52,0.0,0.0,0.0,0.0,0.0,0.0,0.0,0.0
1754,56,HP Sealing,23.65,1.36,0.0,0.0,0.0,0.0,0.51,0.0,0.0,0.0,46.67,0.0,25.04,2.77,0.0,0.0,0.0,0.0,0.0,0.0,0.0,0.0
1755,57,HP Sealing,26.25,1.01,0.0,0.0,0.0,0.0,0.52,0.0,0.0,0.0,43.51,0.0,25.4,3.31,0.0,0.0,0.0,0.0,0.0,0.0,0.0,0.0
1756,58,HP Sealing,24.45,1.21,0.0,0.0,0.0,0.0,0.51,0.0,0.0,0.0,45.49,0.0,24.57,3.77,0.0,0.0,0.0,0.0,0.0,0.0,0.0,0.0
1757,59,HP Sealing,25.97,1.03,0.0,0.0,0.0,0.0,0.49,0.0,0.0,0.0,44.07,0.0,25.43,3.01,0.0,0.0,0.0,0.0,0.0,0.0,0.0,0.0
1758,60,HP Sealing,25.06,1.41,0.0,0.0,0.0,0.0,0.51,0.0,0.0,0.0,43.24,0.0,26.16,3.62,0.0,0.0,0.0,0.0,0.0,0.0,0.0,0.0
1759,61,HP Sealing,25.3,1.47,0.0,0.0,0.0,0.0,0.47,0.0,0.0,0.0,43.75,0.0,25.46,3.55,0.0,0.0,0.0,0.0,0.0,0.0,0.0,0.0
1760,62,HP Sealing,23.92,1.57,0.0,0.0,0.0,0.0,0.48,0.0,0.0,0.0,44.94,0.0,26.37,2.72,0.0,0.0,0.0,0.0,0.0,0.0,0.0,0.0
1761,63,HP Sealing,24.92,1.62,0.0,0.0,0.0,0.0,0.42,0.0,0.0,0.0,45.79,0.0,23.43,3.82,0.0,0.0,0.0,0.0,0.0,0.0,0.0,0.0
1762,64,HP Sealing,25.43,1.24,0.0,0.0,0.0,0.0,0.48,0.0,0.0,0.0,45.12,0.0,24.84,2.89,0.0,0.0,0.0,0.0,0.0,0.0,0.0,0.0
1763,65,HP Sealing,25.93,1.34,0.0,0.0,0.0,0.0,0.46,0.0,0.0,0.0,41.4,0.0,27.51,3.36,0.0,0.0,0.0,0.0,0.0,0.0,0.0,0.0
1764,66,HP Sealing,25.51,1.46,0.0,0.0,0.0,0.0,0.54,0.0,0.0,0.0,46.65,0.0,22.13,3.71,0.0,0.0,0.0,0.0,0.0,0.0,0.0,0.0
1765,67,HP Sealing,25.91,1.14,0.0,0.0,0.0,0.0,0.61,0.0,0.0,0.0,44.57,0.0,23.64,4.13,0.0,0.0,0.0,0.0,0.0,0.0,0.0,0.0
1766,68,HP Sealing,25.55,1.21,0.0,0.0,0.0,0.0,0.45,0.0,0.0,0.0,44.3,0.0,24.63,3.86,0.0,0.0,0.0,0.0,0.0,0.0,0.0,0.0
1767,69,HP Sealing,25.12,1.39,0.0,0.0,0.0,0.0,0.51,0.0,0.0,0.0,46.09,0.0,24.75,2.14,0.0,0.0,0.0,0.0,0.0,0.0,0.0,0.0
1768,70,HP Sealing,24.79,1.37,0.0,0.0,0.0,0.0,0.48,0.0,0.0,0.0,45.68,0.0,24.82,2.86,0.0,0.0,0.0,0.0,0.0,0.0,0.0,0.0
1769,71,HP Sealing,25.88,1.25,0.0,0.0,0.0,0.0,0.4,0.0,0.0,0.0,42.62,0.0,25.95,3.9,0.0,0.0,0.0,0.0,0.0,0.0,0.0,0.0
1770,72,HP Sealing,26.3,1.34,0.0,0.0,0.0,0.0,0.55,0.0,0.0,0.0,44.72,0.0,23.04,4.05,0.0,0.0,0.0,0.0,0.0,0.0,0.0,0.0
1771,73,HP Sealing,26.18,1.65,0.0,0.0,0.0,0.0,0.49,0.0,0.0,0.0,42.92,0.0,25.5,3.26,0.0,0.0,0.0,0.0,0.0,0.0,0.0,0.0
1772,74,HP Sealing,25.48,1.23,0.0,0.0,0.0,0.0,0.44,0.0,0.0,0.0,47.41,0.0,22.41,3.03,0.0,0.0,0.0,0.0,0.0,0.0,0.0,0.0
1773,75,HP Sealing,24.91,1.29,0.0,0.0,0.0,0.0,0.43,0.0,0.0,0.0,45.01,0.0,24.96,3.4,0.0,0.0,0.0,0.0,0.0,0.0,0.0,0.0
1774,76,HP Sealing,25.94,1.08,0.0,0.0,0.0,0.0,0.4,0.0,0.0,0.0,45.45,0.0,23.6,3.53,0.0,0.0,0.0,0.0,0.0,0.0,0.0,0.0
1775,77,HP Sealing,24.66,0.99,0.0,0.0,0.0,0.0,0.38,0.0,0.0,0.0,45.03,0.0,25.28,3.66,0.0,0.0,0.0,0.0,0.0,0.0,0.0,0.0
1776,78,HP Sealing,25.92,1.42,0.0,0.0,0.0,0.0,0.46,0.0,0.0,0.0,43.71,0.0,25.48,3.01,0.0,0.0,0.0,0.0,0.0,0.0,0.0,0.0
1777,79,HP Sealing,25.7,1.26,0.0,0.0,0.0,0.0,0.45,0.0,0.0,0.0,47.53,0.0,22.22,2.84,0.0,0.0,0.0,0.0,0.0,0.0,0.0,0.0
1778,80,HP Sealing,25.19,1.13,0.0,0.0,0.0,0.0,0.51,0.0,0.0,0.0,43.66,0.0,25.64,3.87,0.0,0.0,0.0,0.0,0.0,0.0,0.0,0.0
1779,81,HP Sealing,25.33,1.31,0.0,0.0,0.0,0.0,0.48,0.0,0.0,0.0,45.34,0.0,24.35,3.19,0.0,0.0,0.0,0.0,0.0,0.0,0.0,0.0
1780,82,HP Sealing,25.03,1.4,0.0,0.0,0.0,0.0,0.46,0.0,0.0,0.0,44.38,0.0,25.7,3.03,0.0,0.0,0.0,0.0,0.0,0.0,0.0,0.0
1781,83,HP Sealing,25.77,1.33,0.0,0.0,0.0,0.0,0.41,0.0,0.0,0.0,44.7,0.0,25.06,2.73,0.0,0.0,0.0,0.0,0.0,0.0,0.0,0.0
1782,84,HP Sealing,25.38,1.43,0.0,0.0,0.0,0.0,0.46,0.0,0.0,0.0,44.26,0.0,25.36,3.11,0.0,0.0,0.0,0.0,0.0,0.0,0.0,0.0
1783,85,HP Sealing,22.72,1.44,0.0,0.0,0.0,0.0,0.47,0.0,0.0,0.0,43.69,0.0,27.87,3.81,0.0,0.0,0.0,0.0,0.0,0.0,0.0,0.0
1784,86,HP Sealing,25.95,1.49,0.0,0.0,0.0,0.0,0.44,0.0,0.0,0.0,43.34,0.0,24.52,4.26,0.0,0.0,0.0,0.0,0.0,0.0,0.0,0.0
1785,87,HP Sealing,25.22,1.04,0.0,0.0,0.0,0.0,0.47,0.0,0.0,0.0,45.47,0.0,24.58,3.22,0.0,0.0,0.0,0.0,0.0,0.0,0.0,0.0
1786,88,HP Sealing,24.94,1.12,0.0,0.0,0.0,0.0,0.46,0.0,0.0,0.0,45.65,0.0,24.95,2.88,0.0,0.0,0.0,0.0,0.0,0.0,0.0,0.0
1787,89,HP Sealing,25.89,1.37,0.0,0.0,0.0,0.0,0.49,0.0,0.0,0.0,46.57,0.0,22.51,3.17,0.0,0.0,0.0,0.0,0.0,0.0,0.0,0.0
1788,90,HP Sealing,25.33,1.43,0.0,0.0,0.0,0.0,0.48,0.0,0.0,0.0,43.8,0.0,25.69,3.27,0.0,0.0,0.0,0.0,0.0,0.0,0.0,0.0
1789,91,HP Sealing,25.33,1.34,0.0,0.0,0.0,0.0,0.47,0.0,0.0,0.0,46.62,0.0,23.19,3.05,0.0,0.0,0.0,0.0,0.0,0.0,0.0,0.0
1790,92,HP Sealing,24.88,1.31,0.0,0.0,0.0,0.0,0.46,0.0,0.0,0.0,45.1,0.0,24.3,3.95,0.0,0.0,0.0,0.0,0.0,0.0,0.0,0.0
1791,93,HP Sealing,25.44,1.34,0.0,0.0,0.0,0.0,0.53,0.0,0.0,0.0,41.82,0.0,26.48,4.39,0.0,0.0,0.0,0.0,0.0,0.0,0.0,0.0
1792,94,HP Sealing,25.65,1.33,0.0,0.0,0.0,0.0,0.47,0.0,0.0,0.0,44.39,0.0,24.48,3.68,0.0,0.0,0.0,0.0,0.0,0.0,0.0,0.0
1793,95,HP Sealing,25.72,1.61,0.0,0.0,0.0,0.0,0.45,0.0,0.0,0.0,46.49,0.0,22.24,3.49,0.0,0.0,0.0,0.0,0.0,0.0,0.0,0.0
1794,96,HP Sealing,25.9,1.19,0.0,0.0,0.0,0.0,0.4,0.0,0.0,0.0,44.83,0.0,24.71,2.97,0.0,0.0,0.0,0.0,0.0,0.0,0.0,0.0
1795,97,HP Sealing,24.06,1.23,0.0,0.0,0.0,0.0,0.39,0.0,0.0,0.0,45.18,0.0,25.66,3.48,0.0,0.0,0.0,0.0,0.0,0.0,0.0,0.0
1796,98,HP Sealing,24.66,1.43,0.0,0.0,0.0,0.0,0.44,0.0,0.0,0.0,45.74,0.0,24.22,3.51,0.0,0.0,0.0,0.0,0.0,0.0,0.0,0.0
1797,99,HP Sealing,22.59,1.44,0.0,0.0,0.0,0.0,0.39,0.0,0.0,0.0,44.18,0.0,27.9,3.5,0.0,0.0,0.0,0.0,0.0,0.0,0.0,0.0
1798,100,HP Sealing,24.81,1.22,0.0,0.0,0.0,0.0,0.54,0.0,0.0,0.0,45.16,0.0,24.92,3.35,0.0,0.0,0.0,0.0,0.0,0.0,0.0,0.0
1799,101,HP Sealing,25.37,1.41,0.0,0.0,0.0,0.0,0.47,0.0,0.0,0.0,45.21,0.0,23.62,3.92,0.0,0.0,0.0,0.0,0.0,0.0,0.0,0.0
1800,1,IC Stud ,2.08,10.41,0.0,0.12,5.27,0.0,0.28,1.11,0.0,0.0,66.46,0.0,0.0,0.0,14.27,0.0,0.0,0.0,0.0,0.0,0.0,0.0
1801,2,IC Stud ,1.78,9.94,0.0,0.13,5.59,0.0,0.23,1.62,0.0,0.0,69.94,0.0,0.0,0.0,10.77,0.0,0.0,0.0,0.0,0.0,0.0,0.0
1802,3,IC Stud ,1.83,9.46,0.0,0.12,5.84,0.0,0.2,1.31,0.0,0.0,66.84,0.0,0.0,0.0,14.4,0.0,0.0,0.0,0.0,0.0,0.0,0.0
1803,4,IC Stud ,1.85,10.08,0.0,0.14,5.66,0.0,0.34,1.32,0.0,0.0,67.03,0.0,0.0,0.0,13.58,0.0,0.0,0.0,0.0,0.0,0.0,0.0
1804,5,IC Stud ,2.06,9.74,0.0,0.1,6.88,0.0,0.24,1.09,0.0,0.0,66.06,0.0,0.0,0.0,13.83,0.0,0.0,0.0,0.0,0.0,0.0,0.0
1805,6,IC Stud ,1.71,9.84,0.0,0.11,7.94,0.0,0.35,1.51,0.0,0.0,66.16,0.0,0.0,0.0,12.38,0.0,0.0,0.0,0.0,0.0,0.0,0.0
1806,7,IC Stud ,1.89,8.54,0.0,0.13,5.79,0.0,0.35,1.4,0.0,0.0,69.47,0.0,0.0,0.0,12.43,0.0,0.0,0.0,0.0,0.0,0.0,0.0
1807,8,IC Stud ,1.75,10.72,0.0,0.1,6.08,0.0,0.29,1.08,0.0,0.0,63.07,0.0,0.0,0.0,16.91,0.0,0.0,0.0,0.0,0.0,0.0,0.0
1808,9,IC Stud ,1.59,9.07,0.0,0.1,5.87,0.0,0.26,1.19,0.0,0.0,70.15,0.0,0.0,0.0,11.77,0.0,0.0,0.0,0.0,0.0,0.0,0.0
1809,10,IC Stud ,2.38,9.78,0.0,0.14,6.03,0.0,0.26,1.4,0.0,0.0,69.38,0.0,0.0,0.0,10.63,0.0,0.0,0.0,0.0,0.0,0.0,0.0
1810,11,IC Stud ,2.31,8.12,0.0,0.1,6.1,0.0,0.29,1.32,0.0,0.0,67.45,0.0,0.0,0.0,14.31,0.0,0.0,0.0,0.0,0.0,0.0,0.0
1811,12,IC Stud ,1.81,8.06,0.0,0.13,7.11,0.0,0.34,1.18,0.0,0.0,68.45,0.0,0.0,0.0,12.92,0.0,0.0,0.0,0.0,0.0,0.0,0.0
1812,13,IC Stud ,1.89,9.92,0.0,0.15,5.45,0.0,0.19,1.2,0.0,0.0,67.7,0.0,0.0,0.0,13.5,0.0,0.0,0.0,0.0,0.0,0.0,0.0
1813,14,IC Stud ,2.19,9.16,0.0,0.13,8.04,0.0,0.41,1.4,0.0,0.0,63.33,0.0,0.0,0.0,15.34,0.0,0.0,0.0,0.0,0.0,0.0,0.0
1814,15,IC Stud ,2.23,8.45,0.0,0.1,5.89,0.0,0.26,1.26,0.0,0.0,67.72,0.0,0.0,0.0,14.09,0.0,0.0,0.0,0.0,0.0,0.0,0.0
1815,16,IC Stud ,1.95,7.57,0.0,0.11,6.61,0.0,0.25,1.2,0.0,0.0,69.59,0.0,0.0,0.0,12.72,0.0,0.0,0.0,0.0,0.0,0.0,0.0
1816,17,IC Stud ,2.22,10.28,0.0,0.12,6.7,0.0,0.24,1.25,0.0,0.0,64.53,0.0,0.0,0.0,14.66,0.0,0.0,0.0,0.0,0.0,0.0,0.0
1817,18,IC Stud ,1.86,8.43,0.0,0.1,6.42,0.0,0.27,1.18,0.0,0.0,70.18,0.0,0.0,0.0,11.56,0.0,0.0,0.0,0.0,0.0,0.0,0.0
1818,19,IC Stud ,1.62,10.5,0.0,0.11,5.91,0.0,0.36,1.11,0.0,0.0,67.02,0.0,0.0,0.0,13.37,0.0,0.0,0.0,0.0,0.0,0.0,0.0
1819,20,IC Stud ,1.62,8.4,0.0,0.1,5.9,0.0,0.26,1.19,0.0,0.0,64.49,0.0,0.0,0.0,18.04,0.0,0.0,0.0,0.0,0.0,0.0,0.0
1820,21,IC Stud ,1.78,7.71,0.0,0.11,5.51,0.0,0.3,1.4,0.0,0.0,69.21,0.0,0.0,0.0,13.98,0.0,0.0,0.0,0.0,0.0,0.0,0.0
1821,22,IC Stud ,2.22,10.93,0.0,0.11,5.71,0.0,0.3,1.38,0.0,0.0,61.05,0.0,0.0,0.0,18.3,0.0,0.0,0.0,0.0,0.0,0.0,0.0
1822,23,IC Stud ,1.79,10.42,0.0,0.12,6.39,0.0,0.3,1.52,0.0,0.0,66.81,0.0,0.0,0.0,12.65,0.0,0.0,0.0,0.0,0.0,0.0,0.0
1823,24,IC Stud ,2.34,10.21,0.0,0.13,5.91,0.0,0.26,1.39,0.0,0.0,63.02,0.0,0.0,0.0,16.74,0.0,0.0,0.0,0.0,0.0,0.0,0.0
1824,25,IC Stud ,1.74,9.62,0.0,0.13,5.91,0.0,0.36,1.48,0.0,0.0,64.17,0.0,0.0,0.0,16.59,0.0,0.0,0.0,0.0,0.0,0.0,0.0
1825,26,IC Stud ,1.94,8.51,0.0,0.13,5.51,0.0,0.31,1.7,0.0,0.0,65.09,0.0,0.0,0.0,16.81,0.0,0.0,0.0,0.0,0.0,0.0,0.0
1826,27,IC Stud ,1.84,9.06,0.0,0.11,7.32,0.0,0.23,1.2,0.0,0.0,64.14,0.0,0.0,0.0,16.1,0.0,0.0,0.0,0.0,0.0,0.0,0.0
1827,28,IC Stud ,2.01,8.54,0.0,0.14,5.57,0.0,0.31,1.59,0.0,0.0,65.63,0.0,0.0,0.0,16.21,0.0,0.0,0.0,0.0,0.0,0.0,0.0
1828,29,IC Stud ,1.97,9.17,0.0,0.1,6.71,0.0,0.3,1.16,0.0,0.0,67.44,0.0,0.0,0.0,13.15,0.0,0.0,0.0,0.0,0.0,0.0,0.0
1829,30,IC Stud ,1.49,6.94,0.0,0.11,5.14,0.0,0.28,1.23,0.0,0.0,72.72,0.0,0.0,0.0,12.09,0.0,0.0,0.0,0.0,0.0,0.0,0.0
1830,31,IC Stud ,2.07,9.64,0.0,0.11,5.19,0.0,0.28,1.56,0.0,0.0,69.04,0.0,0.0,0.0,12.11,0.0,0.0,0.0,0.0,0.0,0.0,0.0
1831,32,IC Stud ,1.65,9.63,0.0,0.13,7.56,0.0,0.31,1.21,0.0,0.0,68.34,0.0,0.0,0.0,11.17,0.0,0.0,0.0,0.0,0.0,0.0,0.0
1832,33,IC Stud ,1.56,7.78,0.0,0.13,5.32,0.0,0.37,1.35,0.0,0.0,68.94,0.0,0.0,0.0,14.55,0.0,0.0,0.0,0.0,0.0,0.0,0.0
1833,34,IC Stud ,1.42,10.3,0.0,0.09,6.12,0.0,0.32,1.28,0.0,0.0,67.07,0.0,0.0,0.0,13.4,0.0,0.0,0.0,0.0,0.0,0.0,0.0
1834,35,IC Stud ,2.01,9.11,0.0,0.12,6.28,0.0,0.34,1.22,0.0,0.0,69.18,0.0,0.0,0.0,11.74,0.0,0.0,0.0,0.0,0.0,0.0,0.0
1835,36,IC Stud ,1.82,11.78,0.0,0.12,5.89,0.0,0.3,1.52,0.0,0.0,65.52,0.0,0.0,0.0,13.05,0.0,0.0,0.0,0.0,0.0,0.0,0.0
1836,37,IC Stud ,2.01,11.01,0.0,0.1,5.31,0.0,0.27,1.43,0.0,0.0,62.22,0.0,0.0,0.0,17.65,0.0,0.0,0.0,0.0,0.0,0.0,0.0
1837,38,IC Stud ,2.08,8.87,0.0,0.12,6.46,0.0,0.29,0.9,0.0,0.0,67.81,0.0,0.0,0.0,13.47,0.0,0.0,0.0,0.0,0.0,0.0,0.0
1838,39,IC Stud ,1.8,7.96,0.0,0.12,7.48,0.0,0.32,1.37,0.0,0.0,66.01,0.0,0.0,0.0,14.94,0.0,0.0,0.0,0.0,0.0,0.0,0.0
1839,40,IC Stud ,1.54,9.86,0.0,0.11,6.09,0.0,0.25,1.12,0.0,0.0,67.31,0.0,0.0,0.0,13.72,0.0,0.0,0.0,0.0,0.0,0.0,0.0
1840,41,IC Stud ,1.56,8.72,0.0,0.12,6.51,0.0,0.35,1.18,0.0,0.0,67.6,0.0,0.0,0.0,13.96,0.0,0.0,0.0,0.0,0.0,0.0,0.0
1841,42,IC Stud ,1.99,11.35,0.0,0.1,5.62,0.0,0.27,1.16,0.0,0.0,64.05,0.0,0.0,0.0,15.46,0.0,0.0,0.0,0.0,0.0,0.0,0.0
1842,43,IC Stud ,1.64,9.14,0.0,0.1,5.68,0.0,0.29,1.39,0.0,0.0,64.79,0.0,0.0,0.0,16.97,0.0,0.0,0.0,0.0,0.0,0.0,0.0
1843,44,IC Stud ,1.88,10.86,0.0,0.14,6.13,0.0,0.31,1.2,0.0,0.0,67.92,0.0,0.0,0.0,11.56,0.0,0.0,0.0,0.0,0.0,0.0,0.0
1844,45,IC Stud ,1.77,10.2,0.0,0.15,6.38,0.0,0.31,1.47,0.0,0.0,66.91,0.0,0.0,0.0,12.81,0.0,0.0,0.0,0.0,0.0,0.0,0.0
1845,46,IC Stud ,2.18,9.65,0.0,0.1,6.17,0.0,0.32,1.39,0.0,0.0,66.03,0.0,0.0,0.0,14.16,0.0,0.0,0.0,0.0,0.0,0.0,0.0
1846,47,IC Stud ,1.96,9.92,0.0,0.1,6.5,0.0,0.26,1.33,0.0,0.0,65.88,0.0,0.0,0.0,14.05,0.0,0.0,0.0,0.0,0.0,0.0,0.0
1847,48,IC Stud ,1.95,9.5,0.0,0.11,5.03,0.0,0.33,1.24,0.0,0.0,65.6,0.0,0.0,0.0,16.24,0.0,0.0,0.0,0.0,0.0,0.0,0.0
1848,49,IC Stud ,2.19,10.32,0.0,0.12,5.97,0.0,0.22,1.42,0.0,0.0,64.24,0.0,0.0,0.0,15.52,0.0,0.0,0.0,0.0,0.0,0.0,0.0
1849,50,IC Stud ,1.75,9.91,0.0,0.13,5.77,0.0,0.23,1.2,0.0,0.0,67.4,0.0,0.0,0.0,13.61,0.0,0.0,0.0,0.0,0.0,0.0,0.0
1850,51,IC Stud ,1.66,10.73,0.0,0.11,6.91,0.0,0.3,1.3,0.0,0.0,65.92,0.0,0.0,0.0,13.07,0.0,0.0,0.0,0.0,0.0,0.0,0.0
1851,52,IC Stud ,2.18,10.37,0.0,0.15,6.72,0.0,0.28,1.7,0.0,0.0,61.1,0.0,0.0,0.0,17.5,0.0,0.0,0.0,0.0,0.0,0.0,0.0
1852,53,IC Stud ,1.74,8.62,0.0,0.1,6.84,0.0,0.31,1.29,0.0,0.0,64.75,0.0,0.0,0.0,16.35,0.0,0.0,0.0,0.0,0.0,0.0,0.0
1853,54,IC Stud ,1.85,7.97,0.0,0.11,6.47,0.0,0.25,1.07,0.0,0.0,68.95,0.0,0.0,0.0,13.33,0.0,0.0,0.0,0.0,0.0,0.0,0.0
1854,55,IC Stud ,1.63,10.26,0.0,0.16,7.32,0.0,0.3,1.31,0.0,0.0,64.72,0.0,0.0,0.0,14.3,0.0,0.0,0.0,0.0,0.0,0.0,0.0
1855,56,IC Stud ,2.55,10.24,0.0,0.13,8.07,0.0,0.29,1.41,0.0,0.0,65.13,0.0,0.0,0.0,12.18,0.0,0.0,0.0,0.0,0.0,0.0,0.0
1856,57,IC Stud ,1.84,9.63,0.0,0.13,5.96,0.0,0.34,1.42,0.0,0.0,68.24,0.0,0.0,0.0,12.44,0.0,0.0,0.0,0.0,0.0,0.0,0.0
1857,58,IC Stud ,1.62,11.57,0.0,0.11,6.64,0.0,0.25,1.3,0.0,0.0,66.46,0.0,0.0,0.0,12.05,0.0,0.0,0.0,0.0,0.0,0.0,0.0
1858,59,IC Stud ,1.86,7.7,0.0,0.12,5.36,0.0,0.28,1.13,0.0,0.0,67.68,0.0,0.0,0.0,15.87,0.0,0.0,0.0,0.0,0.0,0.0,0.0
1859,60,IC Stud ,2.56,8.96,0.0,0.1,7.19,0.0,0.28,1.29,0.0,0.0,67.15,0.0,0.0,0.0,12.47,0.0,0.0,0.0,0.0,0.0,0.0,0.0
1860,61,IC Stud ,1.34,8.39,0.0,0.11,6.22,0.0,0.33,1.51,0.0,0.0,67.15,0.0,0.0,0.0,14.95,0.0,0.0,0.0,0.0,0.0,0.0,0.0
1861,62,IC Stud ,2.26,8.91,0.0,0.1,6.29,0.0,0.31,1.5,0.0,0.0,66.66,0.0,0.0,0.0,13.97,0.0,0.0,0.0,0.0,0.0,0.0,0.0
1862,63,IC Stud ,1.75,10.14,0.0,0.11,6.32,0.0,0.25,1.36,0.0,0.0,65.13,0.0,0.0,0.0,14.94,0.0,0.0,0.0,0.0,0.0,0.0,0.0
1863,64,IC Stud ,1.63,9.47,0.0,0.12,6.94,0.0,0.26,1.2,0.0,0.0,67.23,0.0,0.0,0.0,13.15,0.0,0.0,0.0,0.0,0.0,0.0,0.0
1864,65,IC Stud ,1.58,10.03,0.0,0.14,6.47,0.0,0.38,1.4,0.0,0.0,66.38,0.0,0.0,0.0,13.62,0.0,0.0,0.0,0.0,0.0,0.0,0.0
1865,66,IC Stud ,1.68,10.49,0.0,0.12,5.58,0.0,0.24,1.18,0.0,0.0,65.95,0.0,0.0,0.0,14.76,0.0,0.0,0.0,0.0,0.0,0.0,0.0
1866,67,IC Stud ,2.09,8.99,0.0,0.12,6.18,0.0,0.26,1.07,0.0,0.0,67.11,0.0,0.0,0.0,14.18,0.0,0.0,0.0,0.0,0.0,0.0,0.0
1867,68,IC Stud ,2.19,10.2,0.0,0.13,5.97,0.0,0.27,1.57,0.0,0.0,65.3,0.0,0.0,0.0,14.37,0.0,0.0,0.0,0.0,0.0,0.0,0.0
1868,69,IC Stud ,1.4,10.2,0.0,0.11,8.56,0.0,0.38,1.14,0.0,0.0,62.47,0.0,0.0,0.0,15.74,0.0,0.0,0.0,0.0,0.0,0.0,0.0
1869,70,IC Stud ,1.92,9.64,0.0,0.12,6.28,0.0,0.33,1.51,0.0,0.0,65.51,0.0,0.0,0.0,14.69,0.0,0.0,0.0,0.0,0.0,0.0,0.0
1870,71,IC Stud ,1.78,8.49,0.0,0.13,6.41,0.0,0.28,1.43,0.0,0.0,69.65,0.0,0.0,0.0,11.83,0.0,0.0,0.0,0.0,0.0,0.0,0.0
1871,72,IC Stud ,1.72,8.15,0.0,0.1,6.52,0.0,0.33,1.41,0.0,0.0,67.53,0.0,0.0,0.0,14.24,0.0,0.0,0.0,0.0,0.0,0.0,0.0
1872,73,IC Stud ,1.73,8.57,0.0,0.1,9.32,0.0,0.28,1.63,0.0,0.0,64.69,0.0,0.0,0.0,13.68,0.0,0.0,0.0,0.0,0.0,0.0,0.0
1873,74,IC Stud ,1.46,8.89,0.0,0.08,6.41,0.0,0.3,1.39,0.0,0.0,67.0,0.0,0.0,0.0,14.47,0.0,0.0,0.0,0.0,0.0,0.0,0.0
1874,75,IC Stud ,2.11,10.61,0.0,0.12,6.46,0.0,0.29,1.46,0.0,0.0,61.95,0.0,0.0,0.0,17.0,0.0,0.0,0.0,0.0,0.0,0.0,0.0
1875,76,IC Stud ,1.98,11.05,0.0,0.1,7.45,0.0,0.34,1.3,0.0,0.0,65.7,0.0,0.0,0.0,12.08,0.0,0.0,0.0,0.0,0.0,0.0,0.0
1876,77,IC Stud ,1.97,9.81,0.0,0.1,5.56,0.0,0.29,1.26,0.0,0.0,64.68,0.0,0.0,0.0,16.33,0.0,0.0,0.0,0.0,0.0,0.0,0.0
1877,78,IC Stud ,2.07,8.57,0.0,0.13,5.25,0.0,0.32,1.44,0.0,0.0,68.5,0.0,0.0,0.0,13.72,0.0,0.0,0.0,0.0,0.0,0.0,0.0
1878,79,IC Stud ,2.01,9.58,0.0,0.11,7.0,0.0,0.28,1.37,0.0,0.0,64.47,0.0,0.0,0.0,15.18,0.0,0.0,0.0,0.0,0.0,0.0,0.0
1879,80,IC Stud ,1.43,8.14,0.0,0.11,7.32,0.0,0.29,1.59,0.0,0.0,67.11,0.0,0.0,0.0,14.01,0.0,0.0,0.0,0.0,0.0,0.0,0.0
1880,81,IC Stud ,1.98,11.14,0.0,0.11,5.44,0.0,0.31,1.48,0.0,0.0,65.72,0.0,0.0,0.0,13.82,0.0,0.0,0.0,0.0,0.0,0.0,0.0
1881,82,IC Stud ,1.94,9.31,0.0,0.13,7.59,0.0,0.36,1.49,0.0,0.0,68.92,0.0,0.0,0.0,10.26,0.0,0.0,0.0,0.0,0.0,0.0,0.0
1882,83,IC Stud ,1.71,10.99,0.0,0.12,7.4,0.0,0.31,1.62,0.0,0.0,65.48,0.0,0.0,0.0,12.37,0.0,0.0,0.0,0.0,0.0,0.0,0.0
1883,84,IC Stud ,2.3,10.06,0.0,0.1,7.88,0.0,0.32,1.15,0.0,0.0,62.77,0.0,0.0,0.0,15.42,0.0,0.0,0.0,0.0,0.0,0.0,0.0
1884,85,IC Stud ,1.79,10.5,0.0,0.13,6.07,0.0,0.26,1.59,0.0,0.0,64.94,0.0,0.0,0.0,14.72,0.0,0.0,0.0,0.0,0.0,0.0,0.0
1885,86,IC Stud ,1.99,9.88,0.0,0.11,6.51,0.0,0.35,1.4,0.0,0.0,63.7,0.0,0.0,0.0,16.06,0.0,0.0,0.0,0.0,0.0,0.0,0.0
1886,87,IC Stud ,1.91,9.77,0.0,0.12,6.53,0.0,0.24,1.44,0.0,0.0,67.33,0.0,0.0,0.0,12.66,0.0,0.0,0.0,0.0,0.0,0.0,0.0
1887,88,IC Stud ,1.53,10.1,0.0,0.12,6.25,0.0,0.36,1.23,0.0,0.0,65.1,0.0,0.0,0.0,15.31,0.0,0.0,0.0,0.0,0.0,0.0,0.0
1888,89,IC Stud ,1.52,9.86,0.0,0.1,5.16,0.0,0.27,1.63,0.0,0.0,67.57,0.0,0.0,0.0,13.89,0.0,0.0,0.0,0.0,0.0,0.0,0.0
1889,90,IC Stud ,1.95,9.86,0.0,0.15,6.65,0.0,0.27,1.56,0.0,0.0,66.6,0.0,0.0,0.0,12.96,0.0,0.0,0.0,0.0,0.0,0.0,0.0
1890,91,IC Stud ,1.78,8.27,0.0,0.11,6.38,0.0,0.27,1.14,0.0,0.0,65.67,0.0,0.0,0.0,16.38,0.0,0.0,0.0,0.0,0.0,0.0,0.0
1891,92,IC Stud ,1.87,10.83,0.0,0.14,7.3,0.0,0.34,1.5,0.0,0.0,63.87,0.0,0.0,0.0,14.15,0.0,0.0,0.0,0.0,0.0,0.0,0.0
1892,93,IC Stud ,1.65,9.13,0.0,0.13,7.21,0.0,0.31,1.48,0.0,0.0,65.78,0.0,0.0,0.0,14.31,0.0,0.0,0.0,0.0,0.0,0.0,0.0
1893,94,IC Stud ,1.62,9.24,0.0,0.13,7.1,0.0,0.27,1.42,0.0,0.0,66.71,0.0,0.0,0.0,13.51,0.0,0.0,0.0,0.0,0.0,0.0,0.0
1894,95,IC Stud ,1.96,11.07,0.0,0.14,5.89,0.0,0.34,1.28,0.0,0.0,66.46,0.0,0.0,0.0,12.86,0.0,0.0,0.0,0.0,0.0,0.0,0.0
1895,96,IC Stud ,2.17,7.88,0.0,0.12,6.37,0.0,0.24,1.38,0.0,0.0,68.03,0.0,0.0,0.0,13.81,0.0,0.0,0.0,0.0,0.0,0.0,0.0
1896,97,IC Stud ,1.81,11.79,0.0,0.11,6.3,0.0,0.29,1.46,0.0,0.0,62.76,0.0,0.0,0.0,15.48,0.0,0.0,0.0,0.0,0.0,0.0,0.0
1897,1,Locking Sleeve,11.0,1.68,0.0,0.34,0.0,0.0,16.29,1.05,10.17,0.0,59.47,0.0,0.0,0.0,0.0,0.0,0.0,0.0,0.0,0.0,0.0,0.0
1898,2,Locking Sleeve,11.37,1.83,0.0,0.38,0.0,0.0,16.61,1.16,10.59,0.0,58.06,0.0,0.0,0.0,0.0,0.0,0.0,0.0,0.0,0.0,0.0,0.0
1899,3,Locking Sleeve,10.08,1.8,0.0,0.41,0.0,0.0,17.66,1.04,10.63,0.0,58.38,0.0,0.0,0.0,0.0,0.0,0.0,0.0,0.0,0.0,0.0,0.0
1900,4,Locking Sleeve,12.01,1.82,0.0,0.43,0.0,0.0,17.47,0.93,9.81,0.0,57.53,0.0,0.0,0.0,0.0,0.0,0.0,0.0,0.0,0.0,0.0,0.0
1901,5,Locking Sleeve,13.3,1.92,0.0,0.41,0.0,0.0,17.69,0.92,10.63,0.0,55.13,0.0,0.0,0.0,0.0,0.0,0.0,0.0,0.0,0.0,0.0,0.0
1902,6,Locking Sleeve,10.54,1.87,0.0,0.41,0.0,0.0,17.61,0.93,10.57,0.0,58.07,0.0,0.0,0.0,0.0,0.0,0.0,0.0,0.0,0.0,0.0,0.0
1903,7,Locking Sleeve,9.63,1.77,0.0,0.35,0.0,0.0,17.81,1.07,9.8,0.0,59.57,0.0,0.0,0.0,0.0,0.0,0.0,0.0,0.0,0.0,0.0,0.0
1904,8,Locking Sleeve,10.32,2.24,0.0,0.32,0.0,0.0,17.39,1.11,10.64,0.0,57.98,0.0,0.0,0.0,0.0,0.0,0.0,0.0,0.0,0.0,0.0,0.0
1905,9,Locking Sleeve,11.43,1.56,0.0,0.39,0.0,0.0,16.67,0.8,9.63,0.0,59.52,0.0,0.0,0.0,0.0,0.0,0.0,0.0,0.0,0.0,0.0,0.0
1906,10,Locking Sleeve,12.28,1.92,0.0,0.46,0.0,0.0,17.49,0.96,10.41,0.0,56.48,0.0,0.0,0.0,0.0,0.0,0.0,0.0,0.0,0.0,0.0,0.0
1907,11,Locking Sleeve,10.28,1.48,0.0,0.37,0.0,0.0,16.96,0.96,9.81,0.0,60.14,0.0,0.0,0.0,0.0,0.0,0.0,0.0,0.0,0.0,0.0,0.0
1908,12,Locking Sleeve,11.27,2.05,0.0,0.42,0.0,0.0,19.25,0.99,10.31,0.0,55.71,0.0,0.0,0.0,0.0,0.0,0.0,0.0,0.0,0.0,0.0,0.0
1909,13,Locking Sleeve,10.45,1.87,0.0,0.44,0.0,0.0,16.7,1.11,9.57,0.0,59.86,0.0,0.0,0.0,0.0,0.0,0.0,0.0,0.0,0.0,0.0,0.0
1910,14,Locking Sleeve,14.97,1.92,0.0,0.4,0.0,0.0,16.24,0.69,9.49,0.0,56.29,0.0,0.0,0.0,0.0,0.0,0.0,0.0,0.0,0.0,0.0,0.0
1911,15,Locking Sleeve,11.07,1.82,0.0,0.44,0.0,0.0,17.73,0.96,10.93,0.0,57.05,0.0,0.0,0.0,0.0,0.0,0.0,0.0,0.0,0.0,0.0,0.0
1912,16,Locking Sleeve,13.36,1.94,0.0,0.42,0.0,0.0,18.5,0.95,10.99,0.0,53.84,0.0,0.0,0.0,0.0,0.0,0.0,0.0,0.0,0.0,0.0,0.0
1913,17,Locking Sleeve,13.45,1.48,0.0,0.55,0.0,0.0,16.55,1.01,9.83,0.0,57.13,0.0,0.0,0.0,0.0,0.0,0.0,0.0,0.0,0.0,0.0,0.0
1914,18,Locking Sleeve,11.41,1.91,0.0,0.43,0.0,0.0,17.82,1.0,10.58,0.0,56.85,0.0,0.0,0.0,0.0,0.0,0.0,0.0,0.0,0.0,0.0,0.0
1915,19,Locking Sleeve,12.31,1.93,0.0,0.51,0.0,0.0,16.58,0.92,10.24,0.0,57.51,0.0,0.0,0.0,0.0,0.0,0.0,0.0,0.0,0.0,0.0,0.0
1916,20,Locking Sleeve,11.53,1.5,0.0,0.41,0.0,0.0,17.65,1.07,10.29,0.0,57.55,0.0,0.0,0.0,0.0,0.0,0.0,0.0,0.0,0.0,0.0,0.0
1917,21,Locking Sleeve,13.26,1.66,0.0,0.37,0.0,0.0,17.46,0.89,10.38,0.0,55.98,0.0,0.0,0.0,0.0,0.0,0.0,0.0,0.0,0.0,0.0,0.0
1918,22,Locking Sleeve,12.53,1.47,0.0,0.4,0.0,0.0,17.41,1.0,9.32,0.0,57.87,0.0,0.0,0.0,0.0,0.0,0.0,0.0,0.0,0.0,0.0,0.0
1919,23,Locking Sleeve,9.55,1.56,0.0,0.39,0.0,0.0,17.38,1.02,10.25,0.0,59.85,0.0,0.0,0.0,0.0,0.0,0.0,0.0,0.0,0.0,0.0,0.0
1920,24,Locking Sleeve,10.65,1.75,0.0,0.42,0.0,0.0,17.99,0.8,10.78,0.0,57.61,0.0,0.0,0.0,0.0,0.0,0.0,0.0,0.0,0.0,0.0,0.0
1921,25,Locking Sleeve,12.69,1.44,0.0,0.5,0.0,0.0,15.89,0.87,9.63,0.0,58.98,0.0,0.0,0.0,0.0,0.0,0.0,0.0,0.0,0.0,0.0,0.0
1922,26,Locking Sleeve,11.99,1.75,0.0,0.34,0.0,0.0,18.09,0.89,10.52,0.0,56.42,0.0,0.0,0.0,0.0,0.0,0.0,0.0,0.0,0.0,0.0,0.0
1923,27,Locking Sleeve,11.1,1.72,0.0,0.45,0.0,0.0,18.14,1.04,10.69,0.0,56.86,0.0,0.0,0.0,0.0,0.0,0.0,0.0,0.0,0.0,0.0,0.0
1924,28,Locking Sleeve,12.77,1.56,0.0,0.45,0.0,0.0,16.73,0.95,10.38,0.0,57.16,0.0,0.0,0.0,0.0,0.0,0.0,0.0,0.0,0.0,0.0,0.0
1925,29,Locking Sleeve,10.95,1.52,0.0,0.39,0.0,0.0,17.9,0.89,10.45,0.0,57.9,0.0,0.0,0.0,0.0,0.0,0.0,0.0,0.0,0.0,0.0,0.0
1926,30,Locking Sleeve,11.51,1.74,0.0,0.34,0.0,0.0,17.02,1.01,10.97,0.0,57.41,0.0,0.0,0.0,0.0,0.0,0.0,0.0,0.0,0.0,0.0,0.0
1927,31,Locking Sleeve,10.15,1.38,0.0,0.45,0.0,0.0,17.07,0.9,9.8,0.0,60.25,0.0,0.0,0.0,0.0,0.0,0.0,0.0,0.0,0.0,0.0,0.0
1928,32,Locking Sleeve,12.13,1.49,0.0,0.46,0.0,0.0,16.88,0.88,10.08,0.0,58.08,0.0,0.0,0.0,0.0,0.0,0.0,0.0,0.0,0.0,0.0,0.0
1929,33,Locking Sleeve,11.16,1.83,0.0,0.41,0.0,0.0,16.81,0.99,10.24,0.0,58.56,0.0,0.0,0.0,0.0,0.0,0.0,0.0,0.0,0.0,0.0,0.0
1930,34,Locking Sleeve,11.04,1.67,0.0,0.4,0.0,0.0,17.18,0.91,10.06,0.0,58.74,0.0,0.0,0.0,0.0,0.0,0.0,0.0,0.0,0.0,0.0,0.0
1931,35,Locking Sleeve,9.89,1.59,0.0,0.48,0.0,0.0,17.18,0.9,10.3,0.0,59.66,0.0,0.0,0.0,0.0,0.0,0.0,0.0,0.0,0.0,0.0,0.0
1932,36,Locking Sleeve,11.72,1.81,0.0,0.38,0.0,0.0,17.86,0.85,10.48,0.0,56.9,0.0,0.0,0.0,0.0,0.0,0.0,0.0,0.0,0.0,0.0,0.0
1933,37,Locking Sleeve,12.17,2.01,0.0,0.4,0.0,0.0,16.9,1.16,9.79,0.0,57.57,0.0,0.0,0.0,0.0,0.0,0.0,0.0,0.0,0.0,0.0,0.0
1934,38,Locking Sleeve,9.34,1.52,0.0,0.34,0.0,0.0,17.46,1.08,10.32,0.0,59.94,0.0,0.0,0.0,0.0,0.0,0.0,0.0,0.0,0.0,0.0,0.0
1935,39,Locking Sleeve,11.31,2.25,0.0,0.38,0.0,0.0,18.12,1.05,10.86,0.0,56.03,0.0,0.0,0.0,0.0,0.0,0.0,0.0,0.0,0.0,0.0,0.0
1936,40,Locking Sleeve,12.64,1.58,0.0,0.39,0.0,0.0,18.28,1.0,10.22,0.0,55.89,0.0,0.0,0.0,0.0,0.0,0.0,0.0,0.0,0.0,0.0,0.0
1937,41,Locking Sleeve,12.35,2.01,0.0,0.38,0.0,0.0,17.7,0.99,10.91,0.0,55.66,0.0,0.0,0.0,0.0,0.0,0.0,0.0,0.0,0.0,0.0,0.0
1938,42,Locking Sleeve,12.07,1.38,0.0,0.37,0.0,0.0,17.03,1.12,10.4,0.0,57.63,0.0,0.0,0.0,0.0,0.0,0.0,0.0,0.0,0.0,0.0,0.0
1939,43,Locking Sleeve,11.66,1.87,0.0,0.41,0.0,0.0,17.84,1.0,10.53,0.0,56.69,0.0,0.0,0.0,0.0,0.0,0.0,0.0,0.0,0.0,0.0,0.0
1940,44,Locking Sleeve,11.26,1.55,0.0,0.44,0.0,0.0,18.08,1.03,9.72,0.0,57.92,0.0,0.0,0.0,0.0,0.0,0.0,0.0,0.0,0.0,0.0,0.0
1941,45,Locking Sleeve,11.32,1.81,0.0,0.48,0.0,0.0,16.71,1.04,10.29,0.0,58.35,0.0,0.0,0.0,0.0,0.0,0.0,0.0,0.0,0.0,0.0,0.0
1942,46,Locking Sleeve,11.22,2.19,0.0,0.4,0.0,0.0,18.69,0.93,10.24,0.0,56.33,0.0,0.0,0.0,0.0,0.0,0.0,0.0,0.0,0.0,0.0,0.0
1943,47,Locking Sleeve,12.12,1.92,0.0,0.4,0.0,0.0,16.45,1.16,10.05,0.0,57.9,0.0,0.0,0.0,0.0,0.0,0.0,0.0,0.0,0.0,0.0,0.0
1944,48,Locking Sleeve,10.98,2.11,0.0,0.34,0.0,0.0,15.97,1.16,9.63,0.0,59.81,0.0,0.0,0.0,0.0,0.0,0.0,0.0,0.0,0.0,0.0,0.0
1945,49,Locking Sleeve,10.29,1.72,0.0,0.52,0.0,0.0,17.9,1.03,10.29,0.0,58.25,0.0,0.0,0.0,0.0,0.0,0.0,0.0,0.0,0.0,0.0,0.0
1946,50,Locking Sleeve,12.17,1.73,0.0,0.42,0.0,0.0,17.81,0.98,10.79,0.0,56.1,0.0,0.0,0.0,0.0,0.0,0.0,0.0,0.0,0.0,0.0,0.0
1947,51,Locking Sleeve,13.02,1.8,0.0,0.4,0.0,0.0,18.71,1.1,10.59,0.0,54.38,0.0,0.0,0.0,0.0,0.0,0.0,0.0,0.0,0.0,0.0,0.0
1948,52,Locking Sleeve,10.95,1.74,0.0,0.35,0.0,0.0,17.0,0.78,10.29,0.0,58.89,0.0,0.0,0.0,0.0,0.0,0.0,0.0,0.0,0.0,0.0,0.0
1949,53,Locking Sleeve,8.95,1.97,0.0,0.34,0.0,0.0,18.23,1.05,11.01,0.0,58.45,0.0,0.0,0.0,0.0,0.0,0.0,0.0,0.0,0.0,0.0,0.0
1950,54,Locking Sleeve,12.9,1.79,0.0,0.42,0.0,0.0,16.39,0.91,9.86,0.0,57.73,0.0,0.0,0.0,0.0,0.0,0.0,0.0,0.0,0.0,0.0,0.0
1951,55,Locking Sleeve,8.49,1.67,0.0,0.46,0.0,0.0,17.49,1.33,11.12,0.0,59.44,0.0,0.0,0.0,0.0,0.0,0.0,0.0,0.0,0.0,0.0,0.0
1952,56,Locking Sleeve,9.99,1.6,0.0,0.37,0.0,0.0,17.89,0.94,10.44,0.0,58.77,0.0,0.0,0.0,0.0,0.0,0.0,0.0,0.0,0.0,0.0,0.0
1953,57,Locking Sleeve,10.61,2.11,0.0,0.42,0.0,0.0,19.59,0.75,10.59,0.0,55.93,0.0,0.0,0.0,0.0,0.0,0.0,0.0,0.0,0.0,0.0,0.0
1954,58,Locking Sleeve,12.18,1.45,0.0,0.49,0.0,0.0,17.22,1.05,10.98,0.0,56.63,0.0,0.0,0.0,0.0,0.0,0.0,0.0,0.0,0.0,0.0,0.0
1955,59,Locking Sleeve,11.19,1.84,0.0,0.37,0.0,0.0,16.9,1.13,10.13,0.0,58.44,0.0,0.0,0.0,0.0,0.0,0.0,0.0,0.0,0.0,0.0,0.0
1956,60,Locking Sleeve,12.63,1.61,0.0,0.31,0.0,0.0,18.23,0.92,9.73,0.0,56.57,0.0,0.0,0.0,0.0,0.0,0.0,0.0,0.0,0.0,0.0,0.0
1957,61,Locking Sleeve,10.57,1.68,0.0,0.47,0.0,0.0,19.27,0.87,11.12,0.0,56.02,0.0,0.0,0.0,0.0,0.0,0.0,0.0,0.0,0.0,0.0,0.0
1958,62,Locking Sleeve,10.72,1.6,0.0,0.38,0.0,0.0,17.59,0.92,10.08,0.0,58.71,0.0,0.0,0.0,0.0,0.0,0.0,0.0,0.0,0.0,0.0,0.0
1959,63,Locking Sleeve,10.09,1.76,0.0,0.32,0.0,0.0,17.98,1.17,9.85,0.0,58.83,0.0,0.0,0.0,0.0,0.0,0.0,0.0,0.0,0.0,0.0,0.0
1960,64,Locking Sleeve,10.45,1.83,0.0,0.42,0.0,0.0,17.27,1.09,10.19,0.0,58.75,0.0,0.0,0.0,0.0,0.0,0.0,0.0,0.0,0.0,0.0,0.0
1961,65,Locking Sleeve,11.12,1.87,0.0,0.36,0.0,0.0,18.1,0.91,10.49,0.0,57.15,0.0,0.0,0.0,0.0,0.0,0.0,0.0,0.0,0.0,0.0,0.0
1962,66,Locking Sleeve,12.24,1.56,0.0,0.38,0.0,0.0,16.46,0.77,10.04,0.0,58.55,0.0,0.0,0.0,0.0,0.0,0.0,0.0,0.0,0.0,0.0,0.0
1963,67,Locking Sleeve,12.42,1.96,0.0,0.33,0.0,0.0,16.87,0.93,9.75,0.0,57.74,0.0,0.0,0.0,0.0,0.0,0.0,0.0,0.0,0.0,0.0,0.0
1964,68,Locking Sleeve,12.26,1.89,0.0,0.45,0.0,0.0,15.73,0.82,9.56,0.0,59.29,0.0,0.0,0.0,0.0,0.0,0.0,0.0,0.0,0.0,0.0,0.0
1965,69,Locking Sleeve,9.32,1.85,0.0,0.4,0.0,0.0,19.17,1.04,9.95,0.0,58.27,0.0,0.0,0.0,0.0,0.0,0.0,0.0,0.0,0.0,0.0,0.0
1966,70,Locking Sleeve,11.29,2.03,0.0,0.41,0.0,0.0,17.05,0.86,10.25,0.0,58.11,0.0,0.0,0.0,0.0,0.0,0.0,0.0,0.0,0.0,0.0,0.0
1967,71,Locking Sleeve,9.59,2.03,0.0,0.38,0.0,0.0,16.01,0.88,10.74,0.0,60.37,0.0,0.0,0.0,0.0,0.0,0.0,0.0,0.0,0.0,0.0,0.0
1968,72,Locking Sleeve,11.86,2.23,0.0,0.48,0.0,0.0,18.77,1.12,10.38,0.0,55.16,0.0,0.0,0.0,0.0,0.0,0.0,0.0,0.0,0.0,0.0,0.0
1969,73,Locking Sleeve,11.02,1.69,0.0,0.32,0.0,0.0,16.46,0.87,10.33,0.0,59.31,0.0,0.0,0.0,0.0,0.0,0.0,0.0,0.0,0.0,0.0,0.0
1970,74,Locking Sleeve,13.41,1.62,0.0,0.5,0.0,0.0,16.44,1.02,10.01,0.0,57.0,0.0,0.0,0.0,0.0,0.0,0.0,0.0,0.0,0.0,0.0,0.0
1971,75,Locking Sleeve,10.81,1.41,0.0,0.41,0.0,0.0,16.44,0.98,10.28,0.0,59.67,0.0,0.0,0.0,0.0,0.0,0.0,0.0,0.0,0.0,0.0,0.0
1972,76,Locking Sleeve,11.5,2.14,0.0,0.38,0.0,0.0,18.55,1.04,10.97,0.0,55.42,0.0,0.0,0.0,0.0,0.0,0.0,0.0,0.0,0.0,0.0,0.0
1973,77,Locking Sleeve,10.85,1.74,0.0,0.44,0.0,0.0,16.67,1.06,9.99,0.0,59.25,0.0,0.0,0.0,0.0,0.0,0.0,0.0,0.0,0.0,0.0,0.0
1974,78,Locking Sleeve,8.77,1.79,0.0,0.48,0.0,0.0,16.84,1.02,10.72,0.0,60.38,0.0,0.0,0.0,0.0,0.0,0.0,0.0,0.0,0.0,0.0,0.0
1975,79,Locking Sleeve,13.22,2.05,0.0,0.4,0.0,0.0,16.39,0.84,9.7,0.0,57.4,0.0,0.0,0.0,0.0,0.0,0.0,0.0,0.0,0.0,0.0,0.0
1976,80,Locking Sleeve,10.9,1.84,0.0,0.4,0.0,0.0,16.97,1.27,10.22,0.0,58.4,0.0,0.0,0.0,0.0,0.0,0.0,0.0,0.0,0.0,0.0,0.0
1977,81,Locking Sleeve,11.89,1.69,0.0,0.42,0.0,0.0,16.64,1.08,10.0,0.0,58.28,0.0,0.0,0.0,0.0,0.0,0.0,0.0,0.0,0.0,0.0,0.0
1978,82,Locking Sleeve,11.46,1.74,0.0,0.47,0.0,0.0,18.0,0.67,10.92,0.0,56.74,0.0,0.0,0.0,0.0,0.0,0.0,0.0,0.0,0.0,0.0,0.0
1979,83,Locking Sleeve,14.32,1.84,0.0,0.52,0.0,0.0,17.0,0.9,10.65,0.0,54.77,0.0,0.0,0.0,0.0,0.0,0.0,0.0,0.0,0.0,0.0,0.0
1980,84,Locking Sleeve,9.83,1.97,0.0,0.38,0.0,0.0,17.25,0.71,10.31,0.0,59.55,0.0,0.0,0.0,0.0,0.0,0.0,0.0,0.0,0.0,0.0,0.0
1981,85,Locking Sleeve,9.44,1.68,0.0,0.43,0.0,0.0,17.88,0.88,11.01,0.0,58.68,0.0,0.0,0.0,0.0,0.0,0.0,0.0,0.0,0.0,0.0,0.0
1982,86,Locking Sleeve,12.48,1.94,0.0,0.42,0.0,0.0,16.73,1.15,9.72,0.0,57.56,0.0,0.0,0.0,0.0,0.0,0.0,0.0,0.0,0.0,0.0,0.0
1983,87,Locking Sleeve,10.91,1.74,0.0,0.51,0.0,0.0,16.53,1.1,10.29,0.0,58.92,0.0,0.0,0.0,0.0,0.0,0.0,0.0,0.0,0.0,0.0,0.0
1984,88,Locking Sleeve,11.05,2.03,0.0,0.36,0.0,0.0,18.09,0.93,10.0,0.0,57.54,0.0,0.0,0.0,0.0,0.0,0.0,0.0,0.0,0.0,0.0,0.0
1985,89,Locking Sleeve,10.53,1.89,0.0,0.49,0.0,0.0,18.43,1.21,11.46,0.0,55.99,0.0,0.0,0.0,0.0,0.0,0.0,0.0,0.0,0.0,0.0,0.0
1986,90,Locking Sleeve,11.88,1.57,0.0,0.4,0.0,0.0,17.88,1.05,10.73,0.0,56.49,0.0,0.0,0.0,0.0,0.0,0.0,0.0,0.0,0.0,0.0,0.0
1987,91,Locking Sleeve,12.11,1.91,0.0,0.44,0.0,0.0,17.36,1.25,10.91,0.0,56.02,0.0,0.0,0.0,0.0,0.0,0.0,0.0,0.0,0.0,0.0,0.0
1988,92,Locking Sleeve,13.53,1.75,0.0,0.48,0.0,0.0,17.57,0.92,10.67,0.0,55.08,0.0,0.0,0.0,0.0,0.0,0.0,0.0,0.0,0.0,0.0,0.0
1989,93,Locking Sleeve,12.43,1.42,0.0,0.42,0.0,0.0,15.68,1.11,10.53,0.0,58.41,0.0,0.0,0.0,0.0,0.0,0.0,0.0,0.0,0.0,0.0,0.0
1990,94,Locking Sleeve,10.52,1.84,0.0,0.38,0.0,0.0,18.17,0.88,10.76,0.0,57.45,0.0,0.0,0.0,0.0,0.0,0.0,0.0,0.0,0.0,0.0,0.0
1991,95,Locking Sleeve,10.79,1.73,0.0,0.4,0.0,0.0,18.76,1.05,9.94,0.0,57.33,0.0,0.0,0.0,0.0,0.0,0.0,0.0,0.0,0.0,0.0,0.0
1992,96,Locking Sleeve,15.27,2.12,0.0,0.42,0.0,0.0,15.61,0.88,9.85,0.0,55.85,0.0,0.0,0.0,0.0,0.0,0.0,0.0,0.0,0.0,0.0,0.0
1993,97,Locking Sleeve,12.24,2.59,0.0,0.37,0.0,0.0,17.55,0.8,10.83,0.0,55.62,0.0,0.0,0.0,0.0,0.0,0.0,0.0,0.0,0.0,0.0,0.0
1994,1,M&M HPP Component,1.81,1.41,0.0,0.2,0.0,0.0,0.0,0.86,0.0,0.0,95.72,0.0,0.0,0.0,0.0,0.0,0.0,0.0,0.0,0.0,0.0,0.0
1995,2,M&M HPP Component,1.85,1.28,0.0,0.24,0.0,0.0,0.0,0.97,0.0,0.0,95.66,0.0,0.0,0.0,0.0,0.0,0.0,0.0,0.0,0.0,0.0,0.0
1996,3,M&M HPP Component,1.94,1.18,0.0,0.2,0.0,0.0,0.0,0.9,0.0,0.0,95.78,0.0,0.0,0.0,0.0,0.0,0.0,0.0,0.0,0.0,0.0,0.0
1997,4,M&M HPP Component,2.19,1.21,0.0,0.2,0.0,0.0,0.0,0.87,0.0,0.0,95.53,0.0,0.0,0.0,0.0,0.0,0.0,0.0,0.0,0.0,0.0,0.0
1998,5,M&M HPP Component,1.81,1.21,0.0,0.19,0.0,0.0,0.0,0.93,0.0,0.0,95.86,0.0,0.0,0.0,0.0,0.0,0.0,0.0,0.0,0.0,0.0,0.0
1999,6,M&M HPP Component,2.19,1.07,0.0,0.24,0.0,0.0,0.0,1.02,0.0,0.0,95.48,0.0,0.0,0.0,0.0,0.0,0.0,0.0,0.0,0.0,0.0,0.0
2000,7,M&M HPP Component,2.2,1.13,0.0,0.18,0.0,0.0,0.0,1.02,0.0,0.0,95.47,0.0,0.0,0.0,0.0,0.0,0.0,0.0,0.0,0.0,0.0,0.0
2001,8,M&M HPP Component,2.13,0.95,0.0,0.22,0.0,0.0,0.0,1.0,0.0,0.0,95.7,0.0,0.0,0.0,0.0,0.0,0.0,0.0,0.0,0.0,0.0,0.0
2002,9,M&M HPP Component,1.85,1.03,0.0,0.25,0.0,0.0,0.0,0.98,0.0,0.0,95.89,0.0,0.0,0.0,0.0,0.0,0.0,0.0,0.0,0.0,0.0,0.0
2003,10,M&M HPP Component,2.58,1.21,0.0,0.17,0.0,0.0,0.0,0.98,0.0,0.0,95.06,0.0,0.0,0.0,0.0,0.0,0.0,0.0,0.0,0.0,0.0,0.0
2004,11,M&M HPP Component,2.05,1.09,0.0,0.27,0.0,0.0,0.0,1.06,0.0,0.0,95.53,0.0,0.0,0.0,0.0,0.0,0.0,0.0,0.0,0.0,0.0,0.0
2005,12,M&M HPP Component,1.77,1.03,0.0,0.2,0.0,0.0,0.0,0.92,0.0,0.0,96.08,0.0,0.0,0.0,0.0,0.0,0.0,0.0,0.0,0.0,0.0,0.0
2006,13,M&M HPP Component,2.38,1.25,0.0,0.22,0.0,0.0,0.0,0.76,0.0,0.0,95.39,0.0,0.0,0.0,0.0,0.0,0.0,0.0,0.0,0.0,0.0,0.0
2007,14,M&M HPP Component,1.81,1.09,0.0,0.19,0.0,0.0,0.0,0.91,0.0,0.0,96.0,0.0,0.0,0.0,0.0,0.0,0.0,0.0,0.0,0.0,0.0,0.0
2008,15,M&M HPP Component,2.03,1.06,0.0,0.22,0.0,0.0,0.0,0.8,0.0,0.0,95.89,0.0,0.0,0.0,0.0,0.0,0.0,0.0,0.0,0.0,0.0,0.0
2009,16,M&M HPP Component,1.96,1.04,0.0,0.18,0.0,0.0,0.0,0.89,0.0,0.0,95.93,0.0,0.0,0.0,0.0,0.0,0.0,0.0,0.0,0.0,0.0,0.0
2010,17,M&M HPP Component,2.08,1.26,0.0,0.22,0.0,0.0,0.0,0.89,0.0,0.0,95.55,0.0,0.0,0.0,0.0,0.0,0.0,0.0,0.0,0.0,0.0,0.0
2011,18,M&M HPP Component,2.16,1.0,0.0,0.22,0.0,0.0,0.0,0.95,0.0,0.0,95.67,0.0,0.0,0.0,0.0,0.0,0.0,0.0,0.0,0.0,0.0,0.0
2012,19,M&M HPP Component,1.93,1.11,0.0,0.25,0.0,0.0,0.0,0.94,0.0,0.0,95.77,0.0,0.0,0.0,0.0,0.0,0.0,0.0,0.0,0.0,0.0,0.0
2013,20,M&M HPP Component,1.79,1.16,0.0,0.21,0.0,0.0,0.0,0.89,0.0,0.0,95.95,0.0,0.0,0.0,0.0,0.0,0.0,0.0,0.0,0.0,0.0,0.0
2014,21,M&M HPP Component,2.28,1.2,0.0,0.21,0.0,0.0,0.0,1.01,0.0,0.0,95.3,0.0,0.0,0.0,0.0,0.0,0.0,0.0,0.0,0.0,0.0,0.0
2015,22,M&M HPP Component,1.77,1.08,0.0,0.24,0.0,0.0,0.0,0.89,0.0,0.0,96.02,0.0,0.0,0.0,0.0,0.0,0.0,0.0,0.0,0.0,0.0,0.0
2016,23,M&M HPP Component,2.29,1.36,0.0,0.25,0.0,0.0,0.0,1.05,0.0,0.0,95.05,0.0,0.0,0.0,0.0,0.0,0.0,0.0,0.0,0.0,0.0,0.0
2017,24,M&M HPP Component,2.4,1.2,0.0,0.2,0.0,0.0,0.0,1.05,0.0,0.0,95.15,0.0,0.0,0.0,0.0,0.0,0.0,0.0,0.0,0.0,0.0,0.0
2018,25,M&M HPP Component,2.19,1.27,0.0,0.26,0.0,0.0,0.0,0.84,0.0,0.0,95.44,0.0,0.0,0.0,0.0,0.0,0.0,0.0,0.0,0.0,0.0,0.0
2019,26,M&M HPP Component,2.19,1.11,0.0,0.23,0.0,0.0,0.0,0.9,0.0,0.0,95.57,0.0,0.0,0.0,0.0,0.0,0.0,0.0,0.0,0.0,0.0,0.0
2020,27,M&M HPP Component,1.53,1.25,0.0,0.23,0.0,0.0,0.0,1.17,0.0,0.0,95.82,0.0,0.0,0.0,0.0,0.0,0.0,0.0,0.0,0.0,0.0,0.0
2021,28,M&M HPP Component,1.99,1.1,0.0,0.25,0.0,0.0,0.0,0.93,0.0,0.0,95.73,0.0,0.0,0.0,0.0,0.0,0.0,0.0,0.0,0.0,0.0,0.0
2022,29,M&M HPP Component,2.2,0.94,0.0,0.2,0.0,0.0,0.0,0.91,0.0,0.0,95.75,0.0,0.0,0.0,0.0,0.0,0.0,0.0,0.0,0.0,0.0,0.0
2023,30,M&M HPP Component,2.14,1.14,0.0,0.22,0.0,0.0,0.0,0.9,0.0,0.0,95.6,0.0,0.0,0.0,0.0,0.0,0.0,0.0,0.0,0.0,0.0,0.0
2024,31,M&M HPP Component,1.62,1.15,0.0,0.24,0.0,0.0,0.0,0.82,0.0,0.0,96.17,0.0,0.0,0.0,0.0,0.0,0.0,0.0,0.0,0.0,0.0,0.0
2025,32,M&M HPP Component,2.11,1.12,0.0,0.24,0.0,0.0,0.0,1.02,0.0,0.0,95.51,0.0,0.0,0.0,0.0,0.0,0.0,0.0,0.0,0.0,0.0,0.0
2026,33,M&M HPP Component,1.96,1.15,0.0,0.19,0.0,0.0,0.0,0.98,0.0,0.0,95.72,0.0,0.0,0.0,0.0,0.0,0.0,0.0,0.0,0.0,0.0,0.0
2027,34,M&M HPP Component,1.84,1.3,0.0,0.21,0.0,0.0,0.0,0.72,0.0,0.0,95.93,0.0,0.0,0.0,0.0,0.0,0.0,0.0,0.0,0.0,0.0,0.0
2028,35,M&M HPP Component,2.31,1.15,0.0,0.26,0.0,0.0,0.0,0.94,0.0,0.0,95.34,0.0,0.0,0.0,0.0,0.0,0.0,0.0,0.0,0.0,0.0,0.0
2029,36,M&M HPP Component,1.99,1.22,0.0,0.21,0.0,0.0,0.0,0.8,0.0,0.0,95.78,0.0,0.0,0.0,0.0,0.0,0.0,0.0,0.0,0.0,0.0,0.0
2030,37,M&M HPP Component,2.57,1.22,0.0,0.22,0.0,0.0,0.0,1.18,0.0,0.0,94.81,0.0,0.0,0.0,0.0,0.0,0.0,0.0,0.0,0.0,0.0,0.0
2031,38,M&M HPP Component,2.8,1.0,0.0,0.18,0.0,0.0,0.0,0.78,0.0,0.0,95.24,0.0,0.0,0.0,0.0,0.0,0.0,0.0,0.0,0.0,0.0,0.0
2032,39,M&M HPP Component,1.99,1.09,0.0,0.22,0.0,0.0,0.0,0.98,0.0,0.0,95.72,0.0,0.0,0.0,0.0,0.0,0.0,0.0,0.0,0.0,0.0,0.0
2033,40,M&M HPP Component,2.26,1.25,0.0,0.22,0.0,0.0,0.0,1.13,0.0,0.0,95.14,0.0,0.0,0.0,0.0,0.0,0.0,0.0,0.0,0.0,0.0,0.0
2034,41,M&M HPP Component,2.25,0.88,0.0,0.18,0.0,0.0,0.0,0.82,0.0,0.0,95.87,0.0,0.0,0.0,0.0,0.0,0.0,0.0,0.0,0.0,0.0,0.0
2035,42,M&M HPP Component,2.27,0.98,0.0,0.2,0.0,0.0,0.0,1.04,0.0,0.0,95.51,0.0,0.0,0.0,0.0,0.0,0.0,0.0,0.0,0.0,0.0,0.0
2036,43,M&M HPP Component,2.35,1.06,0.0,0.21,0.0,0.0,0.0,0.8,0.0,0.0,95.58,0.0,0.0,0.0,0.0,0.0,0.0,0.0,0.0,0.0,0.0,0.0
2037,44,M&M HPP Component,2.39,1.22,0.0,0.18,0.0,0.0,0.0,0.94,0.0,0.0,95.27,0.0,0.0,0.0,0.0,0.0,0.0,0.0,0.0,0.0,0.0,0.0
2038,45,M&M HPP Component,2.09,1.1,0.0,0.26,0.0,0.0,0.0,1.2,0.0,0.0,95.35,0.0,0.0,0.0,0.0,0.0,0.0,0.0,0.0,0.0,0.0,0.0
2039,46,M&M HPP Component,1.76,1.18,0.0,0.22,0.0,0.0,0.0,1.01,0.0,0.0,95.83,0.0,0.0,0.0,0.0,0.0,0.0,0.0,0.0,0.0,0.0,0.0
2040,47,M&M HPP Component,2.14,1.56,0.0,0.19,0.0,0.0,0.0,0.99,0.0,0.0,95.12,0.0,0.0,0.0,0.0,0.0,0.0,0.0,0.0,0.0,0.0,0.0
2041,48,M&M HPP Component,2.14,1.14,0.0,0.28,0.0,0.0,0.0,1.03,0.0,0.0,95.41,0.0,0.0,0.0,0.0,0.0,0.0,0.0,0.0,0.0,0.0,0.0
2042,49,M&M HPP Component,1.71,1.19,0.0,0.15,0.0,0.0,0.0,0.85,0.0,0.0,96.1,0.0,0.0,0.0,0.0,0.0,0.0,0.0,0.0,0.0,0.0,0.0
2043,50,M&M HPP Component,2.56,1.14,0.0,0.2,0.0,0.0,0.0,0.95,0.0,0.0,95.15,0.0,0.0,0.0,0.0,0.0,0.0,0.0,0.0,0.0,0.0,0.0
2044,51,M&M HPP Component,2.21,1.29,0.0,0.22,0.0,0.0,0.0,0.88,0.0,0.0,95.4,0.0,0.0,0.0,0.0,0.0,0.0,0.0,0.0,0.0,0.0,0.0
2045,52,M&M HPP Component,2.81,1.25,0.0,0.22,0.0,0.0,0.0,0.86,0.0,0.0,94.86,0.0,0.0,0.0,0.0,0.0,0.0,0.0,0.0,0.0,0.0,0.0
2046,53,M&M HPP Component,2.25,1.26,0.0,0.22,0.0,0.0,0.0,0.94,0.0,0.0,95.33,0.0,0.0,0.0,0.0,0.0,0.0,0.0,0.0,0.0,0.0,0.0
2047,54,M&M HPP Component,1.93,1.05,0.0,0.2,0.0,0.0,0.0,0.93,0.0,0.0,95.89,0.0,0.0,0.0,0.0,0.0,0.0,0.0,0.0,0.0,0.0,0.0
2048,55,M&M HPP Component,2.14,1.16,0.0,0.22,0.0,0.0,0.0,0.85,0.0,0.0,95.63,0.0,0.0,0.0,0.0,0.0,0.0,0.0,0.0,0.0,0.0,0.0
2049,56,M&M HPP Component,1.87,1.18,0.0,0.22,0.0,0.0,0.0,1.0,0.0,0.0,95.73,0.0,0.0,0.0,0.0,0.0,0.0,0.0,0.0,0.0,0.0,0.0
2050,57,M&M HPP Component,1.95,1.11,0.0,0.22,0.0,0.0,0.0,0.9,0.0,0.0,95.82,0.0,0.0,0.0,0.0,0.0,0.0,0.0,0.0,0.0,0.0,0.0
2051,58,M&M HPP Component,2.13,0.98,0.0,0.25,0.0,0.0,0.0,0.94,0.0,0.0,95.7,0.0,0.0,0.0,0.0,0.0,0.0,0.0,0.0,0.0,0.0,0.0
2052,59,M&M HPP Component,1.84,1.26,0.0,0.18,0.0,0.0,0.0,0.97,0.0,0.0,95.75,0.0,0.0,0.0,0.0,0.0,0.0,0.0,0.0,0.0,0.0,0.0
2053,60,M&M HPP Component,1.71,1.07,0.0,0.21,0.0,0.0,0.0,1.1,0.0,0.0,95.91,0.0,0.0,0.0,0.0,0.0,0.0,0.0,0.0,0.0,0.0,0.0
2054,61,M&M HPP Component,2.04,1.21,0.0,0.2,0.0,0.0,0.0,0.7,0.0,0.0,95.85,0.0,0.0,0.0,0.0,0.0,0.0,0.0,0.0,0.0,0.0,0.0
2055,62,M&M HPP Component,1.86,1.02,0.0,0.2,0.0,0.0,0.0,1.02,0.0,0.0,95.9,0.0,0.0,0.0,0.0,0.0,0.0,0.0,0.0,0.0,0.0,0.0
2056,63,M&M HPP Component,2.52,1.21,0.0,0.25,0.0,0.0,0.0,0.99,0.0,0.0,95.03,0.0,0.0,0.0,0.0,0.0,0.0,0.0,0.0,0.0,0.0,0.0
2057,64,M&M HPP Component,2.07,1.19,0.0,0.23,0.0,0.0,0.0,1.15,0.0,0.0,95.36,0.0,0.0,0.0,0.0,0.0,0.0,0.0,0.0,0.0,0.0,0.0
2058,65,M&M HPP Component,2.33,1.09,0.0,0.22,0.0,0.0,0.0,0.89,0.0,0.0,95.47,0.0,0.0,0.0,0.0,0.0,0.0,0.0,0.0,0.0,0.0,0.0
2059,66,M&M HPP Component,1.72,1.17,0.0,0.24,0.0,0.0,0.0,1.11,0.0,0.0,95.76,0.0,0.0,0.0,0.0,0.0,0.0,0.0,0.0,0.0,0.0,0.0
2060,67,M&M HPP Component,2.34,1.23,0.0,0.19,0.0,0.0,0.0,0.98,0.0,0.0,95.26,0.0,0.0,0.0,0.0,0.0,0.0,0.0,0.0,0.0,0.0,0.0
2061,68,M&M HPP Component,1.97,1.07,0.0,0.26,0.0,0.0,0.0,0.97,0.0,0.0,95.73,0.0,0.0,0.0,0.0,0.0,0.0,0.0,0.0,0.0,0.0,0.0
2062,69,M&M HPP Component,1.94,1.04,0.0,0.22,0.0,0.0,0.0,0.97,0.0,0.0,95.83,0.0,0.0,0.0,0.0,0.0,0.0,0.0,0.0,0.0,0.0,0.0
2063,70,M&M HPP Component,2.33,1.22,0.0,0.21,0.0,0.0,0.0,0.97,0.0,0.0,95.27,0.0,0.0,0.0,0.0,0.0,0.0,0.0,0.0,0.0,0.0,0.0
2064,71,M&M HPP Component,1.73,1.14,0.0,0.22,0.0,0.0,0.0,0.95,0.0,0.0,95.96,0.0,0.0,0.0,0.0,0.0,0.0,0.0,0.0,0.0,0.0,0.0
2065,72,M&M HPP Component,1.95,1.32,0.0,0.23,0.0,0.0,0.0,0.95,0.0,0.0,95.55,0.0,0.0,0.0,0.0,0.0,0.0,0.0,0.0,0.0,0.0,0.0
2066,73,M&M HPP Component,1.89,1.26,0.0,0.23,0.0,0.0,0.0,1.03,0.0,0.0,95.59,0.0,0.0,0.0,0.0,0.0,0.0,0.0,0.0,0.0,0.0,0.0
2067,74,M&M HPP Component,2.03,1.13,0.0,0.22,0.0,0.0,0.0,0.78,0.0,0.0,95.84,0.0,0.0,0.0,0.0,0.0,0.0,0.0,0.0,0.0,0.0,0.0
2068,75,M&M HPP Component,1.78,1.02,0.0,0.2,0.0,0.0,0.0,0.92,0.0,0.0,96.08,0.0,0.0,0.0,0.0,0.0,0.0,0.0,0.0,0.0,0.0,0.0
2069,76,M&M HPP Component,1.31,1.13,0.0,0.22,0.0,0.0,0.0,0.99,0.0,0.0,96.35,0.0,0.0,0.0,0.0,0.0,0.0,0.0,0.0,0.0,0.0,0.0
2070,77,M&M HPP Component,2.27,1.22,0.0,0.19,0.0,0.0,0.0,0.99,0.0,0.0,95.33,0.0,0.0,0.0,0.0,0.0,0.0,0.0,0.0,0.0,0.0,0.0
2071,78,M&M HPP Component,1.97,1.11,0.0,0.18,0.0,0.0,0.0,0.98,0.0,0.0,95.76,0.0,0.0,0.0,0.0,0.0,0.0,0.0,0.0,0.0,0.0,0.0
2072,79,M&M HPP Component,2.08,1.03,0.0,0.24,0.0,0.0,0.0,0.98,0.0,0.0,95.67,0.0,0.0,0.0,0.0,0.0,0.0,0.0,0.0,0.0,0.0,0.0
2073,80,M&M HPP Component,1.98,1.18,0.0,0.22,0.0,0.0,0.0,0.91,0.0,0.0,95.71,0.0,0.0,0.0,0.0,0.0,0.0,0.0,0.0,0.0,0.0,0.0
2074,81,M&M HPP Component,1.54,1.13,0.0,0.2,0.0,0.0,0.0,1.04,0.0,0.0,96.09,0.0,0.0,0.0,0.0,0.0,0.0,0.0,0.0,0.0,0.0,0.0
2075,82,M&M HPP Component,2.16,1.07,0.0,0.18,0.0,0.0,0.0,0.83,0.0,0.0,95.76,0.0,0.0,0.0,0.0,0.0,0.0,0.0,0.0,0.0,0.0,0.0
2076,83,M&M HPP Component,2.1,1.15,0.0,0.18,0.0,0.0,0.0,0.98,0.0,0.0,95.59,0.0,0.0,0.0,0.0,0.0,0.0,0.0,0.0,0.0,0.0,0.0
2077,84,M&M HPP Component,1.85,1.19,0.0,0.19,0.0,0.0,0.0,0.87,0.0,0.0,95.9,0.0,0.0,0.0,0.0,0.0,0.0,0.0,0.0,0.0,0.0,0.0
2078,85,M&M HPP Component,1.74,1.02,0.0,0.32,0.0,0.0,0.0,1.0,0.0,0.0,95.92,0.0,0.0,0.0,0.0,0.0,0.0,0.0,0.0,0.0,0.0,0.0
2079,86,M&M HPP Component,1.93,1.12,0.0,0.23,0.0,0.0,0.0,1.05,0.0,0.0,95.67,0.0,0.0,0.0,0.0,0.0,0.0,0.0,0.0,0.0,0.0,0.0
2080,87,M&M HPP Component,2.07,1.11,0.0,0.2,0.0,0.0,0.0,1.11,0.0,0.0,95.51,0.0,0.0,0.0,0.0,0.0,0.0,0.0,0.0,0.0,0.0,0.0
2081,88,M&M HPP Component,2.83,1.17,0.0,0.26,0.0,0.0,0.0,0.94,0.0,0.0,94.8,0.0,0.0,0.0,0.0,0.0,0.0,0.0,0.0,0.0,0.0,0.0
2082,89,M&M HPP Component,1.97,1.33,0.0,0.24,0.0,0.0,0.0,0.99,0.0,0.0,95.47,0.0,0.0,0.0,0.0,0.0,0.0,0.0,0.0,0.0,0.0,0.0
2083,90,M&M HPP Component,1.9,1.04,0.0,0.28,0.0,0.0,0.0,1.01,0.0,0.0,95.77,0.0,0.0,0.0,0.0,0.0,0.0,0.0,0.0,0.0,0.0,0.0
2084,91,M&M HPP Component,1.74,1.13,0.0,0.24,0.0,0.0,0.0,0.94,0.0,0.0,95.95,0.0,0.0,0.0,0.0,0.0,0.0,0.0,0.0,0.0,0.0,0.0
2085,92,M&M HPP Component,1.97,1.16,0.0,0.2,0.0,0.0,0.0,1.08,0.0,0.0,95.59,0.0,0.0,0.0,0.0,0.0,0.0,0.0,0.0,0.0,0.0,0.0
2086,93,M&M HPP Component,1.58,1.15,0.0,0.21,0.0,0.0,0.0,0.99,0.0,0.0,96.07,0.0,0.0,0.0,0.0,0.0,0.0,0.0,0.0,0.0,0.0,0.0
2087,94,M&M HPP Component,2.35,1.16,0.0,0.18,0.0,0.0,0.0,0.92,0.0,0.0,95.39,0.0,0.0,0.0,0.0,0.0,0.0,0.0,0.0,0.0,0.0,0.0
2088,95,M&M HPP Component,1.78,1.14,0.0,0.25,0.0,0.0,0.0,0.86,0.0,0.0,95.97,0.0,0.0,0.0,0.0,0.0,0.0,0.0,0.0,0.0,0.0,0.0
2089,96,M&M HPP Component,1.83,1.09,0.0,0.19,0.0,0.0,0.0,0.84,0.0,0.0,96.05,0.0,0.0,0.0,0.0,0.0,0.0,0.0,0.0,0.0,0.0,0.0
2090,97,M&M HPP Component,1.83,1.12,0.0,0.16,0.0,0.0,0.0,0.92,0.0,0.0,95.97,0.0,0.0,0.0,0.0,0.0,0.0,0.0,0.0,0.0,0.0,0.0
2091,98,M&M HPP Component,1.95,1.1,0.0,0.23,0.0,0.0,0.0,0.91,0.0,0.0,95.81,0.0,0.0,0.0,0.0,0.0,0.0,0.0,0.0,0.0,0.0,0.0
2092,99,M&M HPP Component,2.49,1.05,0.0,0.22,0.0,0.0,0.0,1.15,0.0,0.0,95.09,0.0,0.0,0.0,0.0,0.0,0.0,0.0,0.0,0.0,0.0,0.0
2093,100,M&M HPP Component,2.05,1.15,0.0,0.19,0.0,0.0,0.0,0.91,0.0,0.0,95.7,0.0,0.0,0.0,0.0,0.0,0.0,0.0,0.0,0.0,0.0,0.0
2094,101,M&M HPP Component,2.68,1.09,0.0,0.25,0.0,0.0,0.0,0.93,0.0,0.0,95.05,0.0,0.0,0.0,0.0,0.0,0.0,0.0,0.0,0.0,0.0,0.0
2095,102,M&M HPP Component,1.77,1.0,0.0,0.23,0.0,0.0,0.0,0.93,0.0,0.0,96.07,0.0,0.0,0.0,0.0,0.0,0.0,0.0,0.0,0.0,0.0,0.0
2096,103,M&M HPP Component,1.92,1.23,0.0,0.22,0.0,0.0,0.0,1.12,0.0,0.0,95.51,0.0,0.0,0.0,0.0,0.0,0.0,0.0,0.0,0.0,0.0,0.0
2097,104,M&M HPP Component,1.78,0.92,0.0,0.21,0.0,0.0,0.0,1.14,0.0,0.0,95.95,0.0,0.0,0.0,0.0,0.0,0.0,0.0,0.0,0.0,0.0,0.0
2098,105,M&M HPP Component,2.12,1.16,0.0,0.26,0.0,0.0,0.0,0.9,0.0,0.0,95.56,0.0,0.0,0.0,0.0,0.0,0.0,0.0,0.0,0.0,0.0,0.0
2099,1,Magnet Coil,3.24,0.26,0.0,0.0,0.0,0.0,0.0,0.0,1.62,0.0,0.0,0.0,1.15,0.0,0.0,90.37,0.0,3.36,0.0,0.0,0.0,0.0
2100,2,Magnet Coil,3.93,0.29,0.0,0.0,0.0,0.0,0.0,0.0,1.43,0.0,0.0,0.0,1.24,0.0,0.0,89.73,0.0,3.38,0.0,0.0,0.0,0.0
2101,3,Magnet Coil,3.87,0.26,0.0,0.0,0.0,0.0,0.0,0.0,1.77,0.0,0.0,0.0,1.6,0.0,0.0,89.45,0.0,3.05,0.0,0.0,0.0,0.0
2102,4,Magnet Coil,3.56,0.29,0.0,0.0,0.0,0.0,0.0,0.0,1.61,0.0,0.0,0.0,1.52,0.0,0.0,89.56,0.0,3.46,0.0,0.0,0.0,0.0
2103,5,Magnet Coil,3.94,0.3,0.0,0.0,0.0,0.0,0.0,0.0,1.77,0.0,0.0,0.0,1.41,0.0,0.0,89.46,0.0,3.12,0.0,0.0,0.0,0.0
2104,6,Magnet Coil,4.31,0.24,0.0,0.0,0.0,0.0,0.0,0.0,1.52,0.0,0.0,0.0,1.42,0.0,0.0,89.17,0.0,3.34,0.0,0.0,0.0,0.0
2105,7,Magnet Coil,3.6,0.23,0.0,0.0,0.0,0.0,0.0,0.0,1.6,0.0,0.0,0.0,1.85,0.0,0.0,89.21,0.0,3.51,0.0,0.0,0.0,0.0
2106,8,Magnet Coil,3.84,0.36,0.0,0.0,0.0,0.0,0.0,0.0,1.62,0.0,0.0,0.0,1.24,0.0,0.0,89.83,0.0,3.11,0.0,0.0,0.0,0.0
2107,9,Magnet Coil,3.47,0.23,0.0,0.0,0.0,0.0,0.0,0.0,1.36,0.0,0.0,0.0,1.35,0.0,0.0,90.76,0.0,2.83,0.0,0.0,0.0,0.0
2108,10,Magnet Coil,4.02,0.27,0.0,0.0,0.0,0.0,0.0,0.0,1.67,0.0,0.0,0.0,1.41,0.0,0.0,89.64,0.0,2.99,0.0,0.0,0.0,0.0
2109,11,Magnet Coil,3.76,0.24,0.0,0.0,0.0,0.0,0.0,0.0,1.55,0.0,0.0,0.0,1.48,0.0,0.0,89.84,0.0,3.13,0.0,0.0,0.0,0.0
2110,12,Magnet Coil,3.28,0.21,0.0,0.0,0.0,0.0,0.0,0.0,1.76,0.0,0.0,0.0,1.38,0.0,0.0,90.04,0.0,3.33,0.0,0.0,0.0,0.0
2111,13,Magnet Coil,3.59,0.28,0.0,0.0,0.0,0.0,0.0,0.0,1.32,0.0,0.0,0.0,1.33,0.0,0.0,90.42,0.0,3.06,0.0,0.0,0.0,0.0
2112,14,Magnet Coil,3.92,0.25,0.0,0.0,0.0,0.0,0.0,0.0,1.51,0.0,0.0,0.0,1.31,0.0,0.0,89.73,0.0,3.28,0.0,0.0,0.0,0.0
2113,15,Magnet Coil,3.77,0.27,0.0,0.0,0.0,0.0,0.0,0.0,1.46,0.0,0.0,0.0,1.36,0.0,0.0,90.26,0.0,2.88,0.0,0.0,0.0,0.0
2114,16,Magnet Coil,3.66,0.27,0.0,0.0,0.0,0.0,0.0,0.0,1.57,0.0,0.0,0.0,1.46,0.0,0.0,90.12,0.0,2.92,0.0,0.0,0.0,0.0
2115,17,Magnet Coil,3.32,0.3,0.0,0.0,0.0,0.0,0.0,0.0,1.77,0.0,0.0,0.0,1.16,0.0,0.0,90.45,0.0,3.0,0.0,0.0,0.0,0.0
2116,18,Magnet Coil,4.03,0.28,0.0,0.0,0.0,0.0,0.0,0.0,1.84,0.0,0.0,0.0,1.32,0.0,0.0,89.64,0.0,2.89,0.0,0.0,0.0,0.0
2117,19,Magnet Coil,3.58,0.3,0.0,0.0,0.0,0.0,0.0,0.0,1.45,0.0,0.0,0.0,1.45,0.0,0.0,90.17,0.0,3.05,0.0,0.0,0.0,0.0
2118,20,Magnet Coil,4.04,0.29,0.0,0.0,0.0,0.0,0.0,0.0,1.7,0.0,0.0,0.0,1.37,0.0,0.0,89.03,0.0,3.57,0.0,0.0,0.0,0.0
2119,21,Magnet Coil,4.13,0.23,0.0,0.0,0.0,0.0,0.0,0.0,1.73,0.0,0.0,0.0,1.42,0.0,0.0,89.16,0.0,3.33,0.0,0.0,0.0,0.0
2120,22,Magnet Coil,3.89,0.21,0.0,0.0,0.0,0.0,0.0,0.0,1.64,0.0,0.0,0.0,1.31,0.0,0.0,89.74,0.0,3.21,0.0,0.0,0.0,0.0
2121,23,Magnet Coil,3.6,0.27,0.0,0.0,0.0,0.0,0.0,0.0,1.45,0.0,0.0,0.0,1.57,0.0,0.0,89.77,0.0,3.34,0.0,0.0,0.0,0.0
2122,24,Magnet Coil,3.61,0.25,0.0,0.0,0.0,0.0,0.0,0.0,1.5,0.0,0.0,0.0,1.49,0.0,0.0,89.89,0.0,3.26,0.0,0.0,0.0,0.0
2123,25,Magnet Coil,3.37,0.23,0.0,0.0,0.0,0.0,0.0,0.0,1.86,0.0,0.0,0.0,1.36,0.0,0.0,89.92,0.0,3.26,0.0,0.0,0.0,0.0
2124,26,Magnet Coil,3.77,0.19,0.0,0.0,0.0,0.0,0.0,0.0,1.63,0.0,0.0,0.0,1.31,0.0,0.0,89.82,0.0,3.28,0.0,0.0,0.0,0.0
2125,27,Magnet Coil,3.38,0.24,0.0,0.0,0.0,0.0,0.0,0.0,1.49,0.0,0.0,0.0,1.48,0.0,0.0,90.19,0.0,3.22,0.0,0.0,0.0,0.0
2126,28,Magnet Coil,3.86,0.25,0.0,0.0,0.0,0.0,0.0,0.0,1.53,0.0,0.0,0.0,1.23,0.0,0.0,89.35,0.0,3.78,0.0,0.0,0.0,0.0
2127,29,Magnet Coil,3.99,0.29,0.0,0.0,0.0,0.0,0.0,0.0,1.57,0.0,0.0,0.0,1.24,0.0,0.0,89.42,0.0,3.49,0.0,0.0,0.0,0.0
2128,30,Magnet Coil,3.64,0.24,0.0,0.0,0.0,0.0,0.0,0.0,1.79,0.0,0.0,0.0,1.39,0.0,0.0,89.8,0.0,3.14,0.0,0.0,0.0,0.0
2129,31,Magnet Coil,4.07,0.27,0.0,0.0,0.0,0.0,0.0,0.0,1.67,0.0,0.0,0.0,1.46,0.0,0.0,89.1,0.0,3.43,0.0,0.0,0.0,0.0
2130,32,Magnet Coil,3.39,0.23,0.0,0.0,0.0,0.0,0.0,0.0,1.37,0.0,0.0,0.0,1.39,0.0,0.0,90.05,0.0,3.57,0.0,0.0,0.0,0.0
2131,33,Magnet Coil,3.91,0.2,0.0,0.0,0.0,0.0,0.0,0.0,1.45,0.0,0.0,0.0,1.27,0.0,0.0,89.88,0.0,3.29,0.0,0.0,0.0,0.0
2132,34,Magnet Coil,3.84,0.24,0.0,0.0,0.0,0.0,0.0,0.0,1.96,0.0,0.0,0.0,1.42,0.0,0.0,89.21,0.0,3.33,0.0,0.0,0.0,0.0
2133,35,Magnet Coil,3.5,0.28,0.0,0.0,0.0,0.0,0.0,0.0,1.55,0.0,0.0,0.0,1.39,0.0,0.0,90.34,0.0,2.94,0.0,0.0,0.0,0.0
2134,36,Magnet Coil,4.11,0.21,0.0,0.0,0.0,0.0,0.0,0.0,1.54,0.0,0.0,0.0,1.64,0.0,0.0,89.09,0.0,3.41,0.0,0.0,0.0,0.0
2135,37,Magnet Coil,4.03,0.24,0.0,0.0,0.0,0.0,0.0,0.0,1.71,0.0,0.0,0.0,1.39,0.0,0.0,89.35,0.0,3.28,0.0,0.0,0.0,0.0
2136,38,Magnet Coil,3.71,0.25,0.0,0.0,0.0,0.0,0.0,0.0,1.66,0.0,0.0,0.0,1.23,0.0,0.0,90.13,0.0,3.02,0.0,0.0,0.0,0.0
2137,39,Magnet Coil,3.28,0.19,0.0,0.0,0.0,0.0,0.0,0.0,1.79,0.0,0.0,0.0,1.47,0.0,0.0,89.72,0.0,3.55,0.0,0.0,0.0,0.0
2138,40,Magnet Coil,3.68,0.33,0.0,0.0,0.0,0.0,0.0,0.0,1.7,0.0,0.0,0.0,1.54,0.0,0.0,89.17,0.0,3.58,0.0,0.0,0.0,0.0
2139,41,Magnet Coil,3.72,0.26,0.0,0.0,0.0,0.0,0.0,0.0,1.69,0.0,0.0,0.0,1.34,0.0,0.0,89.82,0.0,3.17,0.0,0.0,0.0,0.0
2140,42,Magnet Coil,3.55,0.22,0.0,0.0,0.0,0.0,0.0,0.0,1.55,0.0,0.0,0.0,1.29,0.0,0.0,90.11,0.0,3.28,0.0,0.0,0.0,0.0
2141,43,Magnet Coil,3.64,0.23,0.0,0.0,0.0,0.0,0.0,0.0,1.72,0.0,0.0,0.0,1.58,0.0,0.0,89.37,0.0,3.46,0.0,0.0,0.0,0.0
2142,44,Magnet Coil,3.26,0.27,0.0,0.0,0.0,0.0,0.0,0.0,1.61,0.0,0.0,0.0,1.47,0.0,0.0,89.89,0.0,3.5,0.0,0.0,0.0,0.0
2143,45,Magnet Coil,3.48,0.27,0.0,0.0,0.0,0.0,0.0,0.0,1.71,0.0,0.0,0.0,1.5,0.0,0.0,89.87,0.0,3.17,0.0,0.0,0.0,0.0
2144,46,Magnet Coil,3.89,0.23,0.0,0.0,0.0,0.0,0.0,0.0,1.49,0.0,0.0,0.0,1.6,0.0,0.0,89.51,0.0,3.28,0.0,0.0,0.0,0.0
2145,47,Magnet Coil,3.31,0.23,0.0,0.0,0.0,0.0,0.0,0.0,1.58,0.0,0.0,0.0,1.34,0.0,0.0,89.99,0.0,3.55,0.0,0.0,0.0,0.0
2146,48,Magnet Coil,3.6,0.25,0.0,0.0,0.0,0.0,0.0,0.0,1.39,0.0,0.0,0.0,1.38,0.0,0.0,90.02,0.0,3.36,0.0,0.0,0.0,0.0
2147,49,Magnet Coil,3.24,0.3,0.0,0.0,0.0,0.0,0.0,0.0,1.63,0.0,0.0,0.0,1.09,0.0,0.0,90.23,0.0,3.51,0.0,0.0,0.0,0.0
2148,50,Magnet Coil,3.58,0.22,0.0,0.0,0.0,0.0,0.0,0.0,1.4,0.0,0.0,0.0,1.52,0.0,0.0,89.72,0.0,3.56,0.0,0.0,0.0,0.0
2149,51,Magnet Coil,3.84,0.3,0.0,0.0,0.0,0.0,0.0,0.0,1.63,0.0,0.0,0.0,1.58,0.0,0.0,89.02,0.0,3.63,0.0,0.0,0.0,0.0
2150,52,Magnet Coil,4.07,0.23,0.0,0.0,0.0,0.0,0.0,0.0,1.76,0.0,0.0,0.0,1.65,0.0,0.0,89.21,0.0,3.08,0.0,0.0,0.0,0.0
2151,53,Magnet Coil,3.19,0.24,0.0,0.0,0.0,0.0,0.0,0.0,1.59,0.0,0.0,0.0,1.57,0.0,0.0,90.28,0.0,3.13,0.0,0.0,0.0,0.0
2152,54,Magnet Coil,3.48,0.23,0.0,0.0,0.0,0.0,0.0,0.0,1.69,0.0,0.0,0.0,1.5,0.0,0.0,89.84,0.0,3.26,0.0,0.0,0.0,0.0
2153,55,Magnet Coil,3.92,0.28,0.0,0.0,0.0,0.0,0.0,0.0,1.6,0.0,0.0,0.0,1.47,0.0,0.0,89.24,0.0,3.49,0.0,0.0,0.0,0.0
2154,56,Magnet Coil,3.63,0.2,0.0,0.0,0.0,0.0,0.0,0.0,1.62,0.0,0.0,0.0,1.49,0.0,0.0,89.56,0.0,3.5,0.0,0.0,0.0,0.0
2155,57,Magnet Coil,3.98,0.2,0.0,0.0,0.0,0.0,0.0,0.0,1.88,0.0,0.0,0.0,1.31,0.0,0.0,89.31,0.0,3.32,0.0,0.0,0.0,0.0
2156,58,Magnet Coil,3.97,0.2,0.0,0.0,0.0,0.0,0.0,0.0,1.64,0.0,0.0,0.0,1.51,0.0,0.0,89.32,0.0,3.36,0.0,0.0,0.0,0.0
2157,59,Magnet Coil,3.85,0.25,0.0,0.0,0.0,0.0,0.0,0.0,1.66,0.0,0.0,0.0,1.71,0.0,0.0,89.07,0.0,3.46,0.0,0.0,0.0,0.0
2158,60,Magnet Coil,4.07,0.23,0.0,0.0,0.0,0.0,0.0,0.0,1.49,0.0,0.0,0.0,1.27,0.0,0.0,89.11,0.0,3.83,0.0,0.0,0.0,0.0
2159,61,Magnet Coil,3.99,0.28,0.0,0.0,0.0,0.0,0.0,0.0,1.71,0.0,0.0,0.0,1.65,0.0,0.0,89.3,0.0,3.07,0.0,0.0,0.0,0.0
2160,62,Magnet Coil,3.91,0.22,0.0,0.0,0.0,0.0,0.0,0.0,1.52,0.0,0.0,0.0,1.26,0.0,0.0,89.75,0.0,3.34,0.0,0.0,0.0,0.0
2161,63,Magnet Coil,3.45,0.27,0.0,0.0,0.0,0.0,0.0,0.0,1.84,0.0,0.0,0.0,1.38,0.0,0.0,89.92,0.0,3.14,0.0,0.0,0.0,0.0
2162,64,Magnet Coil,3.73,0.26,0.0,0.0,0.0,0.0,0.0,0.0,1.84,0.0,0.0,0.0,1.58,0.0,0.0,89.57,0.0,3.02,0.0,0.0,0.0,0.0
2163,65,Magnet Coil,3.83,0.22,0.0,0.0,0.0,0.0,0.0,0.0,1.7,0.0,0.0,0.0,1.35,0.0,0.0,88.85,0.0,4.05,0.0,0.0,0.0,0.0
2164,66,Magnet Coil,3.44,0.23,0.0,0.0,0.0,0.0,0.0,0.0,1.71,0.0,0.0,0.0,1.48,0.0,0.0,89.84,0.0,3.3,0.0,0.0,0.0,0.0
2165,67,Magnet Coil,3.57,0.27,0.0,0.0,0.0,0.0,0.0,0.0,1.68,0.0,0.0,0.0,1.22,0.0,0.0,90.22,0.0,3.04,0.0,0.0,0.0,0.0
2166,68,Magnet Coil,4.23,0.25,0.0,0.0,0.0,0.0,0.0,0.0,1.64,0.0,0.0,0.0,1.38,0.0,0.0,89.07,0.0,3.43,0.0,0.0,0.0,0.0
2167,69,Magnet Coil,3.72,0.21,0.0,0.0,0.0,0.0,0.0,0.0,1.65,0.0,0.0,0.0,1.38,0.0,0.0,90.04,0.0,3.0,0.0,0.0,0.0,0.0
2168,70,Magnet Coil,3.97,0.23,0.0,0.0,0.0,0.0,0.0,0.0,1.61,0.0,0.0,0.0,1.37,0.0,0.0,89.61,0.0,3.21,0.0,0.0,0.0,0.0
2169,71,Magnet Coil,3.74,0.26,0.0,0.0,0.0,0.0,0.0,0.0,1.63,0.0,0.0,0.0,1.21,0.0,0.0,89.8,0.0,3.36,0.0,0.0,0.0,0.0
2170,72,Magnet Coil,3.88,0.25,0.0,0.0,0.0,0.0,0.0,0.0,1.7,0.0,0.0,0.0,1.6,0.0,0.0,89.49,0.0,3.08,0.0,0.0,0.0,0.0
2171,73,Magnet Coil,3.62,0.26,0.0,0.0,0.0,0.0,0.0,0.0,1.56,0.0,0.0,0.0,1.21,0.0,0.0,89.63,0.0,3.72,0.0,0.0,0.0,0.0
2172,74,Magnet Coil,4.03,0.27,0.0,0.0,0.0,0.0,0.0,0.0,1.43,0.0,0.0,0.0,1.48,0.0,0.0,89.51,0.0,3.28,0.0,0.0,0.0,0.0
2173,75,Magnet Coil,3.69,0.24,0.0,0.0,0.0,0.0,0.0,0.0,1.56,0.0,0.0,0.0,1.45,0.0,0.0,89.93,0.0,3.13,0.0,0.0,0.0,0.0
2174,76,Magnet Coil,3.78,0.24,0.0,0.0,0.0,0.0,0.0,0.0,1.63,0.0,0.0,0.0,1.69,0.0,0.0,89.67,0.0,2.99,0.0,0.0,0.0,0.0
2175,77,Magnet Coil,3.32,0.22,0.0,0.0,0.0,0.0,0.0,0.0,1.61,0.0,0.0,0.0,1.67,0.0,0.0,89.44,0.0,3.74,0.0,0.0,0.0,0.0
2176,78,Magnet Coil,3.6,0.2,0.0,0.0,0.0,0.0,0.0,0.0,1.5,0.0,0.0,0.0,1.43,0.0,0.0,90.21,0.0,3.06,0.0,0.0,0.0,0.0
2177,79,Magnet Coil,3.73,0.18,0.0,0.0,0.0,0.0,0.0,0.0,1.48,0.0,0.0,0.0,1.53,0.0,0.0,89.95,0.0,3.13,0.0,0.0,0.0,0.0
2178,80,Magnet Coil,3.78,0.25,0.0,0.0,0.0,0.0,0.0,0.0,1.54,0.0,0.0,0.0,1.23,0.0,0.0,89.86,0.0,3.34,0.0,0.0,0.0,0.0
2179,81,Magnet Coil,3.71,0.26,0.0,0.0,0.0,0.0,0.0,0.0,1.51,0.0,0.0,0.0,1.53,0.0,0.0,90.0,0.0,2.99,0.0,0.0,0.0,0.0
2180,82,Magnet Coil,4.2,0.22,0.0,0.0,0.0,0.0,0.0,0.0,1.86,0.0,0.0,0.0,1.43,0.0,0.0,89.45,0.0,2.84,0.0,0.0,0.0,0.0
2181,83,Magnet Coil,3.92,0.28,0.0,0.0,0.0,0.0,0.0,0.0,1.46,0.0,0.0,0.0,1.29,0.0,0.0,89.7,0.0,3.35,0.0,0.0,0.0,0.0
2182,84,Magnet Coil,3.78,0.23,0.0,0.0,0.0,0.0,0.0,0.0,1.83,0.0,0.0,0.0,1.31,0.0,0.0,89.5,0.0,3.35,0.0,0.0,0.0,0.0
2183,85,Magnet Coil,3.52,0.24,0.0,0.0,0.0,0.0,0.0,0.0,1.46,0.0,0.0,0.0,1.61,0.0,0.0,89.97,0.0,3.2,0.0,0.0,0.0,0.0
2184,86,Magnet Coil,3.71,0.28,0.0,0.0,0.0,0.0,0.0,0.0,1.62,0.0,0.0,0.0,1.3,0.0,0.0,89.6,0.0,3.49,0.0,0.0,0.0,0.0
2185,87,Magnet Coil,3.98,0.26,0.0,0.0,0.0,0.0,0.0,0.0,1.94,0.0,0.0,0.0,1.44,0.0,0.0,88.76,0.0,3.62,0.0,0.0,0.0,0.0
2186,88,Magnet Coil,3.62,0.26,0.0,0.0,0.0,0.0,0.0,0.0,1.84,0.0,0.0,0.0,1.72,0.0,0.0,89.11,0.0,3.45,0.0,0.0,0.0,0.0
2187,89,Magnet Coil,3.38,0.25,0.0,0.0,0.0,0.0,0.0,0.0,1.56,0.0,0.0,0.0,1.17,0.0,0.0,90.57,0.0,3.07,0.0,0.0,0.0,0.0
2188,90,Magnet Coil,3.92,0.27,0.0,0.0,0.0,0.0,0.0,0.0,1.45,0.0,0.0,0.0,1.68,0.0,0.0,89.74,0.0,2.94,0.0,0.0,0.0,0.0
2189,91,Magnet Coil,3.42,0.22,0.0,0.0,0.0,0.0,0.0,0.0,1.35,0.0,0.0,0.0,1.3,0.0,0.0,90.39,0.0,3.32,0.0,0.0,0.0,0.0
2190,92,Magnet Coil,3.72,0.26,0.0,0.0,0.0,0.0,0.0,0.0,1.83,0.0,0.0,0.0,1.45,0.0,0.0,89.55,0.0,3.19,0.0,0.0,0.0,0.0
2191,93,Magnet Coil,3.94,0.21,0.0,0.0,0.0,0.0,0.0,0.0,1.62,0.0,0.0,0.0,1.41,0.0,0.0,89.75,0.0,3.07,0.0,0.0,0.0,0.0
2192,94,Magnet Coil,3.71,0.27,0.0,0.0,0.0,0.0,0.0,0.0,1.49,0.0,0.0,0.0,1.39,0.0,0.0,89.91,0.0,3.23,0.0,0.0,0.0,0.0
2193,95,Magnet Coil,3.6,0.26,0.0,0.0,0.0,0.0,0.0,0.0,1.6,0.0,0.0,0.0,1.21,0.0,0.0,89.89,0.0,3.44,0.0,0.0,0.0,0.0
2194,96,Magnet Coil,3.98,0.29,0.0,0.0,0.0,0.0,0.0,0.0,1.72,0.0,0.0,0.0,1.5,0.0,0.0,89.11,0.0,3.4,0.0,0.0,0.0,0.0
2195,97,Magnet Coil,3.52,0.25,0.0,0.0,0.0,0.0,0.0,0.0,1.59,0.0,0.0,0.0,1.43,0.0,0.0,90.0,0.0,3.21,0.0,0.0,0.0,0.0
2196,98,Magnet Coil,3.66,0.3,0.0,0.0,0.0,0.0,0.0,0.0,1.48,0.0,0.0,0.0,1.22,0.0,0.0,89.92,0.0,3.42,0.0,0.0,0.0,0.0
2197,99,Magnet Coil,4.06,0.25,0.0,0.0,0.0,0.0,0.0,0.0,1.62,0.0,0.0,0.0,1.54,0.0,0.0,89.38,0.0,3.15,0.0,0.0,0.0,0.0
2198,100,Magnet Coil,4.12,0.26,0.0,0.0,0.0,0.0,0.0,0.0,1.77,0.0,0.0,0.0,1.28,0.0,0.0,88.82,0.0,3.75,0.0,0.0,0.0,0.0
2199,101,Magnet Coil,3.87,0.26,0.0,0.0,0.0,0.0,0.0,0.0,1.42,0.0,0.0,0.0,1.9,0.0,0.0,89.41,0.0,3.14,0.0,0.0,0.0,0.0
2200,102,Magnet Coil,3.67,0.26,0.0,0.0,0.0,0.0,0.0,0.0,1.94,0.0,0.0,0.0,1.39,0.0,0.0,89.02,0.0,3.72,0.0,0.0,0.0,0.0
2201,103,Magnet Coil,4.17,0.23,0.0,0.0,0.0,0.0,0.0,0.0,1.74,0.0,0.0,0.0,1.42,0.0,0.0,88.77,0.0,3.67,0.0,0.0,0.0,0.0
2202,104,Magnet Coil,4.01,0.23,0.0,0.0,0.0,0.0,0.0,0.0,1.8,0.0,0.0,0.0,1.18,0.0,0.0,88.76,0.0,4.02,0.0,0.0,0.0,0.0
2203,105,Magnet Coil,3.67,0.23,0.0,0.0,0.0,0.0,0.0,0.0,1.72,0.0,0.0,0.0,1.47,0.0,0.0,89.43,0.0,3.48,0.0,0.0,0.0,0.0
2204,106,Magnet Coil,3.49,0.22,0.0,0.0,0.0,0.0,0.0,0.0,1.52,0.0,0.0,0.0,1.36,0.0,0.0,90.38,0.0,3.03,0.0,0.0,0.0,0.0
2205,1,Magnet Core,1.98,8.34,0.0,0.0,0.0,0.0,0.0,0.0,0.0,0.0,89.48,0.0,0.0,0.0,0.2,0.0,0.0,0.0,0.0,0.0,0.0,0.0
2206,2,Magnet Core,1.71,7.65,0.0,0.0,0.0,0.0,0.0,0.0,0.0,0.0,90.45,0.0,0.0,0.0,0.19,0.0,0.0,0.0,0.0,0.0,0.0,0.0
2207,3,Magnet Core,1.59,6.3,0.0,0.0,0.0,0.0,0.0,0.0,0.0,0.0,91.93,0.0,0.0,0.0,0.18,0.0,0.0,0.0,0.0,0.0,0.0,0.0
2208,4,Magnet Core,1.84,8.05,0.0,0.0,0.0,0.0,0.0,0.0,0.0,0.0,89.98,0.0,0.0,0.0,0.13,0.0,0.0,0.0,0.0,0.0,0.0,0.0
2209,5,Magnet Core,1.75,8.43,0.0,0.0,0.0,0.0,0.0,0.0,0.0,0.0,89.68,0.0,0.0,0.0,0.14,0.0,0.0,0.0,0.0,0.0,0.0,0.0
2210,6,Magnet Core,1.74,6.48,0.0,0.0,0.0,0.0,0.0,0.0,0.0,0.0,91.65,0.0,0.0,0.0,0.13,0.0,0.0,0.0,0.0,0.0,0.0,0.0
2211,7,Magnet Core,1.62,7.33,0.0,0.0,0.0,0.0,0.0,0.0,0.0,0.0,90.87,0.0,0.0,0.0,0.18,0.0,0.0,0.0,0.0,0.0,0.0,0.0
2212,8,Magnet Core,1.51,6.93,0.0,0.0,0.0,0.0,0.0,0.0,0.0,0.0,91.42,0.0,0.0,0.0,0.14,0.0,0.0,0.0,0.0,0.0,0.0,0.0
2213,9,Magnet Core,1.63,6.85,0.0,0.0,0.0,0.0,0.0,0.0,0.0,0.0,91.33,0.0,0.0,0.0,0.19,0.0,0.0,0.0,0.0,0.0,0.0,0.0
2214,10,Magnet Core,1.85,7.37,0.0,0.0,0.0,0.0,0.0,0.0,0.0,0.0,90.64,0.0,0.0,0.0,0.14,0.0,0.0,0.0,0.0,0.0,0.0,0.0
2215,11,Magnet Core,1.54,7.61,0.0,0.0,0.0,0.0,0.0,0.0,0.0,0.0,90.68,0.0,0.0,0.0,0.17,0.0,0.0,0.0,0.0,0.0,0.0,0.0
2216,12,Magnet Core,1.56,6.9,0.0,0.0,0.0,0.0,0.0,0.0,0.0,0.0,91.37,0.0,0.0,0.0,0.17,0.0,0.0,0.0,0.0,0.0,0.0,0.0
2217,13,Magnet Core,1.84,6.19,0.0,0.0,0.0,0.0,0.0,0.0,0.0,0.0,91.79,0.0,0.0,0.0,0.18,0.0,0.0,0.0,0.0,0.0,0.0,0.0
2218,14,Magnet Core,1.59,6.51,0.0,0.0,0.0,0.0,0.0,0.0,0.0,0.0,91.72,0.0,0.0,0.0,0.18,0.0,0.0,0.0,0.0,0.0,0.0,0.0
2219,15,Magnet Core,1.38,7.31,0.0,0.0,0.0,0.0,0.0,0.0,0.0,0.0,91.16,0.0,0.0,0.0,0.15,0.0,0.0,0.0,0.0,0.0,0.0,0.0
2220,16,Magnet Core,1.84,6.91,0.0,0.0,0.0,0.0,0.0,0.0,0.0,0.0,91.11,0.0,0.0,0.0,0.14,0.0,0.0,0.0,0.0,0.0,0.0,0.0
2221,17,Magnet Core,1.85,8.43,0.0,0.0,0.0,0.0,0.0,0.0,0.0,0.0,89.57,0.0,0.0,0.0,0.15,0.0,0.0,0.0,0.0,0.0,0.0,0.0
2222,18,Magnet Core,2.04,8.91,0.0,0.0,0.0,0.0,0.0,0.0,0.0,0.0,88.84,0.0,0.0,0.0,0.21,0.0,0.0,0.0,0.0,0.0,0.0,0.0
2223,19,Magnet Core,1.72,6.26,0.0,0.0,0.0,0.0,0.0,0.0,0.0,0.0,91.9,0.0,0.0,0.0,0.12,0.0,0.0,0.0,0.0,0.0,0.0,0.0
2224,20,Magnet Core,1.98,6.25,0.0,0.0,0.0,0.0,0.0,0.0,0.0,0.0,91.59,0.0,0.0,0.0,0.18,0.0,0.0,0.0,0.0,0.0,0.0,0.0
2225,21,Magnet Core,1.87,7.05,0.0,0.0,0.0,0.0,0.0,0.0,0.0,0.0,90.87,0.0,0.0,0.0,0.21,0.0,0.0,0.0,0.0,0.0,0.0,0.0
2226,22,Magnet Core,1.51,8.3,0.0,0.0,0.0,0.0,0.0,0.0,0.0,0.0,90.03,0.0,0.0,0.0,0.16,0.0,0.0,0.0,0.0,0.0,0.0,0.0
2227,23,Magnet Core,1.44,8.72,0.0,0.0,0.0,0.0,0.0,0.0,0.0,0.0,89.64,0.0,0.0,0.0,0.2,0.0,0.0,0.0,0.0,0.0,0.0,0.0
2228,24,Magnet Core,1.34,7.85,0.0,0.0,0.0,0.0,0.0,0.0,0.0,0.0,90.65,0.0,0.0,0.0,0.16,0.0,0.0,0.0,0.0,0.0,0.0,0.0
2229,25,Magnet Core,1.52,7.15,0.0,0.0,0.0,0.0,0.0,0.0,0.0,0.0,91.15,0.0,0.0,0.0,0.18,0.0,0.0,0.0,0.0,0.0,0.0,0.0
2230,26,Magnet Core,1.59,7.3,0.0,0.0,0.0,0.0,0.0,0.0,0.0,0.0,90.92,0.0,0.0,0.0,0.19,0.0,0.0,0.0,0.0,0.0,0.0,0.0
2231,27,Magnet Core,1.62,7.66,0.0,0.0,0.0,0.0,0.0,0.0,0.0,0.0,90.59,0.0,0.0,0.0,0.13,0.0,0.0,0.0,0.0,0.0,0.0,0.0
2232,28,Magnet Core,1.58,7.55,0.0,0.0,0.0,0.0,0.0,0.0,0.0,0.0,90.68,0.0,0.0,0.0,0.19,0.0,0.0,0.0,0.0,0.0,0.0,0.0
2233,29,Magnet Core,1.79,6.41,0.0,0.0,0.0,0.0,0.0,0.0,0.0,0.0,91.62,0.0,0.0,0.0,0.18,0.0,0.0,0.0,0.0,0.0,0.0,0.0
2234,30,Magnet Core,1.46,7.32,0.0,0.0,0.0,0.0,0.0,0.0,0.0,0.0,91.06,0.0,0.0,0.0,0.16,0.0,0.0,0.0,0.0,0.0,0.0,0.0
2235,31,Magnet Core,1.89,7.38,0.0,0.0,0.0,0.0,0.0,0.0,0.0,0.0,90.57,0.0,0.0,0.0,0.16,0.0,0.0,0.0,0.0,0.0,0.0,0.0
2236,32,Magnet Core,1.58,7.54,0.0,0.0,0.0,0.0,0.0,0.0,0.0,0.0,90.71,0.0,0.0,0.0,0.17,0.0,0.0,0.0,0.0,0.0,0.0,0.0
2237,33,Magnet Core,1.22,6.59,0.0,0.0,0.0,0.0,0.0,0.0,0.0,0.0,92.05,0.0,0.0,0.0,0.14,0.0,0.0,0.0,0.0,0.0,0.0,0.0
2238,34,Magnet Core,1.8,6.33,0.0,0.0,0.0,0.0,0.0,0.0,0.0,0.0,91.71,0.0,0.0,0.0,0.16,0.0,0.0,0.0,0.0,0.0,0.0,0.0
2239,35,Magnet Core,1.56,6.41,0.0,0.0,0.0,0.0,0.0,0.0,0.0,0.0,91.85,0.0,0.0,0.0,0.18,0.0,0.0,0.0,0.0,0.0,0.0,0.0
2240,36,Magnet Core,1.69,7.5,0.0,0.0,0.0,0.0,0.0,0.0,0.0,0.0,90.64,0.0,0.0,0.0,0.17,0.0,0.0,0.0,0.0,0.0,0.0,0.0
2241,37,Magnet Core,1.35,7.06,0.0,0.0,0.0,0.0,0.0,0.0,0.0,0.0,91.45,0.0,0.0,0.0,0.14,0.0,0.0,0.0,0.0,0.0,0.0,0.0
2242,38,Magnet Core,2.01,6.4,0.0,0.0,0.0,0.0,0.0,0.0,0.0,0.0,91.41,0.0,0.0,0.0,0.18,0.0,0.0,0.0,0.0,0.0,0.0,0.0
2243,39,Magnet Core,1.47,7.2,0.0,0.0,0.0,0.0,0.0,0.0,0.0,0.0,91.19,0.0,0.0,0.0,0.14,0.0,0.0,0.0,0.0,0.0,0.0,0.0
2244,40,Magnet Core,1.52,7.96,0.0,0.0,0.0,0.0,0.0,0.0,0.0,0.0,90.37,0.0,0.0,0.0,0.15,0.0,0.0,0.0,0.0,0.0,0.0,0.0
2245,41,Magnet Core,1.89,5.94,0.0,0.0,0.0,0.0,0.0,0.0,0.0,0.0,92.04,0.0,0.0,0.0,0.13,0.0,0.0,0.0,0.0,0.0,0.0,0.0
2246,42,Magnet Core,1.66,6.35,0.0,0.0,0.0,0.0,0.0,0.0,0.0,0.0,91.76,0.0,0.0,0.0,0.23,0.0,0.0,0.0,0.0,0.0,0.0,0.0
2247,43,Magnet Core,1.98,6.84,0.0,0.0,0.0,0.0,0.0,0.0,0.0,0.0,91.01,0.0,0.0,0.0,0.17,0.0,0.0,0.0,0.0,0.0,0.0,0.0
2248,44,Magnet Core,1.66,7.18,0.0,0.0,0.0,0.0,0.0,0.0,0.0,0.0,90.97,0.0,0.0,0.0,0.19,0.0,0.0,0.0,0.0,0.0,0.0,0.0
2249,45,Magnet Core,1.62,7.36,0.0,0.0,0.0,0.0,0.0,0.0,0.0,0.0,90.87,0.0,0.0,0.0,0.15,0.0,0.0,0.0,0.0,0.0,0.0,0.0
2250,46,Magnet Core,1.59,8.67,0.0,0.0,0.0,0.0,0.0,0.0,0.0,0.0,89.58,0.0,0.0,0.0,0.16,0.0,0.0,0.0,0.0,0.0,0.0,0.0
2251,47,Magnet Core,2.05,7.83,0.0,0.0,0.0,0.0,0.0,0.0,0.0,0.0,89.92,0.0,0.0,0.0,0.2,0.0,0.0,0.0,0.0,0.0,0.0,0.0
2252,48,Magnet Core,1.97,7.13,0.0,0.0,0.0,0.0,0.0,0.0,0.0,0.0,90.73,0.0,0.0,0.0,0.17,0.0,0.0,0.0,0.0,0.0,0.0,0.0
2253,49,Magnet Core,1.35,6.88,0.0,0.0,0.0,0.0,0.0,0.0,0.0,0.0,91.58,0.0,0.0,0.0,0.19,0.0,0.0,0.0,0.0,0.0,0.0,0.0
2254,50,Magnet Core,1.38,7.4,0.0,0.0,0.0,0.0,0.0,0.0,0.0,0.0,91.04,0.0,0.0,0.0,0.18,0.0,0.0,0.0,0.0,0.0,0.0,0.0
2255,51,Magnet Core,1.83,5.58,0.0,0.0,0.0,0.0,0.0,0.0,0.0,0.0,92.43,0.0,0.0,0.0,0.16,0.0,0.0,0.0,0.0,0.0,0.0,0.0
2256,52,Magnet Core,1.52,6.88,0.0,0.0,0.0,0.0,0.0,0.0,0.0,0.0,91.43,0.0,0.0,0.0,0.17,0.0,0.0,0.0,0.0,0.0,0.0,0.0
2257,53,Magnet Core,2.04,6.73,0.0,0.0,0.0,0.0,0.0,0.0,0.0,0.0,91.06,0.0,0.0,0.0,0.17,0.0,0.0,0.0,0.0,0.0,0.0,0.0
2258,54,Magnet Core,2.07,8.26,0.0,0.0,0.0,0.0,0.0,0.0,0.0,0.0,89.52,0.0,0.0,0.0,0.15,0.0,0.0,0.0,0.0,0.0,0.0,0.0
2259,55,Magnet Core,1.76,7.87,0.0,0.0,0.0,0.0,0.0,0.0,0.0,0.0,90.17,0.0,0.0,0.0,0.2,0.0,0.0,0.0,0.0,0.0,0.0,0.0
2260,56,Magnet Core,1.8,8.4,0.0,0.0,0.0,0.0,0.0,0.0,0.0,0.0,89.62,0.0,0.0,0.0,0.18,0.0,0.0,0.0,0.0,0.0,0.0,0.0
2261,57,Magnet Core,2.03,6.88,0.0,0.0,0.0,0.0,0.0,0.0,0.0,0.0,90.89,0.0,0.0,0.0,0.2,0.0,0.0,0.0,0.0,0.0,0.0,0.0
2262,58,Magnet Core,1.52,6.58,0.0,0.0,0.0,0.0,0.0,0.0,0.0,0.0,91.74,0.0,0.0,0.0,0.16,0.0,0.0,0.0,0.0,0.0,0.0,0.0
2263,59,Magnet Core,1.52,6.98,0.0,0.0,0.0,0.0,0.0,0.0,0.0,0.0,91.34,0.0,0.0,0.0,0.16,0.0,0.0,0.0,0.0,0.0,0.0,0.0
2264,60,Magnet Core,1.55,6.02,0.0,0.0,0.0,0.0,0.0,0.0,0.0,0.0,92.25,0.0,0.0,0.0,0.18,0.0,0.0,0.0,0.0,0.0,0.0,0.0
2265,61,Magnet Core,1.67,6.96,0.0,0.0,0.0,0.0,0.0,0.0,0.0,0.0,91.2,0.0,0.0,0.0,0.17,0.0,0.0,0.0,0.0,0.0,0.0,0.0
2266,62,Magnet Core,1.52,7.69,0.0,0.0,0.0,0.0,0.0,0.0,0.0,0.0,90.63,0.0,0.0,0.0,0.16,0.0,0.0,0.0,0.0,0.0,0.0,0.0
2267,63,Magnet Core,1.75,6.76,0.0,0.0,0.0,0.0,0.0,0.0,0.0,0.0,91.34,0.0,0.0,0.0,0.15,0.0,0.0,0.0,0.0,0.0,0.0,0.0
2268,64,Magnet Core,1.86,6.52,0.0,0.0,0.0,0.0,0.0,0.0,0.0,0.0,91.46,0.0,0.0,0.0,0.16,0.0,0.0,0.0,0.0,0.0,0.0,0.0
2269,65,Magnet Core,1.86,7.89,0.0,0.0,0.0,0.0,0.0,0.0,0.0,0.0,90.08,0.0,0.0,0.0,0.17,0.0,0.0,0.0,0.0,0.0,0.0,0.0
2270,66,Magnet Core,1.54,7.07,0.0,0.0,0.0,0.0,0.0,0.0,0.0,0.0,91.25,0.0,0.0,0.0,0.14,0.0,0.0,0.0,0.0,0.0,0.0,0.0
2271,67,Magnet Core,1.77,6.45,0.0,0.0,0.0,0.0,0.0,0.0,0.0,0.0,91.62,0.0,0.0,0.0,0.16,0.0,0.0,0.0,0.0,0.0,0.0,0.0
2272,68,Magnet Core,1.63,7.21,0.0,0.0,0.0,0.0,0.0,0.0,0.0,0.0,91.01,0.0,0.0,0.0,0.15,0.0,0.0,0.0,0.0,0.0,0.0,0.0
2273,69,Magnet Core,1.5,6.92,0.0,0.0,0.0,0.0,0.0,0.0,0.0,0.0,91.42,0.0,0.0,0.0,0.16,0.0,0.0,0.0,0.0,0.0,0.0,0.0
2274,70,Magnet Core,1.56,5.9,0.0,0.0,0.0,0.0,0.0,0.0,0.0,0.0,92.34,0.0,0.0,0.0,0.2,0.0,0.0,0.0,0.0,0.0,0.0,0.0
2275,71,Magnet Core,1.8,7.76,0.0,0.0,0.0,0.0,0.0,0.0,0.0,0.0,90.25,0.0,0.0,0.0,0.19,0.0,0.0,0.0,0.0,0.0,0.0,0.0
2276,72,Magnet Core,1.52,6.82,0.0,0.0,0.0,0.0,0.0,0.0,0.0,0.0,91.47,0.0,0.0,0.0,0.19,0.0,0.0,0.0,0.0,0.0,0.0,0.0
2277,73,Magnet Core,1.53,7.4,0.0,0.0,0.0,0.0,0.0,0.0,0.0,0.0,90.89,0.0,0.0,0.0,0.18,0.0,0.0,0.0,0.0,0.0,0.0,0.0
2278,74,Magnet Core,1.5,8.38,0.0,0.0,0.0,0.0,0.0,0.0,0.0,0.0,89.99,0.0,0.0,0.0,0.13,0.0,0.0,0.0,0.0,0.0,0.0,0.0
2279,75,Magnet Core,1.88,7.19,0.0,0.0,0.0,0.0,0.0,0.0,0.0,0.0,90.77,0.0,0.0,0.0,0.16,0.0,0.0,0.0,0.0,0.0,0.0,0.0
2280,76,Magnet Core,1.55,5.95,0.0,0.0,0.0,0.0,0.0,0.0,0.0,0.0,92.32,0.0,0.0,0.0,0.18,0.0,0.0,0.0,0.0,0.0,0.0,0.0
2281,77,Magnet Core,1.72,9.28,0.0,0.0,0.0,0.0,0.0,0.0,0.0,0.0,88.79,0.0,0.0,0.0,0.21,0.0,0.0,0.0,0.0,0.0,0.0,0.0
2282,78,Magnet Core,1.46,5.71,0.0,0.0,0.0,0.0,0.0,0.0,0.0,0.0,92.66,0.0,0.0,0.0,0.17,0.0,0.0,0.0,0.0,0.0,0.0,0.0
2283,79,Magnet Core,1.57,6.96,0.0,0.0,0.0,0.0,0.0,0.0,0.0,0.0,91.31,0.0,0.0,0.0,0.16,0.0,0.0,0.0,0.0,0.0,0.0,0.0
2284,80,Magnet Core,1.52,5.96,0.0,0.0,0.0,0.0,0.0,0.0,0.0,0.0,92.36,0.0,0.0,0.0,0.16,0.0,0.0,0.0,0.0,0.0,0.0,0.0
2285,81,Magnet Core,1.45,7.0,0.0,0.0,0.0,0.0,0.0,0.0,0.0,0.0,91.38,0.0,0.0,0.0,0.17,0.0,0.0,0.0,0.0,0.0,0.0,0.0
2286,82,Magnet Core,1.66,8.37,0.0,0.0,0.0,0.0,0.0,0.0,0.0,0.0,89.79,0.0,0.0,0.0,0.18,0.0,0.0,0.0,0.0,0.0,0.0,0.0
2287,83,Magnet Core,1.7,7.62,0.0,0.0,0.0,0.0,0.0,0.0,0.0,0.0,90.52,0.0,0.0,0.0,0.16,0.0,0.0,0.0,0.0,0.0,0.0,0.0
2288,84,Magnet Core,1.66,7.16,0.0,0.0,0.0,0.0,0.0,0.0,0.0,0.0,91.04,0.0,0.0,0.0,0.14,0.0,0.0,0.0,0.0,0.0,0.0,0.0
2289,85,Magnet Core,1.7,6.11,0.0,0.0,0.0,0.0,0.0,0.0,0.0,0.0,92.02,0.0,0.0,0.0,0.17,0.0,0.0,0.0,0.0,0.0,0.0,0.0
2290,86,Magnet Core,1.44,7.27,0.0,0.0,0.0,0.0,0.0,0.0,0.0,0.0,91.12,0.0,0.0,0.0,0.17,0.0,0.0,0.0,0.0,0.0,0.0,0.0
2291,87,Magnet Core,1.82,6.61,0.0,0.0,0.0,0.0,0.0,0.0,0.0,0.0,91.42,0.0,0.0,0.0,0.15,0.0,0.0,0.0,0.0,0.0,0.0,0.0
2292,88,Magnet Core,1.69,7.85,0.0,0.0,0.0,0.0,0.0,0.0,0.0,0.0,90.26,0.0,0.0,0.0,0.2,0.0,0.0,0.0,0.0,0.0,0.0,0.0
2293,89,Magnet Core,1.66,6.59,0.0,0.0,0.0,0.0,0.0,0.0,0.0,0.0,91.56,0.0,0.0,0.0,0.19,0.0,0.0,0.0,0.0,0.0,0.0,0.0
2294,90,Magnet Core,1.53,7.21,0.0,0.0,0.0,0.0,0.0,0.0,0.0,0.0,91.07,0.0,0.0,0.0,0.19,0.0,0.0,0.0,0.0,0.0,0.0,0.0
2295,91,Magnet Core,2.33,7.93,0.0,0.0,0.0,0.0,0.0,0.0,0.0,0.0,89.55,0.0,0.0,0.0,0.19,0.0,0.0,0.0,0.0,0.0,0.0,0.0
2296,92,Magnet Core,1.66,6.61,0.0,0.0,0.0,0.0,0.0,0.0,0.0,0.0,91.57,0.0,0.0,0.0,0.16,0.0,0.0,0.0,0.0,0.0,0.0,0.0
2297,93,Magnet Core,1.67,7.66,0.0,0.0,0.0,0.0,0.0,0.0,0.0,0.0,90.52,0.0,0.0,0.0,0.15,0.0,0.0,0.0,0.0,0.0,0.0,0.0
2298,94,Magnet Core,1.63,6.52,0.0,0.0,0.0,0.0,0.0,0.0,0.0,0.0,91.67,0.0,0.0,0.0,0.18,0.0,0.0,0.0,0.0,0.0,0.0,0.0
2299,95,Magnet Core,1.95,7.15,0.0,0.0,0.0,0.0,0.0,0.0,0.0,0.0,90.75,0.0,0.0,0.0,0.15,0.0,0.0,0.0,0.0,0.0,0.0,0.0
2300,96,Magnet Core,1.69,7.37,0.0,0.0,0.0,0.0,0.0,0.0,0.0,0.0,90.77,0.0,0.0,0.0,0.17,0.0,0.0,0.0,0.0,0.0,0.0,0.0
2301,97,Magnet Core,1.35,7.03,0.0,0.0,0.0,0.0,0.0,0.0,0.0,0.0,91.49,0.0,0.0,0.0,0.13,0.0,0.0,0.0,0.0,0.0,0.0,0.0
2302,98,Magnet Core,1.66,7.84,0.0,0.0,0.0,0.0,0.0,0.0,0.0,0.0,90.3,0.0,0.0,0.0,0.2,0.0,0.0,0.0,0.0,0.0,0.0,0.0
2303,99,Magnet Core,1.69,6.96,0.0,0.0,0.0,0.0,0.0,0.0,0.0,0.0,91.16,0.0,0.0,0.0,0.19,0.0,0.0,0.0,0.0,0.0,0.0,0.0
2304,100,Magnet Core,1.73,6.29,0.0,0.0,0.0,0.0,0.0,0.0,0.0,0.0,91.78,0.0,0.0,0.0,0.2,0.0,0.0,0.0,0.0,0.0,0.0,0.0
2305,101,Magnet Core,1.82,6.6,0.0,0.0,0.0,0.0,0.0,0.0,0.0,0.0,91.42,0.0,0.0,0.0,0.16,0.0,0.0,0.0,0.0,0.0,0.0,0.0
2306,102,Magnet Core,1.87,7.51,0.0,0.0,0.0,0.0,0.0,0.0,0.0,0.0,90.44,0.0,0.0,0.0,0.18,0.0,0.0,0.0,0.0,0.0,0.0,0.0
2307,103,Magnet Core,2.21,7.6,0.0,0.0,0.0,0.0,0.0,0.0,0.0,0.0,90.03,0.0,0.0,0.0,0.16,0.0,0.0,0.0,0.0,0.0,0.0,0.0
2308,104,Magnet Core,1.56,6.62,0.0,0.0,0.0,0.0,0.0,0.0,0.0,0.0,91.67,0.0,0.0,0.0,0.15,0.0,0.0,0.0,0.0,0.0,0.0,0.0
2309,105,Magnet Core,1.85,5.62,0.0,0.0,0.0,0.0,0.0,0.0,0.0,0.0,92.38,0.0,0.0,0.0,0.15,0.0,0.0,0.0,0.0,0.0,0.0,0.0
2310,106,Magnet Core,1.76,6.19,0.0,0.0,0.0,0.0,0.0,0.0,0.0,0.0,91.88,0.0,0.0,0.0,0.17,0.0,0.0,0.0,0.0,0.0,0.0,0.0
2311,1,Magnet housing,1.28,0.69,0.0,0.41,0.0,0.19,18.08,1.57,7.84,0.0,69.46,0.48,0.0,0.0,0.0,0.0,0.0,0.0,0.0,0.0,0.0,0.0
2312,2,Magnet housing,1.25,0.67,0.0,0.48,0.0,0.25,16.53,1.75,7.96,0.0,70.66,0.45,0.0,0.0,0.0,0.0,0.0,0.0,0.0,0.0,0.0,0.0
2313,3,Magnet housing,1.49,0.7,0.0,0.43,0.0,0.22,17.75,1.71,8.31,0.0,68.96,0.43,0.0,0.0,0.0,0.0,0.0,0.0,0.0,0.0,0.0,0.0
2314,4,Magnet housing,1.25,0.81,0.0,0.41,0.0,0.16,16.88,1.63,8.45,0.0,69.89,0.52,0.0,0.0,0.0,0.0,0.0,0.0,0.0,0.0,0.0,0.0
2315,5,Magnet housing,1.37,0.66,0.0,0.45,0.0,0.23,16.91,1.7,8.29,0.0,69.88,0.51,0.0,0.0,0.0,0.0,0.0,0.0,0.0,0.0,0.0,0.0
2316,6,Magnet housing,1.28,0.74,0.0,0.48,0.0,0.16,18.04,1.76,8.55,0.0,68.47,0.52,0.0,0.0,0.0,0.0,0.0,0.0,0.0,0.0,0.0,0.0
2317,7,Magnet housing,1.51,0.83,0.0,0.51,0.0,0.25,17.99,1.81,8.41,0.0,68.21,0.48,0.0,0.0,0.0,0.0,0.0,0.0,0.0,0.0,0.0,0.0
2318,8,Magnet housing,1.51,0.58,0.0,0.41,0.0,0.26,17.45,1.84,8.06,0.0,69.37,0.52,0.0,0.0,0.0,0.0,0.0,0.0,0.0,0.0,0.0,0.0
2319,9,Magnet housing,1.51,0.67,0.0,0.49,0.0,0.24,17.63,1.52,8.08,0.0,69.38,0.48,0.0,0.0,0.0,0.0,0.0,0.0,0.0,0.0,0.0,0.0
2320,10,Magnet housing,1.38,0.66,0.0,0.35,0.0,0.24,17.39,1.91,7.67,0.0,69.95,0.45,0.0,0.0,0.0,0.0,0.0,0.0,0.0,0.0,0.0,0.0
2321,11,Magnet housing,1.53,0.62,0.0,0.47,0.0,0.19,19.09,1.75,8.2,0.0,67.6,0.55,0.0,0.0,0.0,0.0,0.0,0.0,0.0,0.0,0.0,0.0
2322,12,Magnet housing,1.76,0.67,0.0,0.46,0.0,0.23,16.59,1.68,7.88,0.0,70.31,0.42,0.0,0.0,0.0,0.0,0.0,0.0,0.0,0.0,0.0,0.0
2323,13,Magnet housing,1.25,0.6,0.0,0.5,0.0,0.17,18.31,1.66,8.01,0.0,69.02,0.48,0.0,0.0,0.0,0.0,0.0,0.0,0.0,0.0,0.0,0.0
2324,14,Magnet housing,1.43,0.78,0.0,0.42,0.0,0.19,19.05,1.57,8.05,0.0,68.04,0.47,0.0,0.0,0.0,0.0,0.0,0.0,0.0,0.0,0.0,0.0
2325,15,Magnet housing,1.35,0.71,0.0,0.38,0.0,0.24,17.71,1.58,7.83,0.0,69.62,0.58,0.0,0.0,0.0,0.0,0.0,0.0,0.0,0.0,0.0,0.0
2326,16,Magnet housing,1.12,0.72,0.0,0.5,0.0,0.17,17.69,1.9,7.76,0.0,69.7,0.44,0.0,0.0,0.0,0.0,0.0,0.0,0.0,0.0,0.0,0.0
2327,17,Magnet housing,1.35,0.81,0.0,0.42,0.0,0.21,17.85,1.52,8.64,0.0,68.68,0.52,0.0,0.0,0.0,0.0,0.0,0.0,0.0,0.0,0.0,0.0
2328,18,Magnet housing,1.28,0.66,0.0,0.52,0.0,0.19,18.89,2.12,8.83,0.0,67.01,0.5,0.0,0.0,0.0,0.0,0.0,0.0,0.0,0.0,0.0,0.0
2329,19,Magnet housing,1.42,0.76,0.0,0.43,0.0,0.2,18.08,1.73,8.04,0.0,68.94,0.4,0.0,0.0,0.0,0.0,0.0,0.0,0.0,0.0,0.0,0.0
2330,20,Magnet housing,1.46,0.67,0.0,0.51,0.0,0.18,18.28,1.7,7.85,0.0,68.93,0.42,0.0,0.0,0.0,0.0,0.0,0.0,0.0,0.0,0.0,0.0
2331,21,Magnet housing,1.56,0.66,0.0,0.5,0.0,0.19,18.45,1.48,7.56,0.0,69.23,0.37,0.0,0.0,0.0,0.0,0.0,0.0,0.0,0.0,0.0,0.0
2332,22,Magnet housing,1.9,0.58,0.0,0.42,0.0,0.19,16.99,1.56,7.84,0.0,70.12,0.4,0.0,0.0,0.0,0.0,0.0,0.0,0.0,0.0,0.0,0.0
2333,23,Magnet housing,1.42,0.57,0.0,0.42,0.0,0.21,16.97,1.63,8.08,0.0,70.23,0.47,0.0,0.0,0.0,0.0,0.0,0.0,0.0,0.0,0.0,0.0
2334,24,Magnet housing,1.27,0.58,0.0,0.46,0.0,0.2,17.53,1.66,8.25,0.0,69.53,0.52,0.0,0.0,0.0,0.0,0.0,0.0,0.0,0.0,0.0,0.0
2335,25,Magnet housing,1.3,0.61,0.0,0.48,0.0,0.21,19.01,1.64,7.78,0.0,68.51,0.46,0.0,0.0,0.0,0.0,0.0,0.0,0.0,0.0,0.0,0.0
2336,26,Magnet housing,1.33,0.79,0.0,0.51,0.0,0.18,17.78,1.8,8.1,0.0,69.03,0.48,0.0,0.0,0.0,0.0,0.0,0.0,0.0,0.0,0.0,0.0
2337,27,Magnet housing,1.49,0.62,0.0,0.47,0.0,0.25,17.38,1.8,8.06,0.0,69.39,0.54,0.0,0.0,0.0,0.0,0.0,0.0,0.0,0.0,0.0,0.0
2338,28,Magnet housing,1.52,0.56,0.0,0.47,0.0,0.17,17.87,1.74,8.44,0.0,68.77,0.46,0.0,0.0,0.0,0.0,0.0,0.0,0.0,0.0,0.0,0.0
2339,29,Magnet housing,1.56,0.68,0.0,0.38,0.0,0.21,17.91,1.6,8.01,0.0,69.21,0.44,0.0,0.0,0.0,0.0,0.0,0.0,0.0,0.0,0.0,0.0
2340,30,Magnet housing,1.48,0.68,0.0,0.46,0.0,0.22,18.7,1.58,8.53,0.0,67.78,0.57,0.0,0.0,0.0,0.0,0.0,0.0,0.0,0.0,0.0,0.0
2341,31,Magnet housing,1.3,0.59,0.0,0.49,0.0,0.17,17.14,1.69,7.86,0.0,70.32,0.44,0.0,0.0,0.0,0.0,0.0,0.0,0.0,0.0,0.0,0.0
2342,32,Magnet housing,1.41,0.55,0.0,0.45,0.0,0.16,18.04,1.79,7.84,0.0,69.24,0.52,0.0,0.0,0.0,0.0,0.0,0.0,0.0,0.0,0.0,0.0
2343,33,Magnet housing,1.4,0.64,0.0,0.43,0.0,0.19,17.97,1.9,7.91,0.0,69.05,0.51,0.0,0.0,0.0,0.0,0.0,0.0,0.0,0.0,0.0,0.0
2344,34,Magnet housing,1.32,0.61,0.0,0.44,0.0,0.22,17.21,1.72,7.77,0.0,70.18,0.53,0.0,0.0,0.0,0.0,0.0,0.0,0.0,0.0,0.0,0.0
2345,35,Magnet housing,1.34,0.64,0.0,0.47,0.0,0.2,17.67,1.61,8.61,0.0,69.01,0.45,0.0,0.0,0.0,0.0,0.0,0.0,0.0,0.0,0.0,0.0
2346,36,Magnet housing,0.94,0.75,0.0,0.46,0.0,0.17,19.12,1.63,7.95,0.0,68.42,0.56,0.0,0.0,0.0,0.0,0.0,0.0,0.0,0.0,0.0,0.0
2347,37,Magnet housing,1.43,0.57,0.0,0.47,0.0,0.23,17.47,1.54,7.95,0.0,69.94,0.4,0.0,0.0,0.0,0.0,0.0,0.0,0.0,0.0,0.0,0.0
2348,38,Magnet housing,1.33,0.6,0.0,0.47,0.0,0.13,17.58,1.68,7.45,0.0,70.37,0.39,0.0,0.0,0.0,0.0,0.0,0.0,0.0,0.0,0.0,0.0
2349,39,Magnet housing,1.22,0.67,0.0,0.44,0.0,0.19,18.72,2.0,8.4,0.0,67.77,0.59,0.0,0.0,0.0,0.0,0.0,0.0,0.0,0.0,0.0,0.0
2350,40,Magnet housing,1.6,0.76,0.0,0.42,0.0,0.16,18.32,1.75,8.64,0.0,67.92,0.43,0.0,0.0,0.0,0.0,0.0,0.0,0.0,0.0,0.0,0.0
2351,41,Magnet housing,1.37,0.72,0.0,0.48,0.0,0.2,17.77,1.71,8.17,0.0,69.13,0.45,0.0,0.0,0.0,0.0,0.0,0.0,0.0,0.0,0.0,0.0
2352,42,Magnet housing,1.74,0.71,0.0,0.53,0.0,0.2,18.43,1.96,8.44,0.0,67.59,0.4,0.0,0.0,0.0,0.0,0.0,0.0,0.0,0.0,0.0,0.0
2353,43,Magnet housing,1.88,0.66,0.0,0.52,0.0,0.25,18.31,1.84,8.13,0.0,67.91,0.5,0.0,0.0,0.0,0.0,0.0,0.0,0.0,0.0,0.0,0.0
2354,44,Magnet housing,1.31,0.66,0.0,0.55,0.0,0.21,18.04,1.77,7.78,0.0,69.22,0.46,0.0,0.0,0.0,0.0,0.0,0.0,0.0,0.0,0.0,0.0
2355,45,Magnet housing,1.29,0.65,0.0,0.52,0.0,0.2,18.12,1.75,8.09,0.0,68.95,0.43,0.0,0.0,0.0,0.0,0.0,0.0,0.0,0.0,0.0,0.0
2356,46,Magnet housing,1.36,0.63,0.0,0.44,0.0,0.21,17.65,1.97,7.79,0.0,69.52,0.43,0.0,0.0,0.0,0.0,0.0,0.0,0.0,0.0,0.0,0.0
2357,47,Magnet housing,1.28,0.78,0.0,0.46,0.0,0.26,18.16,1.54,8.55,0.0,68.5,0.47,0.0,0.0,0.0,0.0,0.0,0.0,0.0,0.0,0.0,0.0
2358,48,Magnet housing,1.46,0.63,0.0,0.46,0.0,0.2,17.18,1.6,7.9,0.0,70.06,0.51,0.0,0.0,0.0,0.0,0.0,0.0,0.0,0.0,0.0,0.0
2359,49,Magnet housing,1.58,0.58,0.0,0.42,0.0,0.19,17.83,1.58,8.17,0.0,69.11,0.54,0.0,0.0,0.0,0.0,0.0,0.0,0.0,0.0,0.0,0.0
2360,50,Magnet housing,1.61,0.7,0.0,0.46,0.0,0.22,17.89,2.02,8.32,0.0,68.33,0.45,0.0,0.0,0.0,0.0,0.0,0.0,0.0,0.0,0.0,0.0
2361,51,Magnet housing,1.19,0.74,0.0,0.41,0.0,0.21,19.15,1.7,7.56,0.0,68.64,0.4,0.0,0.0,0.0,0.0,0.0,0.0,0.0,0.0,0.0,0.0
2362,52,Magnet housing,1.32,0.66,0.0,0.46,0.0,0.17,19.21,1.77,8.66,0.0,67.23,0.52,0.0,0.0,0.0,0.0,0.0,0.0,0.0,0.0,0.0,0.0
2363,53,Magnet housing,1.31,0.66,0.0,0.49,0.0,0.22,18.07,1.51,7.42,0.0,69.84,0.48,0.0,0.0,0.0,0.0,0.0,0.0,0.0,0.0,0.0,0.0
2364,54,Magnet housing,1.31,0.61,0.0,0.44,0.0,0.19,17.5,1.53,7.73,0.0,70.16,0.53,0.0,0.0,0.0,0.0,0.0,0.0,0.0,0.0,0.0,0.0
2365,55,Magnet housing,1.18,0.61,0.0,0.43,0.0,0.15,17.1,1.57,7.85,0.0,70.7,0.41,0.0,0.0,0.0,0.0,0.0,0.0,0.0,0.0,0.0,0.0
2366,56,Magnet housing,1.45,0.65,0.0,0.54,0.0,0.18,17.53,1.69,8.39,0.0,69.12,0.45,0.0,0.0,0.0,0.0,0.0,0.0,0.0,0.0,0.0,0.0
2367,57,Magnet housing,1.45,0.68,0.0,0.42,0.0,0.2,17.71,1.74,7.61,0.0,69.73,0.46,0.0,0.0,0.0,0.0,0.0,0.0,0.0,0.0,0.0,0.0
2368,58,Magnet housing,1.55,0.66,0.0,0.54,0.0,0.19,16.84,1.53,8.08,0.0,70.11,0.5,0.0,0.0,0.0,0.0,0.0,0.0,0.0,0.0,0.0,0.0
2369,59,Magnet housing,1.34,0.67,0.0,0.46,0.0,0.17,18.9,1.68,8.4,0.0,67.97,0.41,0.0,0.0,0.0,0.0,0.0,0.0,0.0,0.0,0.0,0.0
2370,60,Magnet housing,1.42,0.64,0.0,0.5,0.0,0.23,18.13,1.55,8.51,0.0,68.51,0.51,0.0,0.0,0.0,0.0,0.0,0.0,0.0,0.0,0.0,0.0
2371,61,Magnet housing,1.42,0.72,0.0,0.52,0.0,0.16,18.58,1.68,8.28,0.0,68.2,0.44,0.0,0.0,0.0,0.0,0.0,0.0,0.0,0.0,0.0,0.0
2372,62,Magnet housing,1.88,0.67,0.0,0.46,0.0,0.17,17.97,1.69,8.29,0.0,68.45,0.42,0.0,0.0,0.0,0.0,0.0,0.0,0.0,0.0,0.0,0.0
2373,63,Magnet housing,1.48,0.73,0.0,0.42,0.0,0.22,17.58,1.65,8.14,0.0,69.32,0.46,0.0,0.0,0.0,0.0,0.0,0.0,0.0,0.0,0.0,0.0
2374,64,Magnet housing,1.4,0.61,0.0,0.49,0.0,0.24,16.5,1.78,7.65,0.0,70.96,0.37,0.0,0.0,0.0,0.0,0.0,0.0,0.0,0.0,0.0,0.0
2375,65,Magnet housing,2.05,0.72,0.0,0.44,0.0,0.21,18.82,1.69,8.58,0.0,67.06,0.43,0.0,0.0,0.0,0.0,0.0,0.0,0.0,0.0,0.0,0.0
2376,66,Magnet housing,1.54,0.73,0.0,0.48,0.0,0.23,18.43,1.45,8.38,0.0,68.34,0.42,0.0,0.0,0.0,0.0,0.0,0.0,0.0,0.0,0.0,0.0
2377,67,Magnet housing,1.42,0.65,0.0,0.51,0.0,0.19,17.46,1.81,8.25,0.0,69.34,0.37,0.0,0.0,0.0,0.0,0.0,0.0,0.0,0.0,0.0,0.0
2378,68,Magnet housing,1.36,0.85,0.0,0.42,0.0,0.22,18.66,1.81,8.22,0.0,67.94,0.52,0.0,0.0,0.0,0.0,0.0,0.0,0.0,0.0,0.0,0.0
2379,69,Magnet housing,1.74,0.66,0.0,0.49,0.0,0.22,18.81,1.63,7.85,0.0,68.2,0.4,0.0,0.0,0.0,0.0,0.0,0.0,0.0,0.0,0.0,0.0
2380,70,Magnet housing,1.13,0.71,0.0,0.43,0.0,0.22,18.83,1.67,8.55,0.0,67.97,0.49,0.0,0.0,0.0,0.0,0.0,0.0,0.0,0.0,0.0,0.0
2381,71,Magnet housing,1.32,0.55,0.0,0.44,0.0,0.19,16.7,1.72,7.73,0.0,70.94,0.41,0.0,0.0,0.0,0.0,0.0,0.0,0.0,0.0,0.0,0.0
2382,72,Magnet housing,1.45,0.53,0.0,0.42,0.0,0.18,17.13,1.74,8.08,0.0,70.0,0.47,0.0,0.0,0.0,0.0,0.0,0.0,0.0,0.0,0.0,0.0
2383,73,Magnet housing,1.33,0.67,0.0,0.47,0.0,0.18,17.5,1.86,8.02,0.0,69.45,0.52,0.0,0.0,0.0,0.0,0.0,0.0,0.0,0.0,0.0,0.0
2384,74,Magnet housing,1.38,0.59,0.0,0.44,0.0,0.19,18.89,1.58,8.72,0.0,67.64,0.57,0.0,0.0,0.0,0.0,0.0,0.0,0.0,0.0,0.0,0.0
2385,75,Magnet housing,1.02,0.51,0.0,0.41,0.0,0.19,18.83,1.63,7.86,0.0,69.06,0.49,0.0,0.0,0.0,0.0,0.0,0.0,0.0,0.0,0.0,0.0
2386,76,Magnet housing,1.2,0.64,0.0,0.42,0.0,0.18,16.47,1.35,7.46,0.0,71.91,0.37,0.0,0.0,0.0,0.0,0.0,0.0,0.0,0.0,0.0,0.0
2387,77,Magnet housing,1.34,0.7,0.0,0.4,0.0,0.2,17.65,1.82,8.32,0.0,69.0,0.57,0.0,0.0,0.0,0.0,0.0,0.0,0.0,0.0,0.0,0.0
2388,78,Magnet housing,1.51,0.67,0.0,0.46,0.0,0.16,17.19,1.48,7.85,0.0,70.22,0.46,0.0,0.0,0.0,0.0,0.0,0.0,0.0,0.0,0.0,0.0
2389,79,Magnet housing,1.32,0.63,0.0,0.39,0.0,0.24,17.87,1.8,8.59,0.0,68.77,0.39,0.0,0.0,0.0,0.0,0.0,0.0,0.0,0.0,0.0,0.0
2390,80,Magnet housing,1.4,0.65,0.0,0.4,0.0,0.18,17.35,1.75,7.97,0.0,69.84,0.46,0.0,0.0,0.0,0.0,0.0,0.0,0.0,0.0,0.0,0.0
2391,81,Magnet housing,1.41,0.6,0.0,0.39,0.0,0.21,16.54,1.7,7.71,0.0,71.01,0.43,0.0,0.0,0.0,0.0,0.0,0.0,0.0,0.0,0.0,0.0
2392,82,Magnet housing,1.48,0.58,0.0,0.47,0.0,0.2,18.2,1.68,7.74,0.0,69.03,0.62,0.0,0.0,0.0,0.0,0.0,0.0,0.0,0.0,0.0,0.0
2393,83,Magnet housing,1.28,0.71,0.0,0.42,0.0,0.2,16.4,1.57,7.87,0.0,71.14,0.41,0.0,0.0,0.0,0.0,0.0,0.0,0.0,0.0,0.0,0.0
2394,84,Magnet housing,1.22,0.67,0.0,0.46,0.0,0.24,17.99,1.63,7.95,0.0,69.34,0.5,0.0,0.0,0.0,0.0,0.0,0.0,0.0,0.0,0.0,0.0
2395,85,Magnet housing,1.67,0.53,0.0,0.5,0.0,0.21,16.77,1.78,8.09,0.0,69.93,0.52,0.0,0.0,0.0,0.0,0.0,0.0,0.0,0.0,0.0,0.0
2396,86,Magnet housing,1.36,0.72,0.0,0.5,0.0,0.17,17.58,1.54,7.42,0.0,70.26,0.45,0.0,0.0,0.0,0.0,0.0,0.0,0.0,0.0,0.0,0.0
2397,87,Magnet housing,1.33,0.62,0.0,0.44,0.0,0.18,17.54,1.65,8.17,0.0,69.71,0.36,0.0,0.0,0.0,0.0,0.0,0.0,0.0,0.0,0.0,0.0
2398,88,Magnet housing,1.23,0.72,0.0,0.41,0.0,0.19,17.98,1.7,7.88,0.0,69.49,0.4,0.0,0.0,0.0,0.0,0.0,0.0,0.0,0.0,0.0,0.0
2399,89,Magnet housing,1.67,0.66,0.0,0.44,0.0,0.22,17.58,1.86,8.2,0.0,68.9,0.47,0.0,0.0,0.0,0.0,0.0,0.0,0.0,0.0,0.0,0.0
2400,90,Magnet housing,1.52,0.73,0.0,0.46,0.0,0.25,18.2,1.53,8.91,0.0,67.96,0.44,0.0,0.0,0.0,0.0,0.0,0.0,0.0,0.0,0.0,0.0
2401,91,Magnet housing,1.13,0.55,0.0,0.5,0.0,0.19,16.81,1.51,8.19,0.0,70.59,0.53,0.0,0.0,0.0,0.0,0.0,0.0,0.0,0.0,0.0,0.0
2402,92,Magnet housing,1.44,0.78,0.0,0.41,0.0,0.18,17.55,1.7,7.84,0.0,69.75,0.35,0.0,0.0,0.0,0.0,0.0,0.0,0.0,0.0,0.0,0.0
2403,93,Magnet housing,1.45,0.79,0.0,0.48,0.0,0.24,17.5,1.71,8.04,0.0,69.27,0.52,0.0,0.0,0.0,0.0,0.0,0.0,0.0,0.0,0.0,0.0
2404,94,Magnet housing,1.31,0.75,0.0,0.43,0.0,0.23,17.49,1.78,7.77,0.0,69.69,0.55,0.0,0.0,0.0,0.0,0.0,0.0,0.0,0.0,0.0,0.0
2405,95,Magnet housing,1.35,0.84,0.0,0.45,0.0,0.2,16.69,1.45,7.85,0.0,70.64,0.53,0.0,0.0,0.0,0.0,0.0,0.0,0.0,0.0,0.0,0.0
2406,96,Magnet housing,1.04,0.62,0.0,0.45,0.0,0.22,17.68,1.58,8.24,0.0,69.62,0.55,0.0,0.0,0.0,0.0,0.0,0.0,0.0,0.0,0.0,0.0
2407,97,Magnet housing,1.65,0.86,0.0,0.4,0.0,0.23,18.43,1.75,8.79,0.0,67.37,0.52,0.0,0.0,0.0,0.0,0.0,0.0,0.0,0.0,0.0,0.0
2408,98,Magnet housing,2.1,0.63,0.0,0.41,0.0,0.17,18.51,1.57,8.04,0.0,68.08,0.49,0.0,0.0,0.0,0.0,0.0,0.0,0.0,0.0,0.0,0.0
2409,99,Magnet housing,1.19,0.66,0.0,0.43,0.0,0.19,19.45,1.56,8.5,0.0,67.52,0.5,0.0,0.0,0.0,0.0,0.0,0.0,0.0,0.0,0.0,0.0
2410,1,NR Nut,13.21,17.6,0.0,0.27,5.89,0.02,0.0,1.06,0.0,0.0,47.5,0.0,0.0,0.0,14.37,0.0,0.0,0.0,0.08,0.0,0.0,0.0
2411,2,NR Nut,11.74,20.18,0.0,0.19,4.91,0.03,0.0,0.67,0.0,0.0,47.2,0.0,0.0,0.0,15.02,0.0,0.0,0.0,0.06,0.0,0.0,0.0
2412,3,NR Nut,14.77,21.16,0.0,0.29,7.33,0.03,0.0,0.93,0.0,0.0,39.3,0.0,0.0,0.0,16.11,0.0,0.0,0.0,0.08,0.0,0.0,0.0
2413,4,NR Nut,13.26,17.57,0.0,0.25,6.27,0.03,0.0,0.93,0.0,0.0,47.22,0.0,0.0,0.0,14.38,0.0,0.0,0.0,0.09,0.0,0.0,0.0
2414,5,NR Nut,13.7,17.09,0.0,0.36,7.28,0.02,0.0,1.26,0.0,0.0,45.2,0.0,0.0,0.0,15.0,0.0,0.0,0.0,0.09,0.0,0.0,0.0
2415,6,NR Nut,14.59,19.95,0.0,0.33,5.67,0.02,0.0,1.03,0.0,0.0,43.52,0.0,0.0,0.0,14.82,0.0,0.0,0.0,0.07,0.0,0.0,0.0
2416,7,NR Nut,10.43,13.98,0.0,0.21,5.28,0.02,0.0,0.98,0.0,0.0,55.67,0.0,0.0,0.0,13.37,0.0,0.0,0.0,0.06,0.0,0.0,0.0
2417,8,NR Nut,13.52,14.88,0.0,0.21,4.99,0.02,0.0,0.63,0.0,0.0,52.61,0.0,0.0,0.0,13.08,0.0,0.0,0.0,0.06,0.0,0.0,0.0
2418,9,NR Nut,16.2,19.48,0.0,0.25,7.0,0.02,0.0,0.81,0.0,0.0,39.52,0.0,0.0,0.0,16.64,0.0,0.0,0.0,0.08,0.0,0.0,0.0
2419,10,NR Nut,12.75,22.39,0.0,0.23,6.87,0.02,0.0,1.08,0.0,0.0,41.9,0.0,0.0,0.0,14.71,0.0,0.0,0.0,0.05,0.0,0.0,0.0
2420,11,NR Nut,12.06,17.67,0.0,0.22,5.94,0.02,0.0,0.87,0.0,0.0,46.14,0.0,0.0,0.0,17.02,0.0,0.0,0.0,0.06,0.0,0.0,0.0
2421,12,NR Nut,12.79,17.95,0.0,0.24,5.65,0.02,0.0,0.8,0.0,0.0,47.31,0.0,0.0,0.0,15.17,0.0,0.0,0.0,0.07,0.0,0.0,0.0
2422,13,NR Nut,12.43,20.39,0.0,0.28,5.16,0.02,0.0,0.91,0.0,0.0,42.96,0.0,0.0,0.0,17.78,0.0,0.0,0.0,0.07,0.0,0.0,0.0
2423,14,NR Nut,8.95,17.45,0.0,0.19,5.93,0.02,0.0,0.86,0.0,0.0,54.03,0.0,0.0,0.0,12.52,0.0,0.0,0.0,0.05,0.0,0.0,0.0
2424,15,NR Nut,12.51,16.01,0.0,0.24,4.65,0.02,0.0,0.93,0.0,0.0,50.94,0.0,0.0,0.0,14.63,0.0,0.0,0.0,0.07,0.0,0.0,0.0
2425,16,NR Nut,11.33,18.2,0.0,0.28,6.75,0.03,0.0,1.04,0.0,0.0,46.38,0.0,0.0,0.0,15.91,0.0,0.0,0.0,0.08,0.0,0.0,0.0
2426,17,NR Nut,10.69,16.91,0.0,0.22,4.34,0.02,0.0,0.84,0.0,0.0,53.87,0.0,0.0,0.0,13.04,0.0,0.0,0.0,0.07,0.0,0.0,0.0
2427,18,NR Nut,13.14,21.95,0.0,0.23,7.1,0.02,0.0,0.79,0.0,0.0,42.68,0.0,0.0,0.0,14.01,0.0,0.0,0.0,0.08,0.0,0.0,0.0
2428,19,NR Nut,12.26,15.55,0.0,0.25,5.7,0.02,0.0,1.04,0.0,0.0,50.08,0.0,0.0,0.0,15.02,0.0,0.0,0.0,0.08,0.0,0.0,0.0
2429,20,NR Nut,13.75,18.21,0.0,0.28,8.1,0.02,0.0,0.84,0.0,0.0,44.01,0.0,0.0,0.0,14.71,0.0,0.0,0.0,0.08,0.0,0.0,0.0
2430,21,NR Nut,11.85,14.33,0.0,0.25,6.62,0.02,0.0,0.71,0.0,0.0,50.69,0.0,0.0,0.0,15.45,0.0,0.0,0.0,0.08,0.0,0.0,0.0
2431,22,NR Nut,12.81,16.3,0.0,0.24,4.47,0.02,0.0,0.99,0.0,0.0,50.49,0.0,0.0,0.0,14.6,0.0,0.0,0.0,0.08,0.0,0.0,0.0
2432,23,NR Nut,13.23,20.98,0.0,0.24,4.77,0.03,0.0,0.87,0.0,0.0,43.37,0.0,0.0,0.0,16.42,0.0,0.0,0.0,0.09,0.0,0.0,0.0
2433,24,NR Nut,9.74,19.59,0.0,0.24,7.0,0.02,0.0,0.93,0.0,0.0,46.61,0.0,0.0,0.0,15.81,0.0,0.0,0.0,0.06,0.0,0.0,0.0
2434,25,NR Nut,12.58,16.08,0.0,0.22,5.98,0.02,0.0,1.1,0.0,0.0,47.07,0.0,0.0,0.0,16.87,0.0,0.0,0.0,0.08,0.0,0.0,0.0
2435,26,NR Nut,13.5,21.04,0.0,0.21,5.79,0.03,0.0,0.98,0.0,0.0,40.88,0.0,0.0,0.0,17.47,0.0,0.0,0.0,0.1,0.0,0.0,0.0
2436,27,NR Nut,12.2,16.54,0.0,0.23,5.99,0.03,0.0,1.0,0.0,0.0,48.57,0.0,0.0,0.0,15.37,0.0,0.0,0.0,0.07,0.0,0.0,0.0
2437,28,NR Nut,14.94,16.7,0.0,0.27,6.4,0.02,0.0,0.74,0.0,0.0,47.5,0.0,0.0,0.0,13.36,0.0,0.0,0.0,0.07,0.0,0.0,0.0
2438,29,NR Nut,11.63,14.87,0.0,0.25,6.9,0.02,0.0,0.76,0.0,0.0,50.7,0.0,0.0,0.0,14.77,0.0,0.0,0.0,0.1,0.0,0.0,0.0
2439,30,NR Nut,12.2,14.58,0.0,0.23,5.8,0.02,0.0,0.95,0.0,0.0,52.36,0.0,0.0,0.0,13.78,0.0,0.0,0.0,0.08,0.0,0.0,0.0
2440,31,NR Nut,12.46,19.33,0.0,0.2,5.5,0.02,0.0,0.94,0.0,0.0,43.96,0.0,0.0,0.0,17.51,0.0,0.0,0.0,0.08,0.0,0.0,0.0
2441,32,NR Nut,10.98,15.51,0.0,0.21,6.22,0.02,0.0,0.81,0.0,0.0,52.59,0.0,0.0,0.0,13.59,0.0,0.0,0.0,0.07,0.0,0.0,0.0
2442,33,NR Nut,15.99,17.75,0.0,0.28,8.04,0.02,0.0,0.93,0.0,0.0,41.18,0.0,0.0,0.0,15.73,0.0,0.0,0.0,0.08,0.0,0.0,0.0
2443,34,NR Nut,9.19,17.6,0.0,0.22,4.5,0.02,0.0,0.56,0.0,0.0,56.47,0.0,0.0,0.0,11.38,0.0,0.0,0.0,0.06,0.0,0.0,0.0
2444,35,NR Nut,9.39,17.25,0.0,0.26,6.75,0.02,0.0,1.01,0.0,0.0,48.63,0.0,0.0,0.0,16.62,0.0,0.0,0.0,0.07,0.0,0.0,0.0
2445,36,NR Nut,11.09,16.57,0.0,0.26,4.48,0.02,0.0,0.87,0.0,0.0,51.75,0.0,0.0,0.0,14.88,0.0,0.0,0.0,0.08,0.0,0.0,0.0
2446,37,NR Nut,12.59,19.3,0.0,0.26,6.76,0.02,0.0,0.88,0.0,0.0,43.61,0.0,0.0,0.0,16.5,0.0,0.0,0.0,0.08,0.0,0.0,0.0
2447,38,NR Nut,11.7,19.32,0.0,0.31,5.76,0.02,0.0,1.05,0.0,0.0,44.72,0.0,0.0,0.0,17.05,0.0,0.0,0.0,0.07,0.0,0.0,0.0
2448,39,NR Nut,13.31,18.07,0.0,0.3,5.51,0.02,0.0,1.19,0.0,0.0,45.8,0.0,0.0,0.0,15.71,0.0,0.0,0.0,0.09,0.0,0.0,0.0
2449,40,NR Nut,11.97,17.68,0.0,0.28,5.92,0.02,0.0,0.92,0.0,0.0,46.43,0.0,0.0,0.0,16.71,0.0,0.0,0.0,0.07,0.0,0.0,0.0
2450,41,NR Nut,12.19,16.71,0.0,0.28,6.21,0.02,0.0,0.66,0.0,0.0,49.48,0.0,0.0,0.0,14.38,0.0,0.0,0.0,0.07,0.0,0.0,0.0
2451,42,NR Nut,12.44,16.9,0.0,0.28,5.35,0.02,0.0,0.86,0.0,0.0,47.72,0.0,0.0,0.0,16.37,0.0,0.0,0.0,0.06,0.0,0.0,0.0
2452,43,NR Nut,13.39,15.69,0.0,0.31,6.86,0.02,0.0,0.9,0.0,0.0,47.74,0.0,0.0,0.0,15.0,0.0,0.0,0.0,0.09,0.0,0.0,0.0
2453,44,NR Nut,11.9,18.4,0.0,0.3,6.09,0.02,0.0,0.82,0.0,0.0,45.24,0.0,0.0,0.0,17.15,0.0,0.0,0.0,0.08,0.0,0.0,0.0
2454,45,NR Nut,11.11,14.45,0.0,0.2,5.99,0.02,0.0,1.03,0.0,0.0,52.31,0.0,0.0,0.0,14.82,0.0,0.0,0.0,0.07,0.0,0.0,0.0
2455,46,NR Nut,10.22,17.79,0.0,0.26,7.15,0.02,0.0,0.69,0.0,0.0,47.79,0.0,0.0,0.0,16.02,0.0,0.0,0.0,0.06,0.0,0.0,0.0
2456,47,NR Nut,13.65,14.51,0.0,0.24,5.97,0.03,0.0,0.9,0.0,0.0,48.9,0.0,0.0,0.0,15.74,0.0,0.0,0.0,0.06,0.0,0.0,0.0
2457,48,NR Nut,16.7,17.63,0.0,0.27,7.07,0.02,0.0,1.0,0.0,0.0,40.6,0.0,0.0,0.0,16.63,0.0,0.0,0.0,0.08,0.0,0.0,0.0
2458,49,NR Nut,12.97,11.17,0.0,0.29,6.89,0.02,0.0,0.71,0.0,0.0,54.29,0.0,0.0,0.0,13.58,0.0,0.0,0.0,0.08,0.0,0.0,0.0
2459,50,NR Nut,14.18,17.76,0.0,0.33,8.3,0.02,0.0,0.84,0.0,0.0,41.24,0.0,0.0,0.0,17.27,0.0,0.0,0.0,0.06,0.0,0.0,0.0
2460,51,NR Nut,13.53,19.51,0.0,0.26,6.75,0.03,0.0,0.77,0.0,0.0,43.19,0.0,0.0,0.0,15.87,0.0,0.0,0.0,0.09,0.0,0.0,0.0
2461,52,NR Nut,13.83,16.72,0.0,0.21,7.22,0.02,0.0,1.09,0.0,0.0,46.39,0.0,0.0,0.0,14.45,0.0,0.0,0.0,0.07,0.0,0.0,0.0
2462,53,NR Nut,14.28,18.0,0.0,0.24,5.61,0.02,0.0,0.97,0.0,0.0,43.5,0.0,0.0,0.0,17.3,0.0,0.0,0.0,0.08,0.0,0.0,0.0
2463,54,NR Nut,11.73,17.86,0.0,0.26,6.04,0.02,0.0,1.3,0.0,0.0,47.51,0.0,0.0,0.0,15.19,0.0,0.0,0.0,0.09,0.0,0.0,0.0
2464,55,NR Nut,11.44,19.86,0.0,0.28,6.38,0.02,0.0,1.08,0.0,0.0,45.68,0.0,0.0,0.0,15.19,0.0,0.0,0.0,0.07,0.0,0.0,0.0
2465,56,NR Nut,11.13,19.12,0.0,0.25,6.42,0.03,0.0,0.84,0.0,0.0,48.42,0.0,0.0,0.0,13.71,0.0,0.0,0.0,0.08,0.0,0.0,0.0
2466,57,NR Nut,12.97,20.98,0.0,0.27,5.7,0.02,0.0,0.85,0.0,0.0,44.45,0.0,0.0,0.0,14.7,0.0,0.0,0.0,0.06,0.0,0.0,0.0
2467,58,NR Nut,10.39,18.2,0.0,0.28,7.16,0.02,0.0,0.88,0.0,0.0,46.95,0.0,0.0,0.0,16.04,0.0,0.0,0.0,0.08,0.0,0.0,0.0
2468,59,NR Nut,12.06,20.89,0.0,0.22,6.2,0.02,0.0,1.01,0.0,0.0,45.66,0.0,0.0,0.0,13.86,0.0,0.0,0.0,0.08,0.0,0.0,0.0
2469,60,NR Nut,13.91,20.3,0.0,0.32,6.65,0.02,0.0,1.02,0.0,0.0,39.41,0.0,0.0,0.0,18.29,0.0,0.0,0.0,0.08,0.0,0.0,0.0
2470,61,NR Nut,10.01,19.61,0.0,0.26,6.65,0.02,0.0,1.13,0.0,0.0,45.74,0.0,0.0,0.0,16.51,0.0,0.0,0.0,0.07,0.0,0.0,0.0
2471,62,NR Nut,9.92,19.07,0.0,0.24,5.8,0.02,0.0,1.08,0.0,0.0,50.38,0.0,0.0,0.0,13.41,0.0,0.0,0.0,0.08,0.0,0.0,0.0
2472,63,NR Nut,11.89,19.09,0.0,0.28,6.16,0.02,0.0,0.91,0.0,0.0,44.4,0.0,0.0,0.0,17.16,0.0,0.0,0.0,0.09,0.0,0.0,0.0
2473,64,NR Nut,9.83,16.05,0.0,0.22,5.58,0.02,0.0,0.74,0.0,0.0,52.64,0.0,0.0,0.0,14.85,0.0,0.0,0.0,0.07,0.0,0.0,0.0
2474,65,NR Nut,12.48,18.45,0.0,0.24,6.12,0.02,0.0,0.9,0.0,0.0,44.76,0.0,0.0,0.0,16.97,0.0,0.0,0.0,0.06,0.0,0.0,0.0
2475,66,NR Nut,11.1,18.67,0.0,0.28,5.95,0.02,0.0,0.9,0.0,0.0,49.22,0.0,0.0,0.0,13.79,0.0,0.0,0.0,0.07,0.0,0.0,0.0
2476,67,NR Nut,9.81,20.86,0.0,0.21,6.56,0.02,0.0,0.91,0.0,0.0,46.52,0.0,0.0,0.0,15.04,0.0,0.0,0.0,0.07,0.0,0.0,0.0
2477,68,NR Nut,12.29,18.16,0.0,0.3,6.65,0.03,0.0,1.57,0.0,0.0,42.46,0.0,0.0,0.0,18.45,0.0,0.0,0.0,0.09,0.0,0.0,0.0
2478,69,NR Nut,14.73,19.84,0.0,0.22,6.12,0.02,0.0,0.83,0.0,0.0,42.96,0.0,0.0,0.0,15.21,0.0,0.0,0.0,0.07,0.0,0.0,0.0
2479,70,NR Nut,11.82,18.33,0.0,0.26,6.73,0.02,0.0,0.87,0.0,0.0,47.81,0.0,0.0,0.0,14.1,0.0,0.0,0.0,0.06,0.0,0.0,0.0
2480,71,NR Nut,13.42,16.77,0.0,0.26,5.79,0.02,0.0,0.83,0.0,0.0,46.39,0.0,0.0,0.0,16.46,0.0,0.0,0.0,0.06,0.0,0.0,0.0
2481,72,NR Nut,13.18,19.02,0.0,0.24,6.61,0.02,0.0,1.24,0.0,0.0,44.25,0.0,0.0,0.0,15.37,0.0,0.0,0.0,0.07,0.0,0.0,0.0
2482,73,NR Nut,12.39,19.34,0.0,0.31,5.32,0.02,0.0,1.22,0.0,0.0,47.21,0.0,0.0,0.0,14.1,0.0,0.0,0.0,0.09,0.0,0.0,0.0
2483,74,NR Nut,12.9,12.57,0.0,0.21,6.26,0.03,0.0,0.79,0.0,0.0,52.26,0.0,0.0,0.0,14.9,0.0,0.0,0.0,0.08,0.0,0.0,0.0
2484,75,NR Nut,12.84,14.7,0.0,0.19,4.42,0.02,0.0,0.79,0.0,0.0,53.76,0.0,0.0,0.0,13.21,0.0,0.0,0.0,0.07,0.0,0.0,0.0
2485,76,NR Nut,9.88,21.03,0.0,0.28,5.96,0.02,0.0,0.93,0.0,0.0,47.73,0.0,0.0,0.0,14.1,0.0,0.0,0.0,0.07,0.0,0.0,0.0
2486,77,NR Nut,10.24,14.26,0.0,0.25,5.51,0.02,0.0,0.67,0.0,0.0,56.36,0.0,0.0,0.0,12.63,0.0,0.0,0.0,0.06,0.0,0.0,0.0
2487,78,NR Nut,12.48,19.72,0.0,0.32,7.53,0.03,0.0,0.91,0.0,0.0,44.29,0.0,0.0,0.0,14.64,0.0,0.0,0.0,0.08,0.0,0.0,0.0
2488,79,NR Nut,11.49,17.12,0.0,0.28,6.48,0.02,0.0,1.08,0.0,0.0,47.79,0.0,0.0,0.0,15.65,0.0,0.0,0.0,0.09,0.0,0.0,0.0
2489,80,NR Nut,10.45,19.83,0.0,0.26,6.04,0.03,0.0,1.05,0.0,0.0,46.3,0.0,0.0,0.0,15.96,0.0,0.0,0.0,0.08,0.0,0.0,0.0
2490,81,NR Nut,10.74,18.28,0.0,0.24,6.61,0.02,0.0,0.72,0.0,0.0,49.11,0.0,0.0,0.0,14.21,0.0,0.0,0.0,0.07,0.0,0.0,0.0
2491,82,NR Nut,11.61,14.69,0.0,0.27,5.85,0.02,0.0,0.98,0.0,0.0,53.46,0.0,0.0,0.0,13.03,0.0,0.0,0.0,0.09,0.0,0.0,0.0
2492,83,NR Nut,11.64,15.3,0.0,0.26,6.08,0.02,0.0,0.94,0.0,0.0,50.54,0.0,0.0,0.0,15.14,0.0,0.0,0.0,0.08,0.0,0.0,0.0
2493,84,NR Nut,10.68,15.77,0.0,0.2,5.2,0.02,0.0,0.91,0.0,0.0,53.38,0.0,0.0,0.0,13.77,0.0,0.0,0.0,0.07,0.0,0.0,0.0
2494,85,NR Nut,12.64,19.41,0.0,0.22,6.2,0.02,0.0,0.81,0.0,0.0,46.95,0.0,0.0,0.0,13.68,0.0,0.0,0.0,0.07,0.0,0.0,0.0
2495,86,NR Nut,10.84,17.77,0.0,0.23,5.74,0.02,0.0,0.64,0.0,0.0,51.42,0.0,0.0,0.0,13.28,0.0,0.0,0.0,0.06,0.0,0.0,0.0
2496,87,NR Nut,11.28,20.34,0.0,0.28,5.01,0.02,0.0,0.77,0.0,0.0,47.98,0.0,0.0,0.0,14.25,0.0,0.0,0.0,0.07,0.0,0.0,0.0
2497,88,NR Nut,10.1,18.52,0.0,0.24,7.28,0.02,0.0,0.98,0.0,0.0,47.84,0.0,0.0,0.0,14.95,0.0,0.0,0.0,0.07,0.0,0.0,0.0
2498,89,NR Nut,12.57,20.93,0.0,0.24,5.79,0.02,0.0,0.82,0.0,0.0,42.85,0.0,0.0,0.0,16.71,0.0,0.0,0.0,0.07,0.0,0.0,0.0
2499,90,NR Nut,11.53,19.12,0.0,0.27,6.17,0.02,0.0,1.13,0.0,0.0,46.47,0.0,0.0,0.0,15.2,0.0,0.0,0.0,0.09,0.0,0.0,0.0
2500,91,NR Nut,12.59,15.41,0.0,0.26,6.02,0.03,0.0,0.84,0.0,0.0,48.17,0.0,0.0,0.0,16.59,0.0,0.0,0.0,0.09,0.0,0.0,0.0
2501,92,NR Nut,12.35,12.54,0.0,0.23,6.01,0.02,0.0,0.95,0.0,0.0,52.37,0.0,0.0,0.0,15.45,0.0,0.0,0.0,0.08,0.0,0.0,0.0
2502,93,NR Nut,13.91,16.45,0.0,0.24,7.71,0.02,0.0,0.73,0.0,0.0,44.85,0.0,0.0,0.0,16.01,0.0,0.0,0.0,0.08,0.0,0.0,0.0
2503,94,NR Nut,12.38,19.13,0.0,0.24,7.61,0.02,0.0,0.96,0.0,0.0,43.83,0.0,0.0,0.0,15.76,0.0,0.0,0.0,0.07,0.0,0.0,0.0
2504,95,NR Nut,11.12,20.59,0.0,0.22,6.21,0.02,0.0,0.96,0.0,0.0,46.35,0.0,0.0,0.0,14.47,0.0,0.0,0.0,0.06,0.0,0.0,0.0
2505,96,NR Nut,12.61,17.41,0.0,0.26,6.5,0.02,0.0,0.8,0.0,0.0,47.26,0.0,0.0,0.0,15.07,0.0,0.0,0.0,0.07,0.0,0.0,0.0
2506,97,NR Nut,12.08,18.0,0.0,0.24,5.89,0.03,0.0,0.94,0.0,0.0,48.33,0.0,0.0,0.0,14.41,0.0,0.0,0.0,0.08,0.0,0.0,0.0
2507,98,NR Nut,15.97,14.72,0.0,0.28,6.57,0.02,0.0,1.06,0.0,0.0,46.17,0.0,0.0,0.0,15.13,0.0,0.0,0.0,0.08,0.0,0.0,0.0
2508,99,NR Nut,12.31,18.29,0.0,0.25,5.84,0.03,0.0,1.01,0.0,0.0,44.15,0.0,0.0,0.0,18.04,0.0,0.0,0.0,0.08,0.0,0.0,0.0
2509,1,Nozzle Spring,7.18,1.61,0.0,1.68,0.0,0.0,0.76,0.32,0.0,0.0,88.45,0.0,0.0,0.0,0.0,0.0,0.0,0.0,0.0,0.0,0.0,0.0
2510,2,Nozzle Spring,8.16,1.32,0.0,1.38,0.0,0.0,0.66,0.28,0.0,0.0,88.2,0.0,0.0,0.0,0.0,0.0,0.0,0.0,0.0,0.0,0.0,0.0
2511,3,Nozzle Spring,7.78,1.55,0.0,1.62,0.0,0.0,0.62,0.28,0.0,0.0,88.15,0.0,0.0,0.0,0.0,0.0,0.0,0.0,0.0,0.0,0.0,0.0
2512,4,Nozzle Spring,7.22,1.6,0.0,1.72,0.0,0.0,0.85,0.41,0.0,0.0,88.2,0.0,0.0,0.0,0.0,0.0,0.0,0.0,0.0,0.0,0.0,0.0
2513,5,Nozzle Spring,7.07,1.44,0.0,1.54,0.0,0.0,0.76,0.3,0.0,0.0,88.89,0.0,0.0,0.0,0.0,0.0,0.0,0.0,0.0,0.0,0.0,0.0
2514,6,Nozzle Spring,7.8,1.64,0.0,1.77,0.0,0.0,0.84,0.23,0.0,0.0,87.72,0.0,0.0,0.0,0.0,0.0,0.0,0.0,0.0,0.0,0.0,0.0
2515,7,Nozzle Spring,7.73,1.95,0.0,1.79,0.0,0.0,0.72,0.36,0.0,0.0,87.45,0.0,0.0,0.0,0.0,0.0,0.0,0.0,0.0,0.0,0.0,0.0
2516,8,Nozzle Spring,8.17,1.59,0.0,1.62,0.0,0.0,1.02,0.3,0.0,0.0,87.3,0.0,0.0,0.0,0.0,0.0,0.0,0.0,0.0,0.0,0.0,0.0
2517,9,Nozzle Spring,6.72,1.57,0.0,1.56,0.0,0.0,0.7,0.32,0.0,0.0,89.13,0.0,0.0,0.0,0.0,0.0,0.0,0.0,0.0,0.0,0.0,0.0
2518,10,Nozzle Spring,7.7,2.01,0.0,1.78,0.0,0.0,0.6,0.26,0.0,0.0,87.65,0.0,0.0,0.0,0.0,0.0,0.0,0.0,0.0,0.0,0.0,0.0
2519,11,Nozzle Spring,7.99,1.67,0.0,1.84,0.0,0.0,0.76,0.29,0.0,0.0,87.45,0.0,0.0,0.0,0.0,0.0,0.0,0.0,0.0,0.0,0.0,0.0
2520,12,Nozzle Spring,6.56,2.03,0.0,1.69,0.0,0.0,0.78,0.3,0.0,0.0,88.64,0.0,0.0,0.0,0.0,0.0,0.0,0.0,0.0,0.0,0.0,0.0
2521,13,Nozzle Spring,8.0,1.7,0.0,1.44,0.0,0.0,0.87,0.4,0.0,0.0,87.59,0.0,0.0,0.0,0.0,0.0,0.0,0.0,0.0,0.0,0.0,0.0
2522,14,Nozzle Spring,6.54,1.75,0.0,2.02,0.0,0.0,0.64,0.32,0.0,0.0,88.73,0.0,0.0,0.0,0.0,0.0,0.0,0.0,0.0,0.0,0.0,0.0
2523,15,Nozzle Spring,8.39,1.76,0.0,1.67,0.0,0.0,0.7,0.37,0.0,0.0,87.11,0.0,0.0,0.0,0.0,0.0,0.0,0.0,0.0,0.0,0.0,0.0
2524,16,Nozzle Spring,7.53,1.52,0.0,1.76,0.0,0.0,0.74,0.35,0.0,0.0,88.1,0.0,0.0,0.0,0.0,0.0,0.0,0.0,0.0,0.0,0.0,0.0
2525,17,Nozzle Spring,6.68,1.77,0.0,2.04,0.0,0.0,0.6,0.28,0.0,0.0,88.63,0.0,0.0,0.0,0.0,0.0,0.0,0.0,0.0,0.0,0.0,0.0
2526,18,Nozzle Spring,6.65,1.78,0.0,1.75,0.0,0.0,0.81,0.36,0.0,0.0,88.65,0.0,0.0,0.0,0.0,0.0,0.0,0.0,0.0,0.0,0.0,0.0
2527,19,Nozzle Spring,8.12,1.62,0.0,2.14,0.0,0.0,0.66,0.32,0.0,0.0,87.14,0.0,0.0,0.0,0.0,0.0,0.0,0.0,0.0,0.0,0.0,0.0
2528,20,Nozzle Spring,8.13,1.67,0.0,1.76,0.0,0.0,0.74,0.34,0.0,0.0,87.36,0.0,0.0,0.0,0.0,0.0,0.0,0.0,0.0,0.0,0.0,0.0
2529,21,Nozzle Spring,8.39,1.95,0.0,1.47,0.0,0.0,0.78,0.36,0.0,0.0,87.05,0.0,0.0,0.0,0.0,0.0,0.0,0.0,0.0,0.0,0.0,0.0
2530,22,Nozzle Spring,6.59,1.8,0.0,1.65,0.0,0.0,0.8,0.4,0.0,0.0,88.76,0.0,0.0,0.0,0.0,0.0,0.0,0.0,0.0,0.0,0.0,0.0
2531,23,Nozzle Spring,6.62,1.42,0.0,1.56,0.0,0.0,0.7,0.27,0.0,0.0,89.43,0.0,0.0,0.0,0.0,0.0,0.0,0.0,0.0,0.0,0.0,0.0
2532,24,Nozzle Spring,7.98,2.09,0.0,1.8,0.0,0.0,0.77,0.34,0.0,0.0,87.02,0.0,0.0,0.0,0.0,0.0,0.0,0.0,0.0,0.0,0.0,0.0
2533,25,Nozzle Spring,8.4,1.84,0.0,1.85,0.0,0.0,0.74,0.34,0.0,0.0,86.83,0.0,0.0,0.0,0.0,0.0,0.0,0.0,0.0,0.0,0.0,0.0
2534,26,Nozzle Spring,8.0,2.11,0.0,1.93,0.0,0.0,0.78,0.37,0.0,0.0,86.81,0.0,0.0,0.0,0.0,0.0,0.0,0.0,0.0,0.0,0.0,0.0
2535,27,Nozzle Spring,6.82,1.56,0.0,1.55,0.0,0.0,0.74,0.36,0.0,0.0,88.97,0.0,0.0,0.0,0.0,0.0,0.0,0.0,0.0,0.0,0.0,0.0
2536,28,Nozzle Spring,7.29,1.84,0.0,1.59,0.0,0.0,0.62,0.27,0.0,0.0,88.39,0.0,0.0,0.0,0.0,0.0,0.0,0.0,0.0,0.0,0.0,0.0
2537,29,Nozzle Spring,6.82,1.56,0.0,1.68,0.0,0.0,0.9,0.29,0.0,0.0,88.75,0.0,0.0,0.0,0.0,0.0,0.0,0.0,0.0,0.0,0.0,0.0
2538,30,Nozzle Spring,8.04,1.96,0.0,1.88,0.0,0.0,0.72,0.37,0.0,0.0,87.03,0.0,0.0,0.0,0.0,0.0,0.0,0.0,0.0,0.0,0.0,0.0
2539,31,Nozzle Spring,6.77,1.88,0.0,1.98,0.0,0.0,0.73,0.35,0.0,0.0,88.29,0.0,0.0,0.0,0.0,0.0,0.0,0.0,0.0,0.0,0.0,0.0
2540,32,Nozzle Spring,6.42,2.01,0.0,1.63,0.0,0.0,0.68,0.4,0.0,0.0,88.86,0.0,0.0,0.0,0.0,0.0,0.0,0.0,0.0,0.0,0.0,0.0
2541,33,Nozzle Spring,7.23,1.74,0.0,1.33,0.0,0.0,0.65,0.31,0.0,0.0,88.74,0.0,0.0,0.0,0.0,0.0,0.0,0.0,0.0,0.0,0.0,0.0
2542,34,Nozzle Spring,6.41,1.85,0.0,1.9,0.0,0.0,0.69,0.3,0.0,0.0,88.85,0.0,0.0,0.0,0.0,0.0,0.0,0.0,0.0,0.0,0.0,0.0
2543,35,Nozzle Spring,6.31,1.67,0.0,1.64,0.0,0.0,0.62,0.39,0.0,0.0,89.37,0.0,0.0,0.0,0.0,0.0,0.0,0.0,0.0,0.0,0.0,0.0
2544,36,Nozzle Spring,7.94,1.8,0.0,1.47,0.0,0.0,0.69,0.3,0.0,0.0,87.8,0.0,0.0,0.0,0.0,0.0,0.0,0.0,0.0,0.0,0.0,0.0
2545,37,Nozzle Spring,8.09,1.99,0.0,1.81,0.0,0.0,0.9,0.41,0.0,0.0,86.8,0.0,0.0,0.0,0.0,0.0,0.0,0.0,0.0,0.0,0.0,0.0
2546,38,Nozzle Spring,8.86,2.08,0.0,1.84,0.0,0.0,0.76,0.39,0.0,0.0,86.07,0.0,0.0,0.0,0.0,0.0,0.0,0.0,0.0,0.0,0.0,0.0
2547,39,Nozzle Spring,7.13,1.5,0.0,2.06,0.0,0.0,0.64,0.33,0.0,0.0,88.34,0.0,0.0,0.0,0.0,0.0,0.0,0.0,0.0,0.0,0.0,0.0
2548,40,Nozzle Spring,7.42,1.93,0.0,1.32,0.0,0.0,0.64,0.29,0.0,0.0,88.4,0.0,0.0,0.0,0.0,0.0,0.0,0.0,0.0,0.0,0.0,0.0
2549,41,Nozzle Spring,9.23,1.46,0.0,1.73,0.0,0.0,0.72,0.32,0.0,0.0,86.54,0.0,0.0,0.0,0.0,0.0,0.0,0.0,0.0,0.0,0.0,0.0
2550,42,Nozzle Spring,7.96,1.61,0.0,1.74,0.0,0.0,0.73,0.36,0.0,0.0,87.6,0.0,0.0,0.0,0.0,0.0,0.0,0.0,0.0,0.0,0.0,0.0
2551,43,Nozzle Spring,7.08,1.78,0.0,1.53,0.0,0.0,0.83,0.34,0.0,0.0,88.44,0.0,0.0,0.0,0.0,0.0,0.0,0.0,0.0,0.0,0.0,0.0
2552,44,Nozzle Spring,8.5,1.43,0.0,1.52,0.0,0.0,0.51,0.3,0.0,0.0,87.74,0.0,0.0,0.0,0.0,0.0,0.0,0.0,0.0,0.0,0.0,0.0
2553,45,Nozzle Spring,7.95,2.01,0.0,1.64,0.0,0.0,0.88,0.32,0.0,0.0,87.2,0.0,0.0,0.0,0.0,0.0,0.0,0.0,0.0,0.0,0.0,0.0
2554,46,Nozzle Spring,6.07,1.85,0.0,1.78,0.0,0.0,0.75,0.24,0.0,0.0,89.31,0.0,0.0,0.0,0.0,0.0,0.0,0.0,0.0,0.0,0.0,0.0
2555,47,Nozzle Spring,6.87,2.2,0.0,2.04,0.0,0.0,0.79,0.33,0.0,0.0,87.77,0.0,0.0,0.0,0.0,0.0,0.0,0.0,0.0,0.0,0.0,0.0
2556,48,Nozzle Spring,5.76,1.78,0.0,1.52,0.0,0.0,0.74,0.39,0.0,0.0,89.81,0.0,0.0,0.0,0.0,0.0,0.0,0.0,0.0,0.0,0.0,0.0
2557,49,Nozzle Spring,6.29,1.61,0.0,1.53,0.0,0.0,0.65,0.31,0.0,0.0,89.61,0.0,0.0,0.0,0.0,0.0,0.0,0.0,0.0,0.0,0.0,0.0
2558,50,Nozzle Spring,8.99,1.98,0.0,1.53,0.0,0.0,0.8,0.39,0.0,0.0,86.31,0.0,0.0,0.0,0.0,0.0,0.0,0.0,0.0,0.0,0.0,0.0
2559,51,Nozzle Spring,5.76,1.81,0.0,1.7,0.0,0.0,0.74,0.3,0.0,0.0,89.69,0.0,0.0,0.0,0.0,0.0,0.0,0.0,0.0,0.0,0.0,0.0
2560,52,Nozzle Spring,7.95,1.65,0.0,1.61,0.0,0.0,0.67,0.33,0.0,0.0,87.79,0.0,0.0,0.0,0.0,0.0,0.0,0.0,0.0,0.0,0.0,0.0
2561,53,Nozzle Spring,8.0,1.74,0.0,1.61,0.0,0.0,0.76,0.38,0.0,0.0,87.51,0.0,0.0,0.0,0.0,0.0,0.0,0.0,0.0,0.0,0.0,0.0
2562,54,Nozzle Spring,7.73,1.67,0.0,1.68,0.0,0.0,0.66,0.31,0.0,0.0,87.95,0.0,0.0,0.0,0.0,0.0,0.0,0.0,0.0,0.0,0.0,0.0
2563,55,Nozzle Spring,7.29,1.68,0.0,1.55,0.0,0.0,0.74,0.28,0.0,0.0,88.46,0.0,0.0,0.0,0.0,0.0,0.0,0.0,0.0,0.0,0.0,0.0
2564,56,Nozzle Spring,5.92,1.62,0.0,1.69,0.0,0.0,0.73,0.33,0.0,0.0,89.71,0.0,0.0,0.0,0.0,0.0,0.0,0.0,0.0,0.0,0.0,0.0
2565,57,Nozzle Spring,7.41,1.65,0.0,1.69,0.0,0.0,0.73,0.34,0.0,0.0,88.18,0.0,0.0,0.0,0.0,0.0,0.0,0.0,0.0,0.0,0.0,0.0
2566,58,Nozzle Spring,6.65,1.46,0.0,1.58,0.0,0.0,0.68,0.32,0.0,0.0,89.31,0.0,0.0,0.0,0.0,0.0,0.0,0.0,0.0,0.0,0.0,0.0
2567,59,Nozzle Spring,5.69,2.02,0.0,1.69,0.0,0.0,0.78,0.31,0.0,0.0,89.51,0.0,0.0,0.0,0.0,0.0,0.0,0.0,0.0,0.0,0.0,0.0
2568,60,Nozzle Spring,7.63,1.81,0.0,1.65,0.0,0.0,0.68,0.35,0.0,0.0,87.88,0.0,0.0,0.0,0.0,0.0,0.0,0.0,0.0,0.0,0.0,0.0
2569,61,Nozzle Spring,7.88,1.82,0.0,1.89,0.0,0.0,0.8,0.3,0.0,0.0,87.31,0.0,0.0,0.0,0.0,0.0,0.0,0.0,0.0,0.0,0.0,0.0
2570,62,Nozzle Spring,8.03,1.79,0.0,1.53,0.0,0.0,0.63,0.27,0.0,0.0,87.75,0.0,0.0,0.0,0.0,0.0,0.0,0.0,0.0,0.0,0.0,0.0
2571,63,Nozzle Spring,6.94,1.89,0.0,1.78,0.0,0.0,0.76,0.3,0.0,0.0,88.33,0.0,0.0,0.0,0.0,0.0,0.0,0.0,0.0,0.0,0.0,0.0
2572,64,Nozzle Spring,7.37,2.71,0.0,1.82,0.0,0.0,0.67,0.34,0.0,0.0,87.09,0.0,0.0,0.0,0.0,0.0,0.0,0.0,0.0,0.0,0.0,0.0
2573,65,Nozzle Spring,6.45,1.86,0.0,1.74,0.0,0.0,0.77,0.36,0.0,0.0,88.82,0.0,0.0,0.0,0.0,0.0,0.0,0.0,0.0,0.0,0.0,0.0
2574,66,Nozzle Spring,9.84,1.73,0.0,1.75,0.0,0.0,0.73,0.38,0.0,0.0,85.57,0.0,0.0,0.0,0.0,0.0,0.0,0.0,0.0,0.0,0.0,0.0
2575,67,Nozzle Spring,7.51,1.66,0.0,1.71,0.0,0.0,0.93,0.35,0.0,0.0,87.84,0.0,0.0,0.0,0.0,0.0,0.0,0.0,0.0,0.0,0.0,0.0
2576,68,Nozzle Spring,7.48,1.98,0.0,1.28,0.0,0.0,0.64,0.32,0.0,0.0,88.3,0.0,0.0,0.0,0.0,0.0,0.0,0.0,0.0,0.0,0.0,0.0
2577,69,Nozzle Spring,4.91,1.54,0.0,1.64,0.0,0.0,0.69,0.36,0.0,0.0,90.86,0.0,0.0,0.0,0.0,0.0,0.0,0.0,0.0,0.0,0.0,0.0
2578,70,Nozzle Spring,8.06,1.33,0.0,1.44,0.0,0.0,0.81,0.3,0.0,0.0,88.06,0.0,0.0,0.0,0.0,0.0,0.0,0.0,0.0,0.0,0.0,0.0
2579,71,Nozzle Spring,7.04,1.66,0.0,1.43,0.0,0.0,0.79,0.32,0.0,0.0,88.76,0.0,0.0,0.0,0.0,0.0,0.0,0.0,0.0,0.0,0.0,0.0
2580,72,Nozzle Spring,7.3,1.79,0.0,1.72,0.0,0.0,0.7,0.35,0.0,0.0,88.14,0.0,0.0,0.0,0.0,0.0,0.0,0.0,0.0,0.0,0.0,0.0
2581,73,Nozzle Spring,6.98,1.86,0.0,1.73,0.0,0.0,0.95,0.34,0.0,0.0,88.14,0.0,0.0,0.0,0.0,0.0,0.0,0.0,0.0,0.0,0.0,0.0
2582,74,Nozzle Spring,7.89,1.64,0.0,1.47,0.0,0.0,0.75,0.38,0.0,0.0,87.87,0.0,0.0,0.0,0.0,0.0,0.0,0.0,0.0,0.0,0.0,0.0
2583,75,Nozzle Spring,7.38,1.79,0.0,1.54,0.0,0.0,0.76,0.36,0.0,0.0,88.17,0.0,0.0,0.0,0.0,0.0,0.0,0.0,0.0,0.0,0.0,0.0
2584,76,Nozzle Spring,6.92,1.7,0.0,1.54,0.0,0.0,0.62,0.39,0.0,0.0,88.83,0.0,0.0,0.0,0.0,0.0,0.0,0.0,0.0,0.0,0.0,0.0
2585,77,Nozzle Spring,7.87,1.71,0.0,1.64,0.0,0.0,0.61,0.27,0.0,0.0,87.9,0.0,0.0,0.0,0.0,0.0,0.0,0.0,0.0,0.0,0.0,0.0
2586,78,Nozzle Spring,6.91,1.86,0.0,2.21,0.0,0.0,0.73,0.29,0.0,0.0,88.0,0.0,0.0,0.0,0.0,0.0,0.0,0.0,0.0,0.0,0.0,0.0
2587,79,Nozzle Spring,6.07,1.2,0.0,1.5,0.0,0.0,0.59,0.24,0.0,0.0,90.4,0.0,0.0,0.0,0.0,0.0,0.0,0.0,0.0,0.0,0.0,0.0
2588,80,Nozzle Spring,6.86,2.07,0.0,1.57,0.0,0.0,0.59,0.33,0.0,0.0,88.58,0.0,0.0,0.0,0.0,0.0,0.0,0.0,0.0,0.0,0.0,0.0
2589,81,Nozzle Spring,9.26,1.75,0.0,1.79,0.0,0.0,0.73,0.23,0.0,0.0,86.24,0.0,0.0,0.0,0.0,0.0,0.0,0.0,0.0,0.0,0.0,0.0
2590,82,Nozzle Spring,7.41,1.76,0.0,1.63,0.0,0.0,0.63,0.39,0.0,0.0,88.18,0.0,0.0,0.0,0.0,0.0,0.0,0.0,0.0,0.0,0.0,0.0
2591,83,Nozzle Spring,7.6,1.9,0.0,1.62,0.0,0.0,0.7,0.32,0.0,0.0,87.86,0.0,0.0,0.0,0.0,0.0,0.0,0.0,0.0,0.0,0.0,0.0
2592,84,Nozzle Spring,7.22,1.93,0.0,1.97,0.0,0.0,0.7,0.3,0.0,0.0,87.88,0.0,0.0,0.0,0.0,0.0,0.0,0.0,0.0,0.0,0.0,0.0
2593,85,Nozzle Spring,7.29,1.87,0.0,1.62,0.0,0.0,0.67,0.27,0.0,0.0,88.28,0.0,0.0,0.0,0.0,0.0,0.0,0.0,0.0,0.0,0.0,0.0
2594,86,Nozzle Spring,7.32,1.55,0.0,1.53,0.0,0.0,0.82,0.31,0.0,0.0,88.47,0.0,0.0,0.0,0.0,0.0,0.0,0.0,0.0,0.0,0.0,0.0
2595,87,Nozzle Spring,5.48,1.67,0.0,1.6,0.0,0.0,0.56,0.32,0.0,0.0,90.37,0.0,0.0,0.0,0.0,0.0,0.0,0.0,0.0,0.0,0.0,0.0
2596,88,Nozzle Spring,5.25,1.88,0.0,1.85,0.0,0.0,0.72,0.31,0.0,0.0,89.99,0.0,0.0,0.0,0.0,0.0,0.0,0.0,0.0,0.0,0.0,0.0
2597,89,Nozzle Spring,8.21,1.47,0.0,2.07,0.0,0.0,0.69,0.41,0.0,0.0,87.15,0.0,0.0,0.0,0.0,0.0,0.0,0.0,0.0,0.0,0.0,0.0
2598,90,Nozzle Spring,8.83,1.72,0.0,1.95,0.0,0.0,0.8,0.31,0.0,0.0,86.39,0.0,0.0,0.0,0.0,0.0,0.0,0.0,0.0,0.0,0.0,0.0
2599,91,Nozzle Spring,7.6,1.82,0.0,1.92,0.0,0.0,0.82,0.28,0.0,0.0,87.56,0.0,0.0,0.0,0.0,0.0,0.0,0.0,0.0,0.0,0.0,0.0
2600,92,Nozzle Spring,7.11,1.93,0.0,1.57,0.0,0.0,0.6,0.35,0.0,0.0,88.44,0.0,0.0,0.0,0.0,0.0,0.0,0.0,0.0,0.0,0.0,0.0
2601,93,Nozzle Spring,7.44,1.8,0.0,2.17,0.0,0.0,0.68,0.35,0.0,0.0,87.56,0.0,0.0,0.0,0.0,0.0,0.0,0.0,0.0,0.0,0.0,0.0
2602,94,Nozzle Spring,7.45,1.67,0.0,1.74,0.0,0.0,0.82,0.32,0.0,0.0,88.0,0.0,0.0,0.0,0.0,0.0,0.0,0.0,0.0,0.0,0.0,0.0
2603,1,Pille,5.06,1.2,0.0,0.31,0.0,0.0,1.36,0.29,0.14,0.0,91.64,0.0,0.0,0.0,0.0,0.0,0.0,0.0,0.0,0.0,0.0,0.0
2604,2,Pille,5.46,1.25,0.0,0.33,0.0,0.0,1.62,0.25,0.18,0.0,90.91,0.0,0.0,0.0,0.0,0.0,0.0,0.0,0.0,0.0,0.0,0.0
2605,3,Pille,4.88,1.25,0.0,0.33,0.0,0.0,1.57,0.25,0.15,0.0,91.57,0.0,0.0,0.0,0.0,0.0,0.0,0.0,0.0,0.0,0.0,0.0
2606,4,Pille,5.6,1.18,0.0,0.4,0.0,0.0,1.55,0.26,0.12,0.0,90.89,0.0,0.0,0.0,0.0,0.0,0.0,0.0,0.0,0.0,0.0,0.0
2607,5,Pille,5.68,1.18,0.0,0.4,0.0,0.0,1.62,0.24,0.14,0.0,90.74,0.0,0.0,0.0,0.0,0.0,0.0,0.0,0.0,0.0,0.0,0.0
2608,6,Pille,6.15,1.19,0.0,0.32,0.0,0.0,1.57,0.26,0.17,0.0,90.34,0.0,0.0,0.0,0.0,0.0,0.0,0.0,0.0,0.0,0.0,0.0
2609,7,Pille,5.29,1.24,0.0,0.37,0.0,0.0,1.47,0.3,0.14,0.0,91.19,0.0,0.0,0.0,0.0,0.0,0.0,0.0,0.0,0.0,0.0,0.0
2610,8,Pille,7.32,1.13,0.0,0.28,0.0,0.0,1.7,0.29,0.12,0.0,89.16,0.0,0.0,0.0,0.0,0.0,0.0,0.0,0.0,0.0,0.0,0.0
2611,9,Pille,5.33,1.33,0.0,0.35,0.0,0.0,1.79,0.26,0.16,0.0,90.78,0.0,0.0,0.0,0.0,0.0,0.0,0.0,0.0,0.0,0.0,0.0
2612,10,Pille,5.52,1.17,0.0,0.33,0.0,0.0,1.35,0.25,0.13,0.0,91.25,0.0,0.0,0.0,0.0,0.0,0.0,0.0,0.0,0.0,0.0,0.0
2613,11,Pille,5.93,1.16,0.0,0.35,0.0,0.0,1.54,0.24,0.15,0.0,90.63,0.0,0.0,0.0,0.0,0.0,0.0,0.0,0.0,0.0,0.0,0.0
2614,12,Pille,6.59,1.22,0.0,0.37,0.0,0.0,1.7,0.26,0.17,0.0,89.69,0.0,0.0,0.0,0.0,0.0,0.0,0.0,0.0,0.0,0.0,0.0
2615,13,Pille,6.02,1.39,0.0,0.37,0.0,0.0,1.59,0.21,0.14,0.0,90.28,0.0,0.0,0.0,0.0,0.0,0.0,0.0,0.0,0.0,0.0,0.0
2616,14,Pille,5.48,1.26,0.0,0.33,0.0,0.0,1.53,0.26,0.14,0.0,91.0,0.0,0.0,0.0,0.0,0.0,0.0,0.0,0.0,0.0,0.0,0.0
2617,15,Pille,5.8,1.08,0.0,0.37,0.0,0.0,1.44,0.31,0.15,0.0,90.85,0.0,0.0,0.0,0.0,0.0,0.0,0.0,0.0,0.0,0.0,0.0
2618,16,Pille,6.03,1.37,0.0,0.36,0.0,0.0,1.69,0.23,0.15,0.0,90.17,0.0,0.0,0.0,0.0,0.0,0.0,0.0,0.0,0.0,0.0,0.0
2619,17,Pille,5.56,1.14,0.0,0.34,0.0,0.0,1.44,0.26,0.13,0.0,91.13,0.0,0.0,0.0,0.0,0.0,0.0,0.0,0.0,0.0,0.0,0.0
2620,18,Pille,5.54,1.15,0.0,0.4,0.0,0.0,1.44,0.23,0.14,0.0,91.1,0.0,0.0,0.0,0.0,0.0,0.0,0.0,0.0,0.0,0.0,0.0
2621,19,Pille,6.39,1.03,0.0,0.34,0.0,0.0,1.49,0.29,0.16,0.0,90.3,0.0,0.0,0.0,0.0,0.0,0.0,0.0,0.0,0.0,0.0,0.0
2622,20,Pille,5.79,1.12,0.0,0.36,0.0,0.0,1.55,0.33,0.14,0.0,90.71,0.0,0.0,0.0,0.0,0.0,0.0,0.0,0.0,0.0,0.0,0.0
2623,21,Pille,5.6,1.13,0.0,0.37,0.0,0.0,1.37,0.26,0.16,0.0,91.11,0.0,0.0,0.0,0.0,0.0,0.0,0.0,0.0,0.0,0.0,0.0
2624,22,Pille,5.95,1.06,0.0,0.38,0.0,0.0,1.7,0.27,0.11,0.0,90.53,0.0,0.0,0.0,0.0,0.0,0.0,0.0,0.0,0.0,0.0,0.0
2625,23,Pille,6.04,0.97,0.0,0.34,0.0,0.0,1.54,0.25,0.13,0.0,90.73,0.0,0.0,0.0,0.0,0.0,0.0,0.0,0.0,0.0,0.0,0.0
2626,24,Pille,5.45,1.26,0.0,0.32,0.0,0.0,1.44,0.22,0.13,0.0,91.18,0.0,0.0,0.0,0.0,0.0,0.0,0.0,0.0,0.0,0.0,0.0
2627,25,Pille,5.06,1.23,0.0,0.3,0.0,0.0,1.58,0.28,0.15,0.0,91.4,0.0,0.0,0.0,0.0,0.0,0.0,0.0,0.0,0.0,0.0,0.0
2628,26,Pille,5.46,1.33,0.0,0.37,0.0,0.0,1.52,0.22,0.12,0.0,90.98,0.0,0.0,0.0,0.0,0.0,0.0,0.0,0.0,0.0,0.0,0.0
2629,27,Pille,5.49,1.2,0.0,0.37,0.0,0.0,1.51,0.28,0.15,0.0,91.0,0.0,0.0,0.0,0.0,0.0,0.0,0.0,0.0,0.0,0.0,0.0
2630,28,Pille,4.92,1.14,0.0,0.41,0.0,0.0,1.5,0.25,0.18,0.0,91.6,0.0,0.0,0.0,0.0,0.0,0.0,0.0,0.0,0.0,0.0,0.0
2631,29,Pille,5.18,1.06,0.0,0.32,0.0,0.0,1.6,0.28,0.18,0.0,91.38,0.0,0.0,0.0,0.0,0.0,0.0,0.0,0.0,0.0,0.0,0.0
2632,30,Pille,4.81,1.31,0.0,0.31,0.0,0.0,1.51,0.26,0.17,0.0,91.63,0.0,0.0,0.0,0.0,0.0,0.0,0.0,0.0,0.0,0.0,0.0
2633,31,Pille,5.81,1.28,0.0,0.35,0.0,0.0,1.47,0.25,0.16,0.0,90.68,0.0,0.0,0.0,0.0,0.0,0.0,0.0,0.0,0.0,0.0,0.0
2634,32,Pille,5.19,1.17,0.0,0.33,0.0,0.0,1.53,0.25,0.15,0.0,91.38,0.0,0.0,0.0,0.0,0.0,0.0,0.0,0.0,0.0,0.0,0.0
2635,33,Pille,5.89,1.26,0.0,0.32,0.0,0.0,1.47,0.24,0.13,0.0,90.69,0.0,0.0,0.0,0.0,0.0,0.0,0.0,0.0,0.0,0.0,0.0
2636,34,Pille,5.22,1.34,0.0,0.36,0.0,0.0,1.43,0.26,0.13,0.0,91.26,0.0,0.0,0.0,0.0,0.0,0.0,0.0,0.0,0.0,0.0,0.0
2637,35,Pille,5.33,1.19,0.0,0.42,0.0,0.0,1.53,0.31,0.16,0.0,91.06,0.0,0.0,0.0,0.0,0.0,0.0,0.0,0.0,0.0,0.0,0.0
2638,36,Pille,4.96,1.24,0.0,0.34,0.0,0.0,1.61,0.27,0.19,0.0,91.39,0.0,0.0,0.0,0.0,0.0,0.0,0.0,0.0,0.0,0.0,0.0
2639,37,Pille,5.8,1.15,0.0,0.33,0.0,0.0,1.59,0.26,0.18,0.0,90.69,0.0,0.0,0.0,0.0,0.0,0.0,0.0,0.0,0.0,0.0,0.0
2640,38,Pille,5.33,1.27,0.0,0.37,0.0,0.0,1.38,0.3,0.17,0.0,91.18,0.0,0.0,0.0,0.0,0.0,0.0,0.0,0.0,0.0,0.0,0.0
2641,39,Pille,6.14,1.33,0.0,0.32,0.0,0.0,1.78,0.27,0.15,0.0,90.01,0.0,0.0,0.0,0.0,0.0,0.0,0.0,0.0,0.0,0.0,0.0
2642,40,Pille,5.82,1.14,0.0,0.37,0.0,0.0,1.6,0.25,0.16,0.0,90.66,0.0,0.0,0.0,0.0,0.0,0.0,0.0,0.0,0.0,0.0,0.0
2643,41,Pille,6.18,0.97,0.0,0.38,0.0,0.0,1.78,0.23,0.17,0.0,90.29,0.0,0.0,0.0,0.0,0.0,0.0,0.0,0.0,0.0,0.0,0.0
2644,42,Pille,4.6,1.32,0.0,0.43,0.0,0.0,1.6,0.27,0.14,0.0,91.64,0.0,0.0,0.0,0.0,0.0,0.0,0.0,0.0,0.0,0.0,0.0
2645,43,Pille,5.16,1.37,0.0,0.38,0.0,0.0,1.6,0.26,0.17,0.0,91.06,0.0,0.0,0.0,0.0,0.0,0.0,0.0,0.0,0.0,0.0,0.0
2646,44,Pille,6.74,1.14,0.0,0.36,0.0,0.0,1.44,0.24,0.14,0.0,89.94,0.0,0.0,0.0,0.0,0.0,0.0,0.0,0.0,0.0,0.0,0.0
2647,45,Pille,6.23,1.21,0.0,0.31,0.0,0.0,1.78,0.27,0.15,0.0,90.05,0.0,0.0,0.0,0.0,0.0,0.0,0.0,0.0,0.0,0.0,0.0
2648,46,Pille,4.25,1.29,0.0,0.34,0.0,0.0,1.33,0.24,0.16,0.0,92.39,0.0,0.0,0.0,0.0,0.0,0.0,0.0,0.0,0.0,0.0,0.0
2649,47,Pille,5.42,1.09,0.0,0.32,0.0,0.0,1.61,0.26,0.15,0.0,91.15,0.0,0.0,0.0,0.0,0.0,0.0,0.0,0.0,0.0,0.0,0.0
2650,48,Pille,5.36,1.2,0.0,0.33,0.0,0.0,1.53,0.35,0.14,0.0,91.09,0.0,0.0,0.0,0.0,0.0,0.0,0.0,0.0,0.0,0.0,0.0
2651,49,Pille,5.75,1.33,0.0,0.33,0.0,0.0,1.49,0.31,0.13,0.0,90.66,0.0,0.0,0.0,0.0,0.0,0.0,0.0,0.0,0.0,0.0,0.0
2652,50,Pille,6.09,1.32,0.0,0.41,0.0,0.0,1.73,0.31,0.17,0.0,89.97,0.0,0.0,0.0,0.0,0.0,0.0,0.0,0.0,0.0,0.0,0.0
2653,51,Pille,5.3,1.34,0.0,0.34,0.0,0.0,1.79,0.24,0.15,0.0,90.84,0.0,0.0,0.0,0.0,0.0,0.0,0.0,0.0,0.0,0.0,0.0
2654,52,Pille,6.09,1.25,0.0,0.37,0.0,0.0,1.59,0.3,0.13,0.0,90.27,0.0,0.0,0.0,0.0,0.0,0.0,0.0,0.0,0.0,0.0,0.0
2655,53,Pille,6.85,1.18,0.0,0.36,0.0,0.0,1.23,0.21,0.14,0.0,90.03,0.0,0.0,0.0,0.0,0.0,0.0,0.0,0.0,0.0,0.0,0.0
2656,54,Pille,5.59,1.2,0.0,0.34,0.0,0.0,1.35,0.36,0.17,0.0,90.99,0.0,0.0,0.0,0.0,0.0,0.0,0.0,0.0,0.0,0.0,0.0
2657,55,Pille,5.89,1.21,0.0,0.3,0.0,0.0,1.78,0.3,0.14,0.0,90.38,0.0,0.0,0.0,0.0,0.0,0.0,0.0,0.0,0.0,0.0,0.0
2658,56,Pille,6.37,1.04,0.0,0.35,0.0,0.0,1.52,0.23,0.12,0.0,90.37,0.0,0.0,0.0,0.0,0.0,0.0,0.0,0.0,0.0,0.0,0.0
2659,57,Pille,4.97,1.33,0.0,0.36,0.0,0.0,1.7,0.27,0.11,0.0,91.26,0.0,0.0,0.0,0.0,0.0,0.0,0.0,0.0,0.0,0.0,0.0
2660,58,Pille,5.98,1.22,0.0,0.33,0.0,0.0,1.56,0.28,0.16,0.0,90.47,0.0,0.0,0.0,0.0,0.0,0.0,0.0,0.0,0.0,0.0,0.0
2661,59,Pille,7.15,1.22,0.0,0.36,0.0,0.0,1.86,0.24,0.14,0.0,89.03,0.0,0.0,0.0,0.0,0.0,0.0,0.0,0.0,0.0,0.0,0.0
2662,60,Pille,4.4,1.36,0.0,0.42,0.0,0.0,1.7,0.28,0.16,0.0,91.68,0.0,0.0,0.0,0.0,0.0,0.0,0.0,0.0,0.0,0.0,0.0
2663,61,Pille,5.95,1.35,0.0,0.31,0.0,0.0,1.35,0.26,0.14,0.0,90.64,0.0,0.0,0.0,0.0,0.0,0.0,0.0,0.0,0.0,0.0,0.0
2664,62,Pille,5.98,1.19,0.0,0.32,0.0,0.0,1.75,0.27,0.19,0.0,90.3,0.0,0.0,0.0,0.0,0.0,0.0,0.0,0.0,0.0,0.0,0.0
2665,63,Pille,6.71,1.08,0.0,0.3,0.0,0.0,1.49,0.29,0.16,0.0,89.97,0.0,0.0,0.0,0.0,0.0,0.0,0.0,0.0,0.0,0.0,0.0
2666,64,Pille,5.92,1.17,0.0,0.38,0.0,0.0,1.48,0.35,0.19,0.0,90.51,0.0,0.0,0.0,0.0,0.0,0.0,0.0,0.0,0.0,0.0,0.0
2667,65,Pille,6.66,1.19,0.0,0.38,0.0,0.0,1.59,0.24,0.13,0.0,89.81,0.0,0.0,0.0,0.0,0.0,0.0,0.0,0.0,0.0,0.0,0.0
2668,66,Pille,6.19,1.04,0.0,0.32,0.0,0.0,1.41,0.25,0.15,0.0,90.64,0.0,0.0,0.0,0.0,0.0,0.0,0.0,0.0,0.0,0.0,0.0
2669,67,Pille,4.88,1.43,0.0,0.37,0.0,0.0,1.56,0.25,0.19,0.0,91.32,0.0,0.0,0.0,0.0,0.0,0.0,0.0,0.0,0.0,0.0,0.0
2670,68,Pille,5.18,1.18,0.0,0.32,0.0,0.0,1.56,0.24,0.17,0.0,91.35,0.0,0.0,0.0,0.0,0.0,0.0,0.0,0.0,0.0,0.0,0.0
2671,69,Pille,5.38,1.21,0.0,0.36,0.0,0.0,1.4,0.25,0.13,0.0,91.27,0.0,0.0,0.0,0.0,0.0,0.0,0.0,0.0,0.0,0.0,0.0
2672,70,Pille,6.43,1.16,0.0,0.31,0.0,0.0,1.55,0.21,0.19,0.0,90.15,0.0,0.0,0.0,0.0,0.0,0.0,0.0,0.0,0.0,0.0,0.0
2673,71,Pille,6.37,1.26,0.0,0.34,0.0,0.0,1.68,0.32,0.15,0.0,89.88,0.0,0.0,0.0,0.0,0.0,0.0,0.0,0.0,0.0,0.0,0.0
2674,72,Pille,6.11,1.32,0.0,0.31,0.0,0.0,1.66,0.3,0.14,0.0,90.16,0.0,0.0,0.0,0.0,0.0,0.0,0.0,0.0,0.0,0.0,0.0
2675,73,Pille,6.02,1.34,0.0,0.36,0.0,0.0,1.84,0.24,0.2,0.0,90.0,0.0,0.0,0.0,0.0,0.0,0.0,0.0,0.0,0.0,0.0,0.0
2676,74,Pille,6.83,1.15,0.0,0.32,0.0,0.0,1.44,0.26,0.18,0.0,89.82,0.0,0.0,0.0,0.0,0.0,0.0,0.0,0.0,0.0,0.0,0.0
2677,75,Pille,6.41,1.16,0.0,0.34,0.0,0.0,1.53,0.29,0.15,0.0,90.12,0.0,0.0,0.0,0.0,0.0,0.0,0.0,0.0,0.0,0.0,0.0
2678,76,Pille,6.86,1.06,0.0,0.39,0.0,0.0,1.3,0.24,0.17,0.0,89.98,0.0,0.0,0.0,0.0,0.0,0.0,0.0,0.0,0.0,0.0,0.0
2679,77,Pille,6.11,1.25,0.0,0.38,0.0,0.0,1.62,0.23,0.12,0.0,90.29,0.0,0.0,0.0,0.0,0.0,0.0,0.0,0.0,0.0,0.0,0.0
2680,78,Pille,6.85,1.15,0.0,0.33,0.0,0.0,1.67,0.24,0.15,0.0,89.61,0.0,0.0,0.0,0.0,0.0,0.0,0.0,0.0,0.0,0.0,0.0
2681,79,Pille,5.38,1.18,0.0,0.37,0.0,0.0,1.68,0.33,0.15,0.0,90.91,0.0,0.0,0.0,0.0,0.0,0.0,0.0,0.0,0.0,0.0,0.0
2682,80,Pille,5.78,1.25,0.0,0.29,0.0,0.0,1.85,0.25,0.13,0.0,90.45,0.0,0.0,0.0,0.0,0.0,0.0,0.0,0.0,0.0,0.0,0.0
2683,81,Pille,5.33,1.21,0.0,0.42,0.0,0.0,1.59,0.3,0.16,0.0,90.99,0.0,0.0,0.0,0.0,0.0,0.0,0.0,0.0,0.0,0.0,0.0
2684,82,Pille,6.11,1.18,0.0,0.32,0.0,0.0,1.36,0.23,0.14,0.0,90.66,0.0,0.0,0.0,0.0,0.0,0.0,0.0,0.0,0.0,0.0,0.0
2685,83,Pille,5.24,1.3,0.0,0.32,0.0,0.0,1.81,0.29,0.17,0.0,90.87,0.0,0.0,0.0,0.0,0.0,0.0,0.0,0.0,0.0,0.0,0.0
2686,84,Pille,5.92,1.26,0.0,0.41,0.0,0.0,1.49,0.26,0.13,0.0,90.53,0.0,0.0,0.0,0.0,0.0,0.0,0.0,0.0,0.0,0.0,0.0
2687,85,Pille,5.63,1.14,0.0,0.28,0.0,0.0,1.58,0.28,0.17,0.0,90.92,0.0,0.0,0.0,0.0,0.0,0.0,0.0,0.0,0.0,0.0,0.0
2688,86,Pille,5.41,1.19,0.0,0.29,0.0,0.0,1.47,0.19,0.14,0.0,91.31,0.0,0.0,0.0,0.0,0.0,0.0,0.0,0.0,0.0,0.0,0.0
2689,87,Pille,5.31,1.12,0.0,0.37,0.0,0.0,1.59,0.24,0.17,0.0,91.2,0.0,0.0,0.0,0.0,0.0,0.0,0.0,0.0,0.0,0.0,0.0
2690,88,Pille,6.12,1.21,0.0,0.31,0.0,0.0,1.35,0.27,0.16,0.0,90.58,0.0,0.0,0.0,0.0,0.0,0.0,0.0,0.0,0.0,0.0,0.0
2691,89,Pille,6.44,1.09,0.0,0.35,0.0,0.0,1.46,0.3,0.15,0.0,90.21,0.0,0.0,0.0,0.0,0.0,0.0,0.0,0.0,0.0,0.0,0.0
2692,90,Pille,4.85,1.2,0.0,0.32,0.0,0.0,1.49,0.22,0.12,0.0,91.8,0.0,0.0,0.0,0.0,0.0,0.0,0.0,0.0,0.0,0.0,0.0
2693,91,Pille,6.93,1.29,0.0,0.36,0.0,0.0,1.72,0.32,0.17,0.0,89.21,0.0,0.0,0.0,0.0,0.0,0.0,0.0,0.0,0.0,0.0,0.0
2694,92,Pille,6.79,1.19,0.0,0.31,0.0,0.0,1.66,0.31,0.17,0.0,89.57,0.0,0.0,0.0,0.0,0.0,0.0,0.0,0.0,0.0,0.0,0.0
2695,93,Pille,5.3,1.2,0.0,0.36,0.0,0.0,1.58,0.31,0.15,0.0,91.1,0.0,0.0,0.0,0.0,0.0,0.0,0.0,0.0,0.0,0.0,0.0
2696,94,Pille,5.27,1.33,0.0,0.36,0.0,0.0,1.52,0.3,0.17,0.0,91.05,0.0,0.0,0.0,0.0,0.0,0.0,0.0,0.0,0.0,0.0,0.0
2697,1,RLS Shim,3.71,9.8,0.34,0.36,0.0,0.0,0.32,0.67,0.0,0.0,84.8,0.0,0.0,0.0,0.0,0.0,0.0,0.0,0.0,0.0,0.0,0.0
2698,2,RLS Shim,3.39,8.67,0.33,0.28,0.0,0.0,0.27,0.59,0.0,0.0,86.47,0.0,0.0,0.0,0.0,0.0,0.0,0.0,0.0,0.0,0.0,0.0
2699,3,RLS Shim,2.94,7.24,0.27,0.29,0.0,0.0,0.24,0.69,0.0,0.0,88.33,0.0,0.0,0.0,0.0,0.0,0.0,0.0,0.0,0.0,0.0,0.0
2700,4,RLS Shim,3.19,7.31,0.41,0.32,0.0,0.0,0.29,0.55,0.0,0.0,87.93,0.0,0.0,0.0,0.0,0.0,0.0,0.0,0.0,0.0,0.0,0.0
2701,5,RLS Shim,3.28,7.87,0.31,0.36,0.0,0.0,0.27,0.62,0.0,0.0,87.29,0.0,0.0,0.0,0.0,0.0,0.0,0.0,0.0,0.0,0.0,0.0
2702,6,RLS Shim,2.95,6.89,0.34,0.26,0.0,0.0,0.23,0.51,0.0,0.0,88.82,0.0,0.0,0.0,0.0,0.0,0.0,0.0,0.0,0.0,0.0,0.0
2703,7,RLS Shim,2.77,8.62,0.34,0.22,0.0,0.0,0.28,0.5,0.0,0.0,87.27,0.0,0.0,0.0,0.0,0.0,0.0,0.0,0.0,0.0,0.0,0.0
2704,8,RLS Shim,3.1,7.03,0.3,0.31,0.0,0.0,0.27,0.59,0.0,0.0,88.4,0.0,0.0,0.0,0.0,0.0,0.0,0.0,0.0,0.0,0.0,0.0
2705,9,RLS Shim,3.66,8.6,0.33,0.35,0.0,0.0,0.24,0.69,0.0,0.0,86.13,0.0,0.0,0.0,0.0,0.0,0.0,0.0,0.0,0.0,0.0,0.0
2706,10,RLS Shim,3.12,7.19,0.36,0.32,0.0,0.0,0.22,0.49,0.0,0.0,88.3,0.0,0.0,0.0,0.0,0.0,0.0,0.0,0.0,0.0,0.0,0.0
2707,11,RLS Shim,4.01,10.69,0.36,0.35,0.0,0.0,0.34,0.68,0.0,0.0,83.57,0.0,0.0,0.0,0.0,0.0,0.0,0.0,0.0,0.0,0.0,0.0
2708,12,RLS Shim,2.82,6.83,0.35,0.37,0.0,0.0,0.19,0.57,0.0,0.0,88.87,0.0,0.0,0.0,0.0,0.0,0.0,0.0,0.0,0.0,0.0,0.0
2709,13,RLS Shim,3.58,7.48,0.31,0.37,0.0,0.0,0.27,0.59,0.0,0.0,87.4,0.0,0.0,0.0,0.0,0.0,0.0,0.0,0.0,0.0,0.0,0.0
2710,14,RLS Shim,3.77,8.91,0.27,0.31,0.0,0.0,0.22,0.69,0.0,0.0,85.83,0.0,0.0,0.0,0.0,0.0,0.0,0.0,0.0,0.0,0.0,0.0
2711,15,RLS Shim,3.2,8.35,0.23,0.25,0.0,0.0,0.21,0.54,0.0,0.0,87.22,0.0,0.0,0.0,0.0,0.0,0.0,0.0,0.0,0.0,0.0,0.0
2712,16,RLS Shim,4.41,7.96,0.32,0.35,0.0,0.0,0.22,0.8,0.0,0.0,85.94,0.0,0.0,0.0,0.0,0.0,0.0,0.0,0.0,0.0,0.0,0.0
2713,17,RLS Shim,3.4,8.54,0.3,0.32,0.0,0.0,0.3,0.65,0.0,0.0,86.49,0.0,0.0,0.0,0.0,0.0,0.0,0.0,0.0,0.0,0.0,0.0
2714,18,RLS Shim,3.36,9.23,0.35,0.32,0.0,0.0,0.24,0.63,0.0,0.0,85.87,0.0,0.0,0.0,0.0,0.0,0.0,0.0,0.0,0.0,0.0,0.0
2715,19,RLS Shim,3.89,7.06,0.28,0.39,0.0,0.0,0.28,0.62,0.0,0.0,87.48,0.0,0.0,0.0,0.0,0.0,0.0,0.0,0.0,0.0,0.0,0.0
2716,20,RLS Shim,3.44,9.6,0.28,0.27,0.0,0.0,0.24,0.57,0.0,0.0,85.6,0.0,0.0,0.0,0.0,0.0,0.0,0.0,0.0,0.0,0.0,0.0
2717,21,RLS Shim,3.08,6.59,0.28,0.36,0.0,0.0,0.27,0.65,0.0,0.0,88.77,0.0,0.0,0.0,0.0,0.0,0.0,0.0,0.0,0.0,0.0,0.0
2718,22,RLS Shim,4.02,8.85,0.32,0.35,0.0,0.0,0.27,0.69,0.0,0.0,85.5,0.0,0.0,0.0,0.0,0.0,0.0,0.0,0.0,0.0,0.0,0.0
2719,23,RLS Shim,3.71,9.58,0.36,0.34,0.0,0.0,0.28,0.71,0.0,0.0,85.02,0.0,0.0,0.0,0.0,0.0,0.0,0.0,0.0,0.0,0.0,0.0
2720,24,RLS Shim,3.74,6.23,0.31,0.28,0.0,0.0,0.22,0.63,0.0,0.0,88.59,0.0,0.0,0.0,0.0,0.0,0.0,0.0,0.0,0.0,0.0,0.0
2721,25,RLS Shim,3.07,8.94,0.34,0.35,0.0,0.0,0.25,0.59,0.0,0.0,86.46,0.0,0.0,0.0,0.0,0.0,0.0,0.0,0.0,0.0,0.0,0.0
2722,26,RLS Shim,3.54,7.77,0.27,0.45,0.0,0.0,0.29,0.6,0.0,0.0,87.08,0.0,0.0,0.0,0.0,0.0,0.0,0.0,0.0,0.0,0.0,0.0
2723,27,RLS Shim,3.57,7.58,0.27,0.34,0.0,0.0,0.23,0.55,0.0,0.0,87.46,0.0,0.0,0.0,0.0,0.0,0.0,0.0,0.0,0.0,0.0,0.0
2724,28,RLS Shim,3.75,8.75,0.32,0.29,0.0,0.0,0.21,0.58,0.0,0.0,86.1,0.0,0.0,0.0,0.0,0.0,0.0,0.0,0.0,0.0,0.0,0.0
2725,29,RLS Shim,3.62,7.49,0.32,0.39,0.0,0.0,0.26,0.7,0.0,0.0,87.22,0.0,0.0,0.0,0.0,0.0,0.0,0.0,0.0,0.0,0.0,0.0
2726,30,RLS Shim,2.98,8.81,0.26,0.25,0.0,0.0,0.22,0.55,0.0,0.0,86.93,0.0,0.0,0.0,0.0,0.0,0.0,0.0,0.0,0.0,0.0,0.0
2727,31,RLS Shim,3.81,7.43,0.26,0.37,0.0,0.0,0.22,0.61,0.0,0.0,87.3,0.0,0.0,0.0,0.0,0.0,0.0,0.0,0.0,0.0,0.0,0.0
2728,32,RLS Shim,3.95,8.2,0.27,0.26,0.0,0.0,0.24,0.56,0.0,0.0,86.52,0.0,0.0,0.0,0.0,0.0,0.0,0.0,0.0,0.0,0.0,0.0
2729,33,RLS Shim,3.72,9.41,0.31,0.31,0.0,0.0,0.2,0.62,0.0,0.0,85.43,0.0,0.0,0.0,0.0,0.0,0.0,0.0,0.0,0.0,0.0,0.0
2730,34,RLS Shim,3.2,8.58,0.37,0.33,0.0,0.0,0.26,0.57,0.0,0.0,86.69,0.0,0.0,0.0,0.0,0.0,0.0,0.0,0.0,0.0,0.0,0.0
2731,35,RLS Shim,3.51,8.83,0.32,0.34,0.0,0.0,0.22,0.55,0.0,0.0,86.23,0.0,0.0,0.0,0.0,0.0,0.0,0.0,0.0,0.0,0.0,0.0
2732,36,RLS Shim,3.73,8.0,0.26,0.4,0.0,0.0,0.26,0.72,0.0,0.0,86.63,0.0,0.0,0.0,0.0,0.0,0.0,0.0,0.0,0.0,0.0,0.0
2733,37,RLS Shim,3.46,8.13,0.28,0.3,0.0,0.0,0.32,0.72,0.0,0.0,86.79,0.0,0.0,0.0,0.0,0.0,0.0,0.0,0.0,0.0,0.0,0.0
2734,38,RLS Shim,3.03,10.58,0.34,0.34,0.0,0.0,0.23,0.52,0.0,0.0,84.96,0.0,0.0,0.0,0.0,0.0,0.0,0.0,0.0,0.0,0.0,0.0
2735,39,RLS Shim,3.13,9.78,0.3,0.3,0.0,0.0,0.22,0.51,0.0,0.0,85.76,0.0,0.0,0.0,0.0,0.0,0.0,0.0,0.0,0.0,0.0,0.0
2736,40,RLS Shim,3.42,8.86,0.26,0.27,0.0,0.0,0.28,0.58,0.0,0.0,86.33,0.0,0.0,0.0,0.0,0.0,0.0,0.0,0.0,0.0,0.0,0.0
2737,41,RLS Shim,3.29,9.98,0.33,0.33,0.0,0.0,0.23,0.71,0.0,0.0,85.13,0.0,0.0,0.0,0.0,0.0,0.0,0.0,0.0,0.0,0.0,0.0
2738,42,RLS Shim,4.47,11.38,0.39,0.4,0.0,0.0,0.36,0.73,0.0,0.0,82.27,0.0,0.0,0.0,0.0,0.0,0.0,0.0,0.0,0.0,0.0,0.0
2739,43,RLS Shim,3.76,9.03,0.35,0.36,0.0,0.0,0.26,0.69,0.0,0.0,85.55,0.0,0.0,0.0,0.0,0.0,0.0,0.0,0.0,0.0,0.0,0.0
2740,44,RLS Shim,3.95,8.77,0.33,0.4,0.0,0.0,0.27,0.64,0.0,0.0,85.64,0.0,0.0,0.0,0.0,0.0,0.0,0.0,0.0,0.0,0.0,0.0
2741,45,RLS Shim,2.97,7.67,0.28,0.31,0.0,0.0,0.32,0.63,0.0,0.0,87.82,0.0,0.0,0.0,0.0,0.0,0.0,0.0,0.0,0.0,0.0,0.0
2742,46,RLS Shim,3.57,8.77,0.3,0.33,0.0,0.0,0.24,0.71,0.0,0.0,86.08,0.0,0.0,0.0,0.0,0.0,0.0,0.0,0.0,0.0,0.0,0.0
2743,47,RLS Shim,3.52,7.29,0.32,0.31,0.0,0.0,0.27,0.61,0.0,0.0,87.68,0.0,0.0,0.0,0.0,0.0,0.0,0.0,0.0,0.0,0.0,0.0
2744,48,RLS Shim,3.28,9.02,0.3,0.34,0.0,0.0,0.24,0.54,0.0,0.0,86.28,0.0,0.0,0.0,0.0,0.0,0.0,0.0,0.0,0.0,0.0,0.0
2745,49,RLS Shim,3.54,9.06,0.25,0.31,0.0,0.0,0.29,0.47,0.0,0.0,86.08,0.0,0.0,0.0,0.0,0.0,0.0,0.0,0.0,0.0,0.0,0.0
2746,50,RLS Shim,3.27,7.5,0.23,0.31,0.0,0.0,0.21,0.55,0.0,0.0,87.93,0.0,0.0,0.0,0.0,0.0,0.0,0.0,0.0,0.0,0.0,0.0
2747,51,RLS Shim,3.54,8.38,0.37,0.34,0.0,0.0,0.23,0.72,0.0,0.0,86.42,0.0,0.0,0.0,0.0,0.0,0.0,0.0,0.0,0.0,0.0,0.0
2748,52,RLS Shim,2.94,8.88,0.26,0.31,0.0,0.0,0.26,0.54,0.0,0.0,86.81,0.0,0.0,0.0,0.0,0.0,0.0,0.0,0.0,0.0,0.0,0.0
2749,53,RLS Shim,3.4,6.67,0.27,0.33,0.0,0.0,0.18,0.61,0.0,0.0,88.54,0.0,0.0,0.0,0.0,0.0,0.0,0.0,0.0,0.0,0.0,0.0
2750,54,RLS Shim,3.84,8.03,0.32,0.33,0.0,0.0,0.27,0.65,0.0,0.0,86.56,0.0,0.0,0.0,0.0,0.0,0.0,0.0,0.0,0.0,0.0,0.0
2751,55,RLS Shim,3.39,9.41,0.38,0.34,0.0,0.0,0.21,0.62,0.0,0.0,85.65,0.0,0.0,0.0,0.0,0.0,0.0,0.0,0.0,0.0,0.0,0.0
2752,56,RLS Shim,3.62,9.52,0.34,0.37,0.0,0.0,0.28,0.54,0.0,0.0,85.33,0.0,0.0,0.0,0.0,0.0,0.0,0.0,0.0,0.0,0.0,0.0
2753,57,RLS Shim,3.35,8.19,0.27,0.32,0.0,0.0,0.21,0.55,0.0,0.0,87.11,0.0,0.0,0.0,0.0,0.0,0.0,0.0,0.0,0.0,0.0,0.0
2754,58,RLS Shim,3.93,9.84,0.38,0.42,0.0,0.0,0.27,0.58,0.0,0.0,84.58,0.0,0.0,0.0,0.0,0.0,0.0,0.0,0.0,0.0,0.0,0.0
2755,59,RLS Shim,3.56,9.63,0.35,0.36,0.0,0.0,0.23,0.65,0.0,0.0,85.22,0.0,0.0,0.0,0.0,0.0,0.0,0.0,0.0,0.0,0.0,0.0
2756,60,RLS Shim,2.94,7.24,0.28,0.29,0.0,0.0,0.22,0.53,0.0,0.0,88.5,0.0,0.0,0.0,0.0,0.0,0.0,0.0,0.0,0.0,0.0,0.0
2757,61,RLS Shim,3.37,8.89,0.36,0.29,0.0,0.0,0.31,0.78,0.0,0.0,86.0,0.0,0.0,0.0,0.0,0.0,0.0,0.0,0.0,0.0,0.0,0.0
2758,62,RLS Shim,3.64,9.11,0.34,0.36,0.0,0.0,0.25,0.67,0.0,0.0,85.63,0.0,0.0,0.0,0.0,0.0,0.0,0.0,0.0,0.0,0.0,0.0
2759,63,RLS Shim,3.94,7.03,0.28,0.35,0.0,0.0,0.23,0.65,0.0,0.0,87.52,0.0,0.0,0.0,0.0,0.0,0.0,0.0,0.0,0.0,0.0,0.0
2760,64,RLS Shim,4.02,8.01,0.32,0.38,0.0,0.0,0.24,0.76,0.0,0.0,86.27,0.0,0.0,0.0,0.0,0.0,0.0,0.0,0.0,0.0,0.0,0.0
2761,65,RLS Shim,4.73,10.25,0.35,0.43,0.0,0.0,0.23,0.79,0.0,0.0,83.22,0.0,0.0,0.0,0.0,0.0,0.0,0.0,0.0,0.0,0.0,0.0
2762,66,RLS Shim,3.64,8.31,0.29,0.34,0.0,0.0,0.2,0.57,0.0,0.0,86.65,0.0,0.0,0.0,0.0,0.0,0.0,0.0,0.0,0.0,0.0,0.0
2763,67,RLS Shim,3.63,10.12,0.25,0.36,0.0,0.0,0.25,0.72,0.0,0.0,84.67,0.0,0.0,0.0,0.0,0.0,0.0,0.0,0.0,0.0,0.0,0.0
2764,68,RLS Shim,3.86,9.07,0.27,0.35,0.0,0.0,0.26,0.63,0.0,0.0,85.56,0.0,0.0,0.0,0.0,0.0,0.0,0.0,0.0,0.0,0.0,0.0
2765,69,RLS Shim,3.02,8.16,0.29,0.24,0.0,0.0,0.19,0.54,0.0,0.0,87.56,0.0,0.0,0.0,0.0,0.0,0.0,0.0,0.0,0.0,0.0,0.0
2766,70,RLS Shim,3.36,8.35,0.28,0.22,0.0,0.0,0.21,0.61,0.0,0.0,86.97,0.0,0.0,0.0,0.0,0.0,0.0,0.0,0.0,0.0,0.0,0.0
2767,71,RLS Shim,3.96,9.12,0.37,0.44,0.0,0.0,0.3,0.71,0.0,0.0,85.1,0.0,0.0,0.0,0.0,0.0,0.0,0.0,0.0,0.0,0.0,0.0
2768,72,RLS Shim,3.17,8.43,0.26,0.39,0.0,0.0,0.26,0.49,0.0,0.0,87.0,0.0,0.0,0.0,0.0,0.0,0.0,0.0,0.0,0.0,0.0,0.0
2769,73,RLS Shim,3.68,6.95,0.29,0.39,0.0,0.0,0.27,0.64,0.0,0.0,87.78,0.0,0.0,0.0,0.0,0.0,0.0,0.0,0.0,0.0,0.0,0.0
2770,74,RLS Shim,3.06,6.54,0.25,0.33,0.0,0.0,0.28,0.54,0.0,0.0,89.0,0.0,0.0,0.0,0.0,0.0,0.0,0.0,0.0,0.0,0.0,0.0
2771,75,RLS Shim,3.04,7.95,0.31,0.3,0.0,0.0,0.21,0.59,0.0,0.0,87.6,0.0,0.0,0.0,0.0,0.0,0.0,0.0,0.0,0.0,0.0,0.0
2772,76,RLS Shim,3.89,9.48,0.35,0.34,0.0,0.0,0.27,0.86,0.0,0.0,84.81,0.0,0.0,0.0,0.0,0.0,0.0,0.0,0.0,0.0,0.0,0.0
2773,77,RLS Shim,3.23,7.93,0.37,0.27,0.0,0.0,0.24,0.67,0.0,0.0,87.29,0.0,0.0,0.0,0.0,0.0,0.0,0.0,0.0,0.0,0.0,0.0
2774,78,RLS Shim,3.46,8.22,0.2,0.33,0.0,0.0,0.22,0.61,0.0,0.0,86.96,0.0,0.0,0.0,0.0,0.0,0.0,0.0,0.0,0.0,0.0,0.0
2775,79,RLS Shim,3.23,9.27,0.27,0.26,0.0,0.0,0.31,0.69,0.0,0.0,85.97,0.0,0.0,0.0,0.0,0.0,0.0,0.0,0.0,0.0,0.0,0.0
2776,80,RLS Shim,3.31,7.23,0.33,0.29,0.0,0.0,0.22,0.41,0.0,0.0,88.21,0.0,0.0,0.0,0.0,0.0,0.0,0.0,0.0,0.0,0.0,0.0
2777,81,RLS Shim,3.47,7.54,0.26,0.37,0.0,0.0,0.24,0.65,0.0,0.0,87.47,0.0,0.0,0.0,0.0,0.0,0.0,0.0,0.0,0.0,0.0,0.0
2778,82,RLS Shim,3.2,7.99,0.35,0.3,0.0,0.0,0.23,0.46,0.0,0.0,87.47,0.0,0.0,0.0,0.0,0.0,0.0,0.0,0.0,0.0,0.0,0.0
2779,83,RLS Shim,3.78,8.28,0.25,0.32,0.0,0.0,0.25,0.58,0.0,0.0,86.54,0.0,0.0,0.0,0.0,0.0,0.0,0.0,0.0,0.0,0.0,0.0
2780,84,RLS Shim,3.7,8.89,0.33,0.38,0.0,0.0,0.28,0.68,0.0,0.0,85.74,0.0,0.0,0.0,0.0,0.0,0.0,0.0,0.0,0.0,0.0,0.0
2781,85,RLS Shim,3.81,9.43,0.36,0.28,0.0,0.0,0.26,0.64,0.0,0.0,85.22,0.0,0.0,0.0,0.0,0.0,0.0,0.0,0.0,0.0,0.0,0.0
2782,86,RLS Shim,3.17,9.28,0.23,0.29,0.0,0.0,0.23,0.59,0.0,0.0,86.21,0.0,0.0,0.0,0.0,0.0,0.0,0.0,0.0,0.0,0.0,0.0
2783,87,RLS Shim,2.96,6.68,0.24,0.3,0.0,0.0,0.21,0.56,0.0,0.0,89.05,0.0,0.0,0.0,0.0,0.0,0.0,0.0,0.0,0.0,0.0,0.0
2784,88,RLS Shim,3.9,8.6,0.34,0.41,0.0,0.0,0.27,0.69,0.0,0.0,85.79,0.0,0.0,0.0,0.0,0.0,0.0,0.0,0.0,0.0,0.0,0.0
2785,89,RLS Shim,3.46,7.02,0.41,0.32,0.0,0.0,0.27,0.5,0.0,0.0,88.02,0.0,0.0,0.0,0.0,0.0,0.0,0.0,0.0,0.0,0.0,0.0
2786,90,RLS Shim,3.57,7.77,0.32,0.36,0.0,0.0,0.29,0.67,0.0,0.0,87.02,0.0,0.0,0.0,0.0,0.0,0.0,0.0,0.0,0.0,0.0,0.0
2787,91,RLS Shim,3.48,7.19,0.3,0.27,0.0,0.0,0.26,0.55,0.0,0.0,87.95,0.0,0.0,0.0,0.0,0.0,0.0,0.0,0.0,0.0,0.0,0.0
2788,92,RLS Shim,3.22,6.67,0.24,0.31,0.0,0.0,0.21,0.68,0.0,0.0,88.67,0.0,0.0,0.0,0.0,0.0,0.0,0.0,0.0,0.0,0.0,0.0
2789,93,RLS Shim,3.73,8.7,0.34,0.34,0.0,0.0,0.33,0.65,0.0,0.0,85.91,0.0,0.0,0.0,0.0,0.0,0.0,0.0,0.0,0.0,0.0,0.0
2790,94,RLS Shim,3.56,8.2,0.33,0.32,0.0,0.0,0.25,0.7,0.0,0.0,86.64,0.0,0.0,0.0,0.0,0.0,0.0,0.0,0.0,0.0,0.0,0.0
2791,95,RLS Shim,4.06,8.06,0.29,0.35,0.0,0.0,0.26,0.55,0.0,0.0,86.43,0.0,0.0,0.0,0.0,0.0,0.0,0.0,0.0,0.0,0.0,0.0
2792,96,RLS Shim,2.88,8.18,0.29,0.33,0.0,0.0,0.22,0.68,0.0,0.0,87.42,0.0,0.0,0.0,0.0,0.0,0.0,0.0,0.0,0.0,0.0,0.0
2793,97,RLS Shim,3.58,8.89,0.32,0.29,0.0,0.0,0.28,0.65,0.0,0.0,85.99,0.0,0.0,0.0,0.0,0.0,0.0,0.0,0.0,0.0,0.0,0.0
2794,1,Sealing Ring,0.0,0.58,0.39,0.29,0.05,0.0,0.0,0.21,0.0,0.0,98.48,0.0,0.0,0.0,0.0,0.0,0.0,0.0,0.0,0.0,0.0,0.0
2795,2,Sealing Ring,0.0,0.64,0.46,0.27,0.05,0.0,0.0,0.23,0.0,0.0,98.35,0.0,0.0,0.0,0.0,0.0,0.0,0.0,0.0,0.0,0.0,0.0
2796,3,Sealing Ring,0.0,0.55,0.62,0.21,0.06,0.0,0.0,0.21,0.0,0.0,98.35,0.0,0.0,0.0,0.0,0.0,0.0,0.0,0.0,0.0,0.0,0.0
2797,4,Sealing Ring,0.0,0.65,0.54,0.28,0.05,0.0,0.0,0.22,0.0,0.0,98.26,0.0,0.0,0.0,0.0,0.0,0.0,0.0,0.0,0.0,0.0,0.0
2798,5,Sealing Ring,0.0,0.52,0.42,0.25,0.05,0.0,0.0,0.2,0.0,0.0,98.56,0.0,0.0,0.0,0.0,0.0,0.0,0.0,0.0,0.0,0.0,0.0
2799,6,Sealing Ring,0.0,0.75,0.49,0.22,0.05,0.0,0.0,0.19,0.0,0.0,98.3,0.0,0.0,0.0,0.0,0.0,0.0,0.0,0.0,0.0,0.0,0.0
2800,7,Sealing Ring,0.0,0.46,0.34,0.23,0.05,0.0,0.0,0.19,0.0,0.0,98.73,0.0,0.0,0.0,0.0,0.0,0.0,0.0,0.0,0.0,0.0,0.0
2801,8,Sealing Ring,0.0,0.61,0.41,0.28,0.05,0.0,0.0,0.22,0.0,0.0,98.43,0.0,0.0,0.0,0.0,0.0,0.0,0.0,0.0,0.0,0.0,0.0
2802,9,Sealing Ring,0.0,0.53,0.48,0.21,0.03,0.0,0.0,0.17,0.0,0.0,98.58,0.0,0.0,0.0,0.0,0.0,0.0,0.0,0.0,0.0,0.0,0.0
2803,10,Sealing Ring,0.0,0.52,0.45,0.22,0.04,0.0,0.0,0.2,0.0,0.0,98.57,0.0,0.0,0.0,0.0,0.0,0.0,0.0,0.0,0.0,0.0,0.0
2804,11,Sealing Ring,0.0,0.61,0.47,0.22,0.04,0.0,0.0,0.22,0.0,0.0,98.44,0.0,0.0,0.0,0.0,0.0,0.0,0.0,0.0,0.0,0.0,0.0
2805,12,Sealing Ring,0.0,0.6,0.4,0.24,0.05,0.0,0.0,0.23,0.0,0.0,98.48,0.0,0.0,0.0,0.0,0.0,0.0,0.0,0.0,0.0,0.0,0.0
2806,13,Sealing Ring,0.0,0.61,0.54,0.23,0.05,0.0,0.0,0.3,0.0,0.0,98.27,0.0,0.0,0.0,0.0,0.0,0.0,0.0,0.0,0.0,0.0,0.0
2807,14,Sealing Ring,0.0,0.63,0.47,0.23,0.04,0.0,0.0,0.23,0.0,0.0,98.4,0.0,0.0,0.0,0.0,0.0,0.0,0.0,0.0,0.0,0.0,0.0
2808,15,Sealing Ring,0.0,0.72,0.43,0.28,0.05,0.0,0.0,0.22,0.0,0.0,98.3,0.0,0.0,0.0,0.0,0.0,0.0,0.0,0.0,0.0,0.0,0.0
2809,16,Sealing Ring,0.0,0.54,0.45,0.2,0.05,0.0,0.0,0.21,0.0,0.0,98.55,0.0,0.0,0.0,0.0,0.0,0.0,0.0,0.0,0.0,0.0,0.0
2810,17,Sealing Ring,0.0,0.62,0.45,0.2,0.05,0.0,0.0,0.21,0.0,0.0,98.47,0.0,0.0,0.0,0.0,0.0,0.0,0.0,0.0,0.0,0.0,0.0
2811,18,Sealing Ring,0.0,0.6,0.36,0.22,0.05,0.0,0.0,0.18,0.0,0.0,98.59,0.0,0.0,0.0,0.0,0.0,0.0,0.0,0.0,0.0,0.0,0.0
2812,19,Sealing Ring,0.0,0.63,0.43,0.22,0.04,0.0,0.0,0.25,0.0,0.0,98.43,0.0,0.0,0.0,0.0,0.0,0.0,0.0,0.0,0.0,0.0,0.0
2813,20,Sealing Ring,0.0,0.66,0.58,0.19,0.04,0.0,0.0,0.2,0.0,0.0,98.33,0.0,0.0,0.0,0.0,0.0,0.0,0.0,0.0,0.0,0.0,0.0
2814,21,Sealing Ring,0.0,0.65,0.48,0.26,0.05,0.0,0.0,0.22,0.0,0.0,98.34,0.0,0.0,0.0,0.0,0.0,0.0,0.0,0.0,0.0,0.0,0.0
2815,22,Sealing Ring,0.0,0.6,0.38,0.22,0.05,0.0,0.0,0.19,0.0,0.0,98.56,0.0,0.0,0.0,0.0,0.0,0.0,0.0,0.0,0.0,0.0,0.0
2816,23,Sealing Ring,0.0,0.66,0.56,0.24,0.05,0.0,0.0,0.24,0.0,0.0,98.25,0.0,0.0,0.0,0.0,0.0,0.0,0.0,0.0,0.0,0.0,0.0
2817,24,Sealing Ring,0.0,0.6,0.43,0.24,0.04,0.0,0.0,0.26,0.0,0.0,98.43,0.0,0.0,0.0,0.0,0.0,0.0,0.0,0.0,0.0,0.0,0.0
2818,25,Sealing Ring,0.0,0.58,0.42,0.25,0.05,0.0,0.0,0.2,0.0,0.0,98.5,0.0,0.0,0.0,0.0,0.0,0.0,0.0,0.0,0.0,0.0,0.0
2819,26,Sealing Ring,0.0,0.6,0.45,0.24,0.04,0.0,0.0,0.26,0.0,0.0,98.41,0.0,0.0,0.0,0.0,0.0,0.0,0.0,0.0,0.0,0.0,0.0
2820,27,Sealing Ring,0.0,0.56,0.54,0.22,0.05,0.0,0.0,0.23,0.0,0.0,98.4,0.0,0.0,0.0,0.0,0.0,0.0,0.0,0.0,0.0,0.0,0.0
2821,28,Sealing Ring,0.0,0.6,0.44,0.18,0.05,0.0,0.0,0.22,0.0,0.0,98.51,0.0,0.0,0.0,0.0,0.0,0.0,0.0,0.0,0.0,0.0,0.0
2822,29,Sealing Ring,0.0,0.63,0.41,0.25,0.05,0.0,0.0,0.21,0.0,0.0,98.45,0.0,0.0,0.0,0.0,0.0,0.0,0.0,0.0,0.0,0.0,0.0
2823,30,Sealing Ring,0.0,0.55,0.37,0.19,0.05,0.0,0.0,0.25,0.0,0.0,98.59,0.0,0.0,0.0,0.0,0.0,0.0,0.0,0.0,0.0,0.0,0.0
2824,31,Sealing Ring,0.0,0.63,0.48,0.33,0.04,0.0,0.0,0.23,0.0,0.0,98.29,0.0,0.0,0.0,0.0,0.0,0.0,0.0,0.0,0.0,0.0,0.0
2825,32,Sealing Ring,0.0,0.53,0.48,0.26,0.05,0.0,0.0,0.22,0.0,0.0,98.46,0.0,0.0,0.0,0.0,0.0,0.0,0.0,0.0,0.0,0.0,0.0
2826,33,Sealing Ring,0.0,0.71,0.44,0.25,0.06,0.0,0.0,0.21,0.0,0.0,98.33,0.0,0.0,0.0,0.0,0.0,0.0,0.0,0.0,0.0,0.0,0.0
2827,34,Sealing Ring,0.0,0.44,0.47,0.23,0.06,0.0,0.0,0.18,0.0,0.0,98.62,0.0,0.0,0.0,0.0,0.0,0.0,0.0,0.0,0.0,0.0,0.0
2828,35,Sealing Ring,0.0,0.49,0.4,0.24,0.05,0.0,0.0,0.24,0.0,0.0,98.58,0.0,0.0,0.0,0.0,0.0,0.0,0.0,0.0,0.0,0.0,0.0
2829,36,Sealing Ring,0.0,0.53,0.57,0.25,0.04,0.0,0.0,0.29,0.0,0.0,98.32,0.0,0.0,0.0,0.0,0.0,0.0,0.0,0.0,0.0,0.0,0.0
2830,37,Sealing Ring,0.0,0.61,0.37,0.31,0.05,0.0,0.0,0.25,0.0,0.0,98.41,0.0,0.0,0.0,0.0,0.0,0.0,0.0,0.0,0.0,0.0,0.0
2831,38,Sealing Ring,0.0,0.58,0.49,0.2,0.05,0.0,0.0,0.2,0.0,0.0,98.48,0.0,0.0,0.0,0.0,0.0,0.0,0.0,0.0,0.0,0.0,0.0
2832,39,Sealing Ring,0.0,0.47,0.46,0.24,0.05,0.0,0.0,0.22,0.0,0.0,98.56,0.0,0.0,0.0,0.0,0.0,0.0,0.0,0.0,0.0,0.0,0.0
2833,40,Sealing Ring,0.0,0.43,0.44,0.18,0.05,0.0,0.0,0.2,0.0,0.0,98.7,0.0,0.0,0.0,0.0,0.0,0.0,0.0,0.0,0.0,0.0,0.0
2834,41,Sealing Ring,0.0,0.64,0.5,0.3,0.05,0.0,0.0,0.19,0.0,0.0,98.32,0.0,0.0,0.0,0.0,0.0,0.0,0.0,0.0,0.0,0.0,0.0
2835,42,Sealing Ring,0.0,0.64,0.53,0.24,0.04,0.0,0.0,0.2,0.0,0.0,98.35,0.0,0.0,0.0,0.0,0.0,0.0,0.0,0.0,0.0,0.0,0.0
2836,43,Sealing Ring,0.0,0.58,0.42,0.25,0.05,0.0,0.0,0.21,0.0,0.0,98.49,0.0,0.0,0.0,0.0,0.0,0.0,0.0,0.0,0.0,0.0,0.0
2837,44,Sealing Ring,0.0,0.53,0.46,0.23,0.05,0.0,0.0,0.25,0.0,0.0,98.48,0.0,0.0,0.0,0.0,0.0,0.0,0.0,0.0,0.0,0.0,0.0
2838,45,Sealing Ring,0.0,0.48,0.35,0.21,0.04,0.0,0.0,0.22,0.0,0.0,98.7,0.0,0.0,0.0,0.0,0.0,0.0,0.0,0.0,0.0,0.0,0.0
2839,46,Sealing Ring,0.0,0.75,0.36,0.23,0.06,0.0,0.0,0.25,0.0,0.0,98.35,0.0,0.0,0.0,0.0,0.0,0.0,0.0,0.0,0.0,0.0,0.0
2840,47,Sealing Ring,0.0,0.68,0.4,0.2,0.06,0.0,0.0,0.25,0.0,0.0,98.41,0.0,0.0,0.0,0.0,0.0,0.0,0.0,0.0,0.0,0.0,0.0
2841,48,Sealing Ring,0.0,0.69,0.42,0.23,0.04,0.0,0.0,0.28,0.0,0.0,98.34,0.0,0.0,0.0,0.0,0.0,0.0,0.0,0.0,0.0,0.0,0.0
2842,49,Sealing Ring,0.0,0.7,0.52,0.25,0.04,0.0,0.0,0.21,0.0,0.0,98.28,0.0,0.0,0.0,0.0,0.0,0.0,0.0,0.0,0.0,0.0,0.0
2843,50,Sealing Ring,0.0,0.69,0.47,0.28,0.05,0.0,0.0,0.25,0.0,0.0,98.26,0.0,0.0,0.0,0.0,0.0,0.0,0.0,0.0,0.0,0.0,0.0
2844,51,Sealing Ring,0.0,0.54,0.49,0.23,0.06,0.0,0.0,0.19,0.0,0.0,98.49,0.0,0.0,0.0,0.0,0.0,0.0,0.0,0.0,0.0,0.0,0.0
2845,52,Sealing Ring,0.0,0.56,0.4,0.23,0.04,0.0,0.0,0.21,0.0,0.0,98.56,0.0,0.0,0.0,0.0,0.0,0.0,0.0,0.0,0.0,0.0,0.0
2846,53,Sealing Ring,0.0,0.63,0.45,0.24,0.05,0.0,0.0,0.26,0.0,0.0,98.37,0.0,0.0,0.0,0.0,0.0,0.0,0.0,0.0,0.0,0.0,0.0
2847,54,Sealing Ring,0.0,0.61,0.42,0.23,0.06,0.0,0.0,0.28,0.0,0.0,98.4,0.0,0.0,0.0,0.0,0.0,0.0,0.0,0.0,0.0,0.0,0.0
2848,55,Sealing Ring,0.0,0.53,0.4,0.22,0.06,0.0,0.0,0.22,0.0,0.0,98.57,0.0,0.0,0.0,0.0,0.0,0.0,0.0,0.0,0.0,0.0,0.0
2849,56,Sealing Ring,0.0,0.64,0.49,0.25,0.04,0.0,0.0,0.23,0.0,0.0,98.35,0.0,0.0,0.0,0.0,0.0,0.0,0.0,0.0,0.0,0.0,0.0
2850,57,Sealing Ring,0.0,0.67,0.46,0.3,0.04,0.0,0.0,0.2,0.0,0.0,98.33,0.0,0.0,0.0,0.0,0.0,0.0,0.0,0.0,0.0,0.0,0.0
2851,58,Sealing Ring,0.0,0.59,0.4,0.17,0.05,0.0,0.0,0.19,0.0,0.0,98.6,0.0,0.0,0.0,0.0,0.0,0.0,0.0,0.0,0.0,0.0,0.0
2852,59,Sealing Ring,0.0,0.72,0.45,0.27,0.05,0.0,0.0,0.2,0.0,0.0,98.31,0.0,0.0,0.0,0.0,0.0,0.0,0.0,0.0,0.0,0.0,0.0
2853,60,Sealing Ring,0.0,0.52,0.48,0.26,0.05,0.0,0.0,0.22,0.0,0.0,98.47,0.0,0.0,0.0,0.0,0.0,0.0,0.0,0.0,0.0,0.0,0.0
2854,61,Sealing Ring,0.0,0.63,0.41,0.22,0.04,0.0,0.0,0.21,0.0,0.0,98.49,0.0,0.0,0.0,0.0,0.0,0.0,0.0,0.0,0.0,0.0,0.0
2855,62,Sealing Ring,0.0,0.55,0.36,0.23,0.04,0.0,0.0,0.19,0.0,0.0,98.63,0.0,0.0,0.0,0.0,0.0,0.0,0.0,0.0,0.0,0.0,0.0
2856,63,Sealing Ring,0.0,0.6,0.51,0.19,0.04,0.0,0.0,0.21,0.0,0.0,98.45,0.0,0.0,0.0,0.0,0.0,0.0,0.0,0.0,0.0,0.0,0.0
2857,64,Sealing Ring,0.0,0.63,0.4,0.22,0.05,0.0,0.0,0.21,0.0,0.0,98.49,0.0,0.0,0.0,0.0,0.0,0.0,0.0,0.0,0.0,0.0,0.0
2858,65,Sealing Ring,0.0,0.67,0.41,0.25,0.04,0.0,0.0,0.18,0.0,0.0,98.45,0.0,0.0,0.0,0.0,0.0,0.0,0.0,0.0,0.0,0.0,0.0
2859,66,Sealing Ring,0.0,0.53,0.44,0.29,0.05,0.0,0.0,0.21,0.0,0.0,98.48,0.0,0.0,0.0,0.0,0.0,0.0,0.0,0.0,0.0,0.0,0.0
2860,67,Sealing Ring,0.0,0.62,0.49,0.22,0.04,0.0,0.0,0.18,0.0,0.0,98.45,0.0,0.0,0.0,0.0,0.0,0.0,0.0,0.0,0.0,0.0,0.0
2861,68,Sealing Ring,0.0,0.59,0.35,0.2,0.04,0.0,0.0,0.21,0.0,0.0,98.61,0.0,0.0,0.0,0.0,0.0,0.0,0.0,0.0,0.0,0.0,0.0
2862,69,Sealing Ring,0.0,0.6,0.43,0.3,0.05,0.0,0.0,0.22,0.0,0.0,98.4,0.0,0.0,0.0,0.0,0.0,0.0,0.0,0.0,0.0,0.0,0.0
2863,70,Sealing Ring,0.0,0.63,0.45,0.22,0.05,0.0,0.0,0.23,0.0,0.0,98.42,0.0,0.0,0.0,0.0,0.0,0.0,0.0,0.0,0.0,0.0,0.0
2864,71,Sealing Ring,0.0,0.59,0.59,0.27,0.05,0.0,0.0,0.24,0.0,0.0,98.26,0.0,0.0,0.0,0.0,0.0,0.0,0.0,0.0,0.0,0.0,0.0
2865,72,Sealing Ring,0.0,0.56,0.44,0.24,0.06,0.0,0.0,0.21,0.0,0.0,98.49,0.0,0.0,0.0,0.0,0.0,0.0,0.0,0.0,0.0,0.0,0.0
2866,73,Sealing Ring,0.0,0.49,0.45,0.26,0.04,0.0,0.0,0.19,0.0,0.0,98.57,0.0,0.0,0.0,0.0,0.0,0.0,0.0,0.0,0.0,0.0,0.0
2867,74,Sealing Ring,0.0,0.5,0.39,0.21,0.04,0.0,0.0,0.22,0.0,0.0,98.64,0.0,0.0,0.0,0.0,0.0,0.0,0.0,0.0,0.0,0.0,0.0
2868,75,Sealing Ring,0.0,0.6,0.47,0.21,0.05,0.0,0.0,0.27,0.0,0.0,98.4,0.0,0.0,0.0,0.0,0.0,0.0,0.0,0.0,0.0,0.0,0.0
2869,76,Sealing Ring,0.0,0.59,0.39,0.26,0.04,0.0,0.0,0.24,0.0,0.0,98.48,0.0,0.0,0.0,0.0,0.0,0.0,0.0,0.0,0.0,0.0,0.0
2870,77,Sealing Ring,0.0,0.51,0.47,0.24,0.04,0.0,0.0,0.22,0.0,0.0,98.52,0.0,0.0,0.0,0.0,0.0,0.0,0.0,0.0,0.0,0.0,0.0
2871,78,Sealing Ring,0.0,0.5,0.39,0.28,0.05,0.0,0.0,0.22,0.0,0.0,98.56,0.0,0.0,0.0,0.0,0.0,0.0,0.0,0.0,0.0,0.0,0.0
2872,79,Sealing Ring,0.0,0.62,0.37,0.25,0.04,0.0,0.0,0.21,0.0,0.0,98.51,0.0,0.0,0.0,0.0,0.0,0.0,0.0,0.0,0.0,0.0,0.0
2873,80,Sealing Ring,0.0,0.47,0.39,0.21,0.05,0.0,0.0,0.19,0.0,0.0,98.69,0.0,0.0,0.0,0.0,0.0,0.0,0.0,0.0,0.0,0.0,0.0
2874,81,Sealing Ring,0.0,0.6,0.41,0.25,0.05,0.0,0.0,0.24,0.0,0.0,98.45,0.0,0.0,0.0,0.0,0.0,0.0,0.0,0.0,0.0,0.0,0.0
2875,82,Sealing Ring,0.0,0.57,0.52,0.28,0.04,0.0,0.0,0.19,0.0,0.0,98.4,0.0,0.0,0.0,0.0,0.0,0.0,0.0,0.0,0.0,0.0,0.0
2876,83,Sealing Ring,0.0,0.51,0.44,0.3,0.04,0.0,0.0,0.21,0.0,0.0,98.5,0.0,0.0,0.0,0.0,0.0,0.0,0.0,0.0,0.0,0.0,0.0
2877,84,Sealing Ring,0.0,0.58,0.46,0.28,0.05,0.0,0.0,0.24,0.0,0.0,98.39,0.0,0.0,0.0,0.0,0.0,0.0,0.0,0.0,0.0,0.0,0.0
2878,85,Sealing Ring,0.0,0.63,0.4,0.23,0.05,0.0,0.0,0.25,0.0,0.0,98.44,0.0,0.0,0.0,0.0,0.0,0.0,0.0,0.0,0.0,0.0,0.0
2879,86,Sealing Ring,0.0,0.53,0.52,0.23,0.05,0.0,0.0,0.2,0.0,0.0,98.47,0.0,0.0,0.0,0.0,0.0,0.0,0.0,0.0,0.0,0.0,0.0
2880,87,Sealing Ring,0.0,0.62,0.39,0.25,0.05,0.0,0.0,0.21,0.0,0.0,98.48,0.0,0.0,0.0,0.0,0.0,0.0,0.0,0.0,0.0,0.0,0.0
2881,88,Sealing Ring,0.0,0.66,0.39,0.23,0.05,0.0,0.0,0.19,0.0,0.0,98.48,0.0,0.0,0.0,0.0,0.0,0.0,0.0,0.0,0.0,0.0,0.0
2882,89,Sealing Ring,0.0,0.57,0.47,0.25,0.06,0.0,0.0,0.24,0.0,0.0,98.41,0.0,0.0,0.0,0.0,0.0,0.0,0.0,0.0,0.0,0.0,0.0
2883,90,Sealing Ring,0.0,0.69,0.35,0.21,0.04,0.0,0.0,0.2,0.0,0.0,98.51,0.0,0.0,0.0,0.0,0.0,0.0,0.0,0.0,0.0,0.0,0.0
2884,91,Sealing Ring,0.0,0.59,0.45,0.27,0.05,0.0,0.0,0.2,0.0,0.0,98.44,0.0,0.0,0.0,0.0,0.0,0.0,0.0,0.0,0.0,0.0,0.0
2885,92,Sealing Ring,0.0,0.71,0.57,0.23,0.05,0.0,0.0,0.24,0.0,0.0,98.2,0.0,0.0,0.0,0.0,0.0,0.0,0.0,0.0,0.0,0.0,0.0
2886,93,Sealing Ring,0.0,0.53,0.44,0.21,0.05,0.0,0.0,0.23,0.0,0.0,98.54,0.0,0.0,0.0,0.0,0.0,0.0,0.0,0.0,0.0,0.0,0.0
2887,94,Sealing Ring,0.0,0.48,0.46,0.2,0.05,0.0,0.0,0.22,0.0,0.0,98.59,0.0,0.0,0.0,0.0,0.0,0.0,0.0,0.0,0.0,0.0,0.0
2888,95,Sealing Ring,0.0,0.61,0.45,0.32,0.05,0.0,0.0,0.22,0.0,0.0,98.35,0.0,0.0,0.0,0.0,0.0,0.0,0.0,0.0,0.0,0.0,0.0
2889,96,Sealing Ring,0.0,0.47,0.46,0.21,0.04,0.0,0.0,0.19,0.0,0.0,98.63,0.0,0.0,0.0,0.0,0.0,0.0,0.0,0.0,0.0,0.0,0.0
2890,97,Sealing Ring,0.0,0.52,0.4,0.29,0.05,0.0,0.0,0.19,0.0,0.0,98.55,0.0,0.0,0.0,0.0,0.0,0.0,0.0,0.0,0.0,0.0,0.0
2891,1,Support Sealing,5.42,0.6,0.43,0.23,0.0,0.0,0.22,0.66,0.0,0.0,92.44,0.0,0.0,0.0,0.0,0.0,0.0,0.0,0.0,0.0,0.0,0.0
2892,2,Support Sealing,4.62,0.72,0.4,0.36,0.0,0.0,0.24,0.56,0.0,0.0,93.1,0.0,0.0,0.0,0.0,0.0,0.0,0.0,0.0,0.0,0.0,0.0
2893,3,Support Sealing,5.41,0.66,0.45,0.3,0.0,0.0,0.27,0.66,0.0,0.0,92.25,0.0,0.0,0.0,0.0,0.0,0.0,0.0,0.0,0.0,0.0,0.0
2894,4,Support Sealing,5.68,0.66,0.52,0.3,0.0,0.0,0.23,0.72,0.0,0.0,91.89,0.0,0.0,0.0,0.0,0.0,0.0,0.0,0.0,0.0,0.0,0.0
2895,5,Support Sealing,3.68,0.66,0.51,0.28,0.0,0.0,0.25,0.56,0.0,0.0,94.06,0.0,0.0,0.0,0.0,0.0,0.0,0.0,0.0,0.0,0.0,0.0
2896,6,Support Sealing,5.32,0.77,0.57,0.35,0.0,0.0,0.28,0.69,0.0,0.0,92.02,0.0,0.0,0.0,0.0,0.0,0.0,0.0,0.0,0.0,0.0,0.0
2897,7,Support Sealing,4.21,0.54,0.45,0.33,0.0,0.0,0.2,0.54,0.0,0.0,93.73,0.0,0.0,0.0,0.0,0.0,0.0,0.0,0.0,0.0,0.0,0.0
2898,8,Support Sealing,5.45,0.62,0.47,0.27,0.0,0.0,0.26,0.78,0.0,0.0,92.15,0.0,0.0,0.0,0.0,0.0,0.0,0.0,0.0,0.0,0.0,0.0
2899,9,Support Sealing,4.7,0.78,0.48,0.28,0.0,0.0,0.24,0.7,0.0,0.0,92.82,0.0,0.0,0.0,0.0,0.0,0.0,0.0,0.0,0.0,0.0,0.0
2900,10,Support Sealing,5.28,0.61,0.45,0.31,0.0,0.0,0.2,0.63,0.0,0.0,92.52,0.0,0.0,0.0,0.0,0.0,0.0,0.0,0.0,0.0,0.0,0.0
2901,11,Support Sealing,5.14,0.63,0.46,0.29,0.0,0.0,0.26,0.68,0.0,0.0,92.54,0.0,0.0,0.0,0.0,0.0,0.0,0.0,0.0,0.0,0.0,0.0
2902,12,Support Sealing,4.27,0.6,0.42,0.25,0.0,0.0,0.21,0.66,0.0,0.0,93.59,0.0,0.0,0.0,0.0,0.0,0.0,0.0,0.0,0.0,0.0,0.0
2903,13,Support Sealing,5.34,0.64,0.43,0.35,0.0,0.0,0.31,0.7,0.0,0.0,92.23,0.0,0.0,0.0,0.0,0.0,0.0,0.0,0.0,0.0,0.0,0.0
2904,14,Support Sealing,5.36,0.58,0.51,0.32,0.0,0.0,0.22,0.66,0.0,0.0,92.35,0.0,0.0,0.0,0.0,0.0,0.0,0.0,0.0,0.0,0.0,0.0
2905,15,Support Sealing,5.38,0.65,0.39,0.29,0.0,0.0,0.21,0.67,0.0,0.0,92.41,0.0,0.0,0.0,0.0,0.0,0.0,0.0,0.0,0.0,0.0,0.0
2906,16,Support Sealing,4.5,0.7,0.47,0.3,0.0,0.0,0.25,0.63,0.0,0.0,93.15,0.0,0.0,0.0,0.0,0.0,0.0,0.0,0.0,0.0,0.0,0.0
2907,17,Support Sealing,5.14,0.66,0.41,0.31,0.0,0.0,0.2,0.76,0.0,0.0,92.52,0.0,0.0,0.0,0.0,0.0,0.0,0.0,0.0,0.0,0.0,0.0
2908,18,Support Sealing,6.55,0.61,0.4,0.31,0.0,0.0,0.22,0.53,0.0,0.0,91.38,0.0,0.0,0.0,0.0,0.0,0.0,0.0,0.0,0.0,0.0,0.0
2909,19,Support Sealing,4.45,0.69,0.39,0.36,0.0,0.0,0.23,0.66,0.0,0.0,93.22,0.0,0.0,0.0,0.0,0.0,0.0,0.0,0.0,0.0,0.0,0.0
2910,20,Support Sealing,3.87,0.59,0.51,0.35,0.0,0.0,0.23,0.66,0.0,0.0,93.79,0.0,0.0,0.0,0.0,0.0,0.0,0.0,0.0,0.0,0.0,0.0
2911,21,Support Sealing,4.26,0.75,0.4,0.32,0.0,0.0,0.18,0.69,0.0,0.0,93.4,0.0,0.0,0.0,0.0,0.0,0.0,0.0,0.0,0.0,0.0,0.0
2912,22,Support Sealing,4.47,0.66,0.42,0.33,0.0,0.0,0.24,0.64,0.0,0.0,93.24,0.0,0.0,0.0,0.0,0.0,0.0,0.0,0.0,0.0,0.0,0.0
2913,23,Support Sealing,5.2,0.75,0.43,0.4,0.0,0.0,0.22,0.76,0.0,0.0,92.24,0.0,0.0,0.0,0.0,0.0,0.0,0.0,0.0,0.0,0.0,0.0
2914,24,Support Sealing,5.56,0.72,0.48,0.33,0.0,0.0,0.24,0.67,0.0,0.0,92.0,0.0,0.0,0.0,0.0,0.0,0.0,0.0,0.0,0.0,0.0,0.0
2915,25,Support Sealing,4.75,0.87,0.49,0.36,0.0,0.0,0.26,0.59,0.0,0.0,92.68,0.0,0.0,0.0,0.0,0.0,0.0,0.0,0.0,0.0,0.0,0.0
2916,26,Support Sealing,3.87,0.62,0.4,0.31,0.0,0.0,0.24,0.67,0.0,0.0,93.89,0.0,0.0,0.0,0.0,0.0,0.0,0.0,0.0,0.0,0.0,0.0
2917,27,Support Sealing,5.19,0.83,0.43,0.34,0.0,0.0,0.26,0.7,0.0,0.0,92.25,0.0,0.0,0.0,0.0,0.0,0.0,0.0,0.0,0.0,0.0,0.0
2918,28,Support Sealing,4.22,0.56,0.38,0.38,0.0,0.0,0.24,0.68,0.0,0.0,93.54,0.0,0.0,0.0,0.0,0.0,0.0,0.0,0.0,0.0,0.0,0.0
2919,29,Support Sealing,5.73,0.57,0.46,0.31,0.0,0.0,0.23,0.68,0.0,0.0,92.02,0.0,0.0,0.0,0.0,0.0,0.0,0.0,0.0,0.0,0.0,0.0
2920,30,Support Sealing,5.03,0.76,0.32,0.32,0.0,0.0,0.19,0.72,0.0,0.0,92.66,0.0,0.0,0.0,0.0,0.0,0.0,0.0,0.0,0.0,0.0,0.0
2921,31,Support Sealing,4.06,0.87,0.42,0.28,0.0,0.0,0.24,0.67,0.0,0.0,93.46,0.0,0.0,0.0,0.0,0.0,0.0,0.0,0.0,0.0,0.0,0.0
2922,32,Support Sealing,4.11,0.75,0.48,0.31,0.0,0.0,0.27,0.58,0.0,0.0,93.5,0.0,0.0,0.0,0.0,0.0,0.0,0.0,0.0,0.0,0.0,0.0
2923,33,Support Sealing,5.73,0.67,0.49,0.31,0.0,0.0,0.23,0.69,0.0,0.0,91.88,0.0,0.0,0.0,0.0,0.0,0.0,0.0,0.0,0.0,0.0,0.0
2924,34,Support Sealing,5.11,0.64,0.53,0.29,0.0,0.0,0.22,0.67,0.0,0.0,92.54,0.0,0.0,0.0,0.0,0.0,0.0,0.0,0.0,0.0,0.0,0.0
2925,35,Support Sealing,4.41,0.59,0.43,0.35,0.0,0.0,0.2,0.55,0.0,0.0,93.47,0.0,0.0,0.0,0.0,0.0,0.0,0.0,0.0,0.0,0.0,0.0
2926,36,Support Sealing,5.33,0.66,0.48,0.27,0.0,0.0,0.26,0.55,0.0,0.0,92.45,0.0,0.0,0.0,0.0,0.0,0.0,0.0,0.0,0.0,0.0,0.0
2927,37,Support Sealing,4.43,0.75,0.44,0.29,0.0,0.0,0.28,0.71,0.0,0.0,93.1,0.0,0.0,0.0,0.0,0.0,0.0,0.0,0.0,0.0,0.0,0.0
2928,38,Support Sealing,4.82,0.67,0.35,0.3,0.0,0.0,0.21,0.6,0.0,0.0,93.05,0.0,0.0,0.0,0.0,0.0,0.0,0.0,0.0,0.0,0.0,0.0
2929,39,Support Sealing,5.43,0.6,0.41,0.34,0.0,0.0,0.23,0.58,0.0,0.0,92.41,0.0,0.0,0.0,0.0,0.0,0.0,0.0,0.0,0.0,0.0,0.0
2930,40,Support Sealing,5.27,0.6,0.34,0.34,0.0,0.0,0.23,0.7,0.0,0.0,92.52,0.0,0.0,0.0,0.0,0.0,0.0,0.0,0.0,0.0,0.0,0.0
2931,41,Support Sealing,4.32,0.72,0.44,0.3,0.0,0.0,0.27,0.66,0.0,0.0,93.29,0.0,0.0,0.0,0.0,0.0,0.0,0.0,0.0,0.0,0.0,0.0
2932,42,Support Sealing,5.22,0.65,0.54,0.25,0.0,0.0,0.24,0.67,0.0,0.0,92.43,0.0,0.0,0.0,0.0,0.0,0.0,0.0,0.0,0.0,0.0,0.0
2933,43,Support Sealing,5.26,0.85,0.39,0.32,0.0,0.0,0.28,0.6,0.0,0.0,92.3,0.0,0.0,0.0,0.0,0.0,0.0,0.0,0.0,0.0,0.0,0.0
2934,44,Support Sealing,4.8,0.72,0.4,0.33,0.0,0.0,0.22,0.66,0.0,0.0,92.87,0.0,0.0,0.0,0.0,0.0,0.0,0.0,0.0,0.0,0.0,0.0
2935,45,Support Sealing,5.41,0.86,0.48,0.32,0.0,0.0,0.2,0.58,0.0,0.0,92.15,0.0,0.0,0.0,0.0,0.0,0.0,0.0,0.0,0.0,0.0,0.0
2936,46,Support Sealing,4.8,0.56,0.39,0.32,0.0,0.0,0.25,0.62,0.0,0.0,93.06,0.0,0.0,0.0,0.0,0.0,0.0,0.0,0.0,0.0,0.0,0.0
2937,47,Support Sealing,4.6,0.63,0.45,0.29,0.0,0.0,0.2,0.61,0.0,0.0,93.22,0.0,0.0,0.0,0.0,0.0,0.0,0.0,0.0,0.0,0.0,0.0
2938,48,Support Sealing,5.41,0.59,0.33,0.31,0.0,0.0,0.24,0.76,0.0,0.0,92.36,0.0,0.0,0.0,0.0,0.0,0.0,0.0,0.0,0.0,0.0,0.0
2939,49,Support Sealing,6.09,0.79,0.46,0.32,0.0,0.0,0.24,0.62,0.0,0.0,91.48,0.0,0.0,0.0,0.0,0.0,0.0,0.0,0.0,0.0,0.0,0.0
2940,50,Support Sealing,5.35,0.57,0.42,0.33,0.0,0.0,0.21,0.68,0.0,0.0,92.44,0.0,0.0,0.0,0.0,0.0,0.0,0.0,0.0,0.0,0.0,0.0
2941,51,Support Sealing,5.12,0.61,0.41,0.34,0.0,0.0,0.22,0.65,0.0,0.0,92.65,0.0,0.0,0.0,0.0,0.0,0.0,0.0,0.0,0.0,0.0,0.0
2942,52,Support Sealing,5.0,0.62,0.36,0.36,0.0,0.0,0.24,0.62,0.0,0.0,92.8,0.0,0.0,0.0,0.0,0.0,0.0,0.0,0.0,0.0,0.0,0.0
2943,53,Support Sealing,5.16,0.7,0.43,0.3,0.0,0.0,0.23,0.55,0.0,0.0,92.63,0.0,0.0,0.0,0.0,0.0,0.0,0.0,0.0,0.0,0.0,0.0
2944,54,Support Sealing,4.53,0.61,0.47,0.29,0.0,0.0,0.22,0.68,0.0,0.0,93.2,0.0,0.0,0.0,0.0,0.0,0.0,0.0,0.0,0.0,0.0,0.0
2945,55,Support Sealing,4.78,0.72,0.35,0.37,0.0,0.0,0.22,0.57,0.0,0.0,92.99,0.0,0.0,0.0,0.0,0.0,0.0,0.0,0.0,0.0,0.0,0.0
2946,56,Support Sealing,4.56,0.56,0.46,0.33,0.0,0.0,0.24,0.56,0.0,0.0,93.29,0.0,0.0,0.0,0.0,0.0,0.0,0.0,0.0,0.0,0.0,0.0
2947,57,Support Sealing,4.39,0.64,0.33,0.31,0.0,0.0,0.2,0.67,0.0,0.0,93.46,0.0,0.0,0.0,0.0,0.0,0.0,0.0,0.0,0.0,0.0,0.0
2948,58,Support Sealing,5.29,0.67,0.4,0.39,0.0,0.0,0.23,0.59,0.0,0.0,92.43,0.0,0.0,0.0,0.0,0.0,0.0,0.0,0.0,0.0,0.0,0.0
2949,59,Support Sealing,6.22,0.82,0.42,0.29,0.0,0.0,0.24,0.52,0.0,0.0,91.49,0.0,0.0,0.0,0.0,0.0,0.0,0.0,0.0,0.0,0.0,0.0
2950,60,Support Sealing,4.06,0.61,0.41,0.28,0.0,0.0,0.21,0.73,0.0,0.0,93.7,0.0,0.0,0.0,0.0,0.0,0.0,0.0,0.0,0.0,0.0,0.0
2951,61,Support Sealing,4.82,0.67,0.4,0.33,0.0,0.0,0.21,0.65,0.0,0.0,92.92,0.0,0.0,0.0,0.0,0.0,0.0,0.0,0.0,0.0,0.0,0.0
2952,62,Support Sealing,4.76,0.72,0.5,0.29,0.0,0.0,0.22,0.68,0.0,0.0,92.83,0.0,0.0,0.0,0.0,0.0,0.0,0.0,0.0,0.0,0.0,0.0
2953,63,Support Sealing,5.17,0.69,0.44,0.31,0.0,0.0,0.26,0.61,0.0,0.0,92.52,0.0,0.0,0.0,0.0,0.0,0.0,0.0,0.0,0.0,0.0,0.0
2954,64,Support Sealing,5.92,0.64,0.37,0.28,0.0,0.0,0.2,0.57,0.0,0.0,92.02,0.0,0.0,0.0,0.0,0.0,0.0,0.0,0.0,0.0,0.0,0.0
2955,65,Support Sealing,5.26,0.65,0.55,0.31,0.0,0.0,0.21,0.54,0.0,0.0,92.48,0.0,0.0,0.0,0.0,0.0,0.0,0.0,0.0,0.0,0.0,0.0
2956,66,Support Sealing,5.25,0.74,0.4,0.26,0.0,0.0,0.24,0.56,0.0,0.0,92.55,0.0,0.0,0.0,0.0,0.0,0.0,0.0,0.0,0.0,0.0,0.0
2957,67,Support Sealing,5.25,0.73,0.37,0.37,0.0,0.0,0.22,0.71,0.0,0.0,92.35,0.0,0.0,0.0,0.0,0.0,0.0,0.0,0.0,0.0,0.0,0.0
2958,68,Support Sealing,4.64,0.74,0.38,0.38,0.0,0.0,0.24,0.58,0.0,0.0,93.04,0.0,0.0,0.0,0.0,0.0,0.0,0.0,0.0,0.0,0.0,0.0
2959,69,Support Sealing,4.6,0.55,0.4,0.27,0.0,0.0,0.2,0.68,0.0,0.0,93.3,0.0,0.0,0.0,0.0,0.0,0.0,0.0,0.0,0.0,0.0,0.0
2960,70,Support Sealing,4.11,0.59,0.44,0.28,0.0,0.0,0.21,0.81,0.0,0.0,93.56,0.0,0.0,0.0,0.0,0.0,0.0,0.0,0.0,0.0,0.0,0.0
2961,71,Support Sealing,4.51,0.56,0.44,0.22,0.0,0.0,0.24,0.63,0.0,0.0,93.4,0.0,0.0,0.0,0.0,0.0,0.0,0.0,0.0,0.0,0.0,0.0
2962,72,Support Sealing,3.76,0.68,0.51,0.28,0.0,0.0,0.22,0.66,0.0,0.0,93.89,0.0,0.0,0.0,0.0,0.0,0.0,0.0,0.0,0.0,0.0,0.0
2963,73,Support Sealing,4.64,0.7,0.52,0.38,0.0,0.0,0.26,0.7,0.0,0.0,92.8,0.0,0.0,0.0,0.0,0.0,0.0,0.0,0.0,0.0,0.0,0.0
2964,74,Support Sealing,5.38,0.78,0.44,0.28,0.0,0.0,0.25,0.59,0.0,0.0,92.28,0.0,0.0,0.0,0.0,0.0,0.0,0.0,0.0,0.0,0.0,0.0
2965,75,Support Sealing,4.53,0.73,0.48,0.36,0.0,0.0,0.24,0.77,0.0,0.0,92.89,0.0,0.0,0.0,0.0,0.0,0.0,0.0,0.0,0.0,0.0,0.0
2966,76,Support Sealing,5.45,0.57,0.45,0.28,0.0,0.0,0.23,0.64,0.0,0.0,92.38,0.0,0.0,0.0,0.0,0.0,0.0,0.0,0.0,0.0,0.0,0.0
2967,77,Support Sealing,5.8,0.73,0.45,0.41,0.0,0.0,0.25,0.69,0.0,0.0,91.67,0.0,0.0,0.0,0.0,0.0,0.0,0.0,0.0,0.0,0.0,0.0
2968,78,Support Sealing,4.81,0.62,0.34,0.29,0.0,0.0,0.19,0.65,0.0,0.0,93.1,0.0,0.0,0.0,0.0,0.0,0.0,0.0,0.0,0.0,0.0,0.0
2969,79,Support Sealing,4.3,0.7,0.61,0.32,0.0,0.0,0.26,0.73,0.0,0.0,93.08,0.0,0.0,0.0,0.0,0.0,0.0,0.0,0.0,0.0,0.0,0.0
2970,80,Support Sealing,4.12,0.52,0.34,0.28,0.0,0.0,0.21,0.57,0.0,0.0,93.96,0.0,0.0,0.0,0.0,0.0,0.0,0.0,0.0,0.0,0.0,0.0
2971,81,Support Sealing,4.95,0.64,0.45,0.27,0.0,0.0,0.28,0.7,0.0,0.0,92.71,0.0,0.0,0.0,0.0,0.0,0.0,0.0,0.0,0.0,0.0,0.0
2972,82,Support Sealing,4.64,0.56,0.41,0.34,0.0,0.0,0.23,0.68,0.0,0.0,93.14,0.0,0.0,0.0,0.0,0.0,0.0,0.0,0.0,0.0,0.0,0.0
2973,83,Support Sealing,4.9,0.72,0.41,0.26,0.0,0.0,0.25,0.7,0.0,0.0,92.76,0.0,0.0,0.0,0.0,0.0,0.0,0.0,0.0,0.0,0.0,0.0
2974,84,Support Sealing,5.08,0.66,0.39,0.3,0.0,0.0,0.22,0.69,0.0,0.0,92.66,0.0,0.0,0.0,0.0,0.0,0.0,0.0,0.0,0.0,0.0,0.0
2975,85,Support Sealing,4.76,0.71,0.44,0.28,0.0,0.0,0.19,0.61,0.0,0.0,93.01,0.0,0.0,0.0,0.0,0.0,0.0,0.0,0.0,0.0,0.0,0.0
2976,86,Support Sealing,4.35,0.71,0.52,0.3,0.0,0.0,0.21,0.68,0.0,0.0,93.23,0.0,0.0,0.0,0.0,0.0,0.0,0.0,0.0,0.0,0.0,0.0
2977,87,Support Sealing,5.31,0.57,0.48,0.27,0.0,0.0,0.2,0.63,0.0,0.0,92.54,0.0,0.0,0.0,0.0,0.0,0.0,0.0,0.0,0.0,0.0,0.0
2978,88,Support Sealing,4.73,0.69,0.48,0.31,0.0,0.0,0.25,0.57,0.0,0.0,92.97,0.0,0.0,0.0,0.0,0.0,0.0,0.0,0.0,0.0,0.0,0.0
2979,89,Support Sealing,5.31,0.72,0.4,0.34,0.0,0.0,0.23,0.55,0.0,0.0,92.45,0.0,0.0,0.0,0.0,0.0,0.0,0.0,0.0,0.0,0.0,0.0
2980,90,Support Sealing,4.83,0.69,0.47,0.33,0.0,0.0,0.17,0.59,0.0,0.0,92.92,0.0,0.0,0.0,0.0,0.0,0.0,0.0,0.0,0.0,0.0,0.0
2981,91,Support Sealing,4.41,0.78,0.49,0.29,0.0,0.0,0.2,0.71,0.0,0.0,93.12,0.0,0.0,0.0,0.0,0.0,0.0,0.0,0.0,0.0,0.0,0.0
2982,92,Support Sealing,5.1,0.65,0.5,0.37,0.0,0.0,0.24,0.61,0.0,0.0,92.53,0.0,0.0,0.0,0.0,0.0,0.0,0.0,0.0,0.0,0.0,0.0
2983,93,Support Sealing,4.06,0.7,0.41,0.31,0.0,0.0,0.28,0.57,0.0,0.0,93.67,0.0,0.0,0.0,0.0,0.0,0.0,0.0,0.0,0.0,0.0,0.0
2984,94,Support Sealing,4.58,0.8,0.55,0.3,0.0,0.0,0.26,0.64,0.0,0.0,92.87,0.0,0.0,0.0,0.0,0.0,0.0,0.0,0.0,0.0,0.0,0.0
2985,95,Support Sealing,4.66,0.68,0.41,0.29,0.0,0.0,0.19,0.67,0.0,0.0,93.1,0.0,0.0,0.0,0.0,0.0,0.0,0.0,0.0,0.0,0.0,0.0
2986,96,Support Sealing,4.96,0.64,0.36,0.28,0.0,0.0,0.24,0.74,0.0,0.0,92.78,0.0,0.0,0.0,0.0,0.0,0.0,0.0,0.0,0.0,0.0,0.0
2987,1,UFK Spring,2.5,1.21,0.0,1.77,0.0,0.0,0.67,0.83,0.0,0.0,93.02,0.0,0.0,0.0,0.0,0.0,0.0,0.0,0.0,0.0,0.0,0.0
2988,2,UFK Spring,1.92,1.48,0.0,1.06,0.0,0.0,0.62,0.76,0.0,0.0,94.16,0.0,0.0,0.0,0.0,0.0,0.0,0.0,0.0,0.0,0.0,0.0
2989,3,UFK Spring,1.68,1.18,0.0,1.49,0.0,0.0,0.75,0.7,0.0,0.0,94.2,0.0,0.0,0.0,0.0,0.0,0.0,0.0,0.0,0.0,0.0,0.0
2990,4,UFK Spring,1.97,1.09,0.0,1.38,0.0,0.0,0.67,0.68,0.0,0.0,94.21,0.0,0.0,0.0,0.0,0.0,0.0,0.0,0.0,0.0,0.0,0.0
2991,5,UFK Spring,2.05,1.47,0.0,1.44,0.0,0.0,0.82,0.74,0.0,0.0,93.48,0.0,0.0,0.0,0.0,0.0,0.0,0.0,0.0,0.0,0.0,0.0
2992,6,UFK Spring,2.68,1.11,0.0,1.47,0.0,0.0,0.61,0.7,0.0,0.0,93.43,0.0,0.0,0.0,0.0,0.0,0.0,0.0,0.0,0.0,0.0,0.0
2993,7,UFK Spring,1.88,1.32,0.0,1.47,0.0,0.0,0.66,0.65,0.0,0.0,94.02,0.0,0.0,0.0,0.0,0.0,0.0,0.0,0.0,0.0,0.0,0.0
2994,8,UFK Spring,2.03,0.75,0.0,1.39,0.0,0.0,0.55,0.67,0.0,0.0,94.61,0.0,0.0,0.0,0.0,0.0,0.0,0.0,0.0,0.0,0.0,0.0
2995,9,UFK Spring,2.58,1.19,0.0,1.53,0.0,0.0,0.75,0.9,0.0,0.0,93.05,0.0,0.0,0.0,0.0,0.0,0.0,0.0,0.0,0.0,0.0,0.0
2996,10,UFK Spring,1.83,1.46,0.0,1.21,0.0,0.0,0.57,0.69,0.0,0.0,94.24,0.0,0.0,0.0,0.0,0.0,0.0,0.0,0.0,0.0,0.0,0.0
2997,11,UFK Spring,2.03,1.48,0.0,1.23,0.0,0.0,0.62,0.77,0.0,0.0,93.87,0.0,0.0,0.0,0.0,0.0,0.0,0.0,0.0,0.0,0.0,0.0
2998,12,UFK Spring,2.11,1.07,0.0,1.3,0.0,0.0,0.69,0.81,0.0,0.0,94.02,0.0,0.0,0.0,0.0,0.0,0.0,0.0,0.0,0.0,0.0,0.0
2999,13,UFK Spring,1.96,1.48,0.0,1.36,0.0,0.0,0.8,0.83,0.0,0.0,93.57,0.0,0.0,0.0,0.0,0.0,0.0,0.0,0.0,0.0,0.0,0.0
3000,14,UFK Spring,2.17,1.25,0.0,1.55,0.0,0.0,0.69,0.78,0.0,0.0,93.56,0.0,0.0,0.0,0.0,0.0,0.0,0.0,0.0,0.0,0.0,0.0
3001,15,UFK Spring,2.16,1.16,0.0,1.23,0.0,0.0,0.57,0.63,0.0,0.0,94.25,0.0,0.0,0.0,0.0,0.0,0.0,0.0,0.0,0.0,0.0,0.0
3002,16,UFK Spring,2.14,1.13,0.0,1.07,0.0,0.0,0.78,0.6,0.0,0.0,94.28,0.0,0.0,0.0,0.0,0.0,0.0,0.0,0.0,0.0,0.0,0.0
3003,17,UFK Spring,1.98,1.05,0.0,1.31,0.0,0.0,0.59,0.65,0.0,0.0,94.42,0.0,0.0,0.0,0.0,0.0,0.0,0.0,0.0,0.0,0.0,0.0
3004,18,UFK Spring,2.61,1.2,0.0,1.49,0.0,0.0,0.66,0.66,0.0,0.0,93.38,0.0,0.0,0.0,0.0,0.0,0.0,0.0,0.0,0.0,0.0,0.0
3005,19,UFK Spring,2.05,1.27,0.0,1.54,0.0,0.0,0.69,0.65,0.0,0.0,93.8,0.0,0.0,0.0,0.0,0.0,0.0,0.0,0.0,0.0,0.0,0.0
3006,20,UFK Spring,2.99,1.38,0.0,1.45,0.0,0.0,0.65,0.79,0.0,0.0,92.74,0.0,0.0,0.0,0.0,0.0,0.0,0.0,0.0,0.0,0.0,0.0
3007,21,UFK Spring,2.29,1.23,0.0,1.23,0.0,0.0,0.68,0.64,0.0,0.0,93.93,0.0,0.0,0.0,0.0,0.0,0.0,0.0,0.0,0.0,0.0,0.0
3008,22,UFK Spring,1.83,0.94,0.0,1.55,0.0,0.0,0.76,0.77,0.0,0.0,94.15,0.0,0.0,0.0,0.0,0.0,0.0,0.0,0.0,0.0,0.0,0.0
3009,23,UFK Spring,1.68,1.18,0.0,1.36,0.0,0.0,0.67,0.62,0.0,0.0,94.49,0.0,0.0,0.0,0.0,0.0,0.0,0.0,0.0,0.0,0.0,0.0
3010,24,UFK Spring,2.56,1.04,0.0,1.37,0.0,0.0,0.78,0.81,0.0,0.0,93.44,0.0,0.0,0.0,0.0,0.0,0.0,0.0,0.0,0.0,0.0,0.0
3011,25,UFK Spring,2.16,1.35,0.0,1.28,0.0,0.0,0.65,0.7,0.0,0.0,93.86,0.0,0.0,0.0,0.0,0.0,0.0,0.0,0.0,0.0,0.0,0.0
3012,26,UFK Spring,2.06,1.41,0.0,1.42,0.0,0.0,0.77,0.88,0.0,0.0,93.46,0.0,0.0,0.0,0.0,0.0,0.0,0.0,0.0,0.0,0.0,0.0
3013,27,UFK Spring,2.23,1.31,0.0,1.28,0.0,0.0,0.61,0.58,0.0,0.0,93.99,0.0,0.0,0.0,0.0,0.0,0.0,0.0,0.0,0.0,0.0,0.0
3014,28,UFK Spring,2.16,1.26,0.0,1.43,0.0,0.0,0.69,0.79,0.0,0.0,93.67,0.0,0.0,0.0,0.0,0.0,0.0,0.0,0.0,0.0,0.0,0.0
3015,29,UFK Spring,2.35,1.34,0.0,1.68,0.0,0.0,0.85,0.91,0.0,0.0,92.87,0.0,0.0,0.0,0.0,0.0,0.0,0.0,0.0,0.0,0.0,0.0
3016,30,UFK Spring,2.46,1.23,0.0,1.77,0.0,0.0,0.77,0.66,0.0,0.0,93.11,0.0,0.0,0.0,0.0,0.0,0.0,0.0,0.0,0.0,0.0,0.0
3017,31,UFK Spring,2.46,1.4,0.0,1.77,0.0,0.0,0.63,0.73,0.0,0.0,93.01,0.0,0.0,0.0,0.0,0.0,0.0,0.0,0.0,0.0,0.0,0.0
3018,32,UFK Spring,2.3,1.25,0.0,1.37,0.0,0.0,0.61,0.72,0.0,0.0,93.75,0.0,0.0,0.0,0.0,0.0,0.0,0.0,0.0,0.0,0.0,0.0
3019,33,UFK Spring,1.83,1.22,0.0,1.3,0.0,0.0,0.67,0.7,0.0,0.0,94.28,0.0,0.0,0.0,0.0,0.0,0.0,0.0,0.0,0.0,0.0,0.0
3020,34,UFK Spring,2.56,1.14,0.0,1.45,0.0,0.0,0.64,0.8,0.0,0.0,93.41,0.0,0.0,0.0,0.0,0.0,0.0,0.0,0.0,0.0,0.0,0.0
3021,35,UFK Spring,2.92,1.51,0.0,1.6,0.0,0.0,0.69,0.82,0.0,0.0,92.46,0.0,0.0,0.0,0.0,0.0,0.0,0.0,0.0,0.0,0.0,0.0
3022,36,UFK Spring,2.03,1.31,0.0,1.31,0.0,0.0,0.68,0.79,0.0,0.0,93.88,0.0,0.0,0.0,0.0,0.0,0.0,0.0,0.0,0.0,0.0,0.0
3023,37,UFK Spring,2.46,1.28,0.0,1.39,0.0,0.0,0.64,0.7,0.0,0.0,93.53,0.0,0.0,0.0,0.0,0.0,0.0,0.0,0.0,0.0,0.0,0.0
3024,38,UFK Spring,2.57,1.23,0.0,1.29,0.0,0.0,0.71,0.74,0.0,0.0,93.46,0.0,0.0,0.0,0.0,0.0,0.0,0.0,0.0,0.0,0.0,0.0
3025,39,UFK Spring,2.16,1.36,0.0,1.47,0.0,0.0,0.72,0.77,0.0,0.0,93.52,0.0,0.0,0.0,0.0,0.0,0.0,0.0,0.0,0.0,0.0,0.0
3026,40,UFK Spring,2.05,1.35,0.0,1.37,0.0,0.0,0.59,0.64,0.0,0.0,94.0,0.0,0.0,0.0,0.0,0.0,0.0,0.0,0.0,0.0,0.0,0.0
3027,41,UFK Spring,2.49,1.03,0.0,1.51,0.0,0.0,0.59,0.64,0.0,0.0,93.74,0.0,0.0,0.0,0.0,0.0,0.0,0.0,0.0,0.0,0.0,0.0
3028,42,UFK Spring,2.2,1.28,0.0,1.4,0.0,0.0,0.71,0.7,0.0,0.0,93.71,0.0,0.0,0.0,0.0,0.0,0.0,0.0,0.0,0.0,0.0,0.0
3029,43,UFK Spring,2.24,1.06,0.0,1.32,0.0,0.0,0.8,0.63,0.0,0.0,93.95,0.0,0.0,0.0,0.0,0.0,0.0,0.0,0.0,0.0,0.0,0.0
3030,44,UFK Spring,2.85,1.04,0.0,1.35,0.0,0.0,0.6,0.76,0.0,0.0,93.4,0.0,0.0,0.0,0.0,0.0,0.0,0.0,0.0,0.0,0.0,0.0
3031,45,UFK Spring,2.12,1.04,0.0,1.61,0.0,0.0,0.59,0.75,0.0,0.0,93.89,0.0,0.0,0.0,0.0,0.0,0.0,0.0,0.0,0.0,0.0,0.0
3032,46,UFK Spring,2.33,1.25,0.0,1.05,0.0,0.0,0.65,0.68,0.0,0.0,94.04,0.0,0.0,0.0,0.0,0.0,0.0,0.0,0.0,0.0,0.0,0.0
3033,47,UFK Spring,2.05,1.27,0.0,1.59,0.0,0.0,0.7,0.74,0.0,0.0,93.65,0.0,0.0,0.0,0.0,0.0,0.0,0.0,0.0,0.0,0.0,0.0
3034,48,UFK Spring,2.48,1.05,0.0,1.81,0.0,0.0,0.65,0.93,0.0,0.0,93.08,0.0,0.0,0.0,0.0,0.0,0.0,0.0,0.0,0.0,0.0,0.0
3035,49,UFK Spring,2.21,1.53,0.0,1.17,0.0,0.0,0.69,0.78,0.0,0.0,93.62,0.0,0.0,0.0,0.0,0.0,0.0,0.0,0.0,0.0,0.0,0.0
3036,50,UFK Spring,1.82,1.45,0.0,1.27,0.0,0.0,0.6,0.76,0.0,0.0,94.1,0.0,0.0,0.0,0.0,0.0,0.0,0.0,0.0,0.0,0.0,0.0
3037,51,UFK Spring,2.05,1.39,0.0,1.58,0.0,0.0,0.68,0.82,0.0,0.0,93.48,0.0,0.0,0.0,0.0,0.0,0.0,0.0,0.0,0.0,0.0,0.0
3038,52,UFK Spring,2.2,1.28,0.0,1.39,0.0,0.0,0.76,0.7,0.0,0.0,93.67,0.0,0.0,0.0,0.0,0.0,0.0,0.0,0.0,0.0,0.0,0.0
3039,53,UFK Spring,2.41,1.41,0.0,1.37,0.0,0.0,0.68,0.63,0.0,0.0,93.5,0.0,0.0,0.0,0.0,0.0,0.0,0.0,0.0,0.0,0.0,0.0
3040,54,UFK Spring,2.23,1.0,0.0,1.58,0.0,0.0,0.66,0.68,0.0,0.0,93.85,0.0,0.0,0.0,0.0,0.0,0.0,0.0,0.0,0.0,0.0,0.0
3041,55,UFK Spring,2.19,1.3,0.0,1.53,0.0,0.0,0.74,0.8,0.0,0.0,93.44,0.0,0.0,0.0,0.0,0.0,0.0,0.0,0.0,0.0,0.0,0.0
3042,56,UFK Spring,2.24,1.08,0.0,1.02,0.0,0.0,0.7,0.67,0.0,0.0,94.29,0.0,0.0,0.0,0.0,0.0,0.0,0.0,0.0,0.0,0.0,0.0
3043,57,UFK Spring,2.19,1.36,0.0,0.95,0.0,0.0,0.56,0.74,0.0,0.0,94.2,0.0,0.0,0.0,0.0,0.0,0.0,0.0,0.0,0.0,0.0,0.0
3044,58,UFK Spring,2.57,1.28,0.0,1.5,0.0,0.0,0.73,0.72,0.0,0.0,93.2,0.0,0.0,0.0,0.0,0.0,0.0,0.0,0.0,0.0,0.0,0.0
3045,59,UFK Spring,2.59,1.46,0.0,1.61,0.0,0.0,0.66,0.77,0.0,0.0,92.91,0.0,0.0,0.0,0.0,0.0,0.0,0.0,0.0,0.0,0.0,0.0
3046,60,UFK Spring,2.13,1.15,0.0,1.28,0.0,0.0,0.67,0.58,0.0,0.0,94.19,0.0,0.0,0.0,0.0,0.0,0.0,0.0,0.0,0.0,0.0,0.0
3047,61,UFK Spring,2.22,0.99,0.0,1.42,0.0,0.0,0.66,0.62,0.0,0.0,94.09,0.0,0.0,0.0,0.0,0.0,0.0,0.0,0.0,0.0,0.0,0.0
3048,62,UFK Spring,3.01,1.05,0.0,1.55,0.0,0.0,0.57,0.64,0.0,0.0,93.18,0.0,0.0,0.0,0.0,0.0,0.0,0.0,0.0,0.0,0.0,0.0
3049,63,UFK Spring,2.24,1.12,0.0,1.36,0.0,0.0,0.67,0.67,0.0,0.0,93.94,0.0,0.0,0.0,0.0,0.0,0.0,0.0,0.0,0.0,0.0,0.0
3050,64,UFK Spring,2.38,1.13,0.0,1.69,0.0,0.0,0.75,0.63,0.0,0.0,93.42,0.0,0.0,0.0,0.0,0.0,0.0,0.0,0.0,0.0,0.0,0.0
3051,65,UFK Spring,2.14,1.27,0.0,1.47,0.0,0.0,0.76,0.79,0.0,0.0,93.57,0.0,0.0,0.0,0.0,0.0,0.0,0.0,0.0,0.0,0.0,0.0
3052,66,UFK Spring,2.31,1.18,0.0,1.52,0.0,0.0,0.57,0.77,0.0,0.0,93.65,0.0,0.0,0.0,0.0,0.0,0.0,0.0,0.0,0.0,0.0,0.0
3053,67,UFK Spring,2.16,1.25,0.0,1.51,0.0,0.0,0.65,0.71,0.0,0.0,93.72,0.0,0.0,0.0,0.0,0.0,0.0,0.0,0.0,0.0,0.0,0.0
3054,68,UFK Spring,2.44,1.13,0.0,1.33,0.0,0.0,0.77,0.69,0.0,0.0,93.64,0.0,0.0,0.0,0.0,0.0,0.0,0.0,0.0,0.0,0.0,0.0
3055,69,UFK Spring,2.01,1.14,0.0,1.56,0.0,0.0,0.71,0.66,0.0,0.0,93.92,0.0,0.0,0.0,0.0,0.0,0.0,0.0,0.0,0.0,0.0,0.0
3056,70,UFK Spring,2.42,1.49,0.0,0.99,0.0,0.0,0.67,0.75,0.0,0.0,93.68,0.0,0.0,0.0,0.0,0.0,0.0,0.0,0.0,0.0,0.0,0.0
3057,71,UFK Spring,2.14,1.3,0.0,1.48,0.0,0.0,0.76,0.66,0.0,0.0,93.66,0.0,0.0,0.0,0.0,0.0,0.0,0.0,0.0,0.0,0.0,0.0
3058,72,UFK Spring,2.52,1.18,0.0,1.28,0.0,0.0,0.62,0.69,0.0,0.0,93.71,0.0,0.0,0.0,0.0,0.0,0.0,0.0,0.0,0.0,0.0,0.0
3059,73,UFK Spring,2.37,1.14,0.0,1.34,0.0,0.0,0.8,0.78,0.0,0.0,93.57,0.0,0.0,0.0,0.0,0.0,0.0,0.0,0.0,0.0,0.0,0.0
3060,74,UFK Spring,2.88,1.34,0.0,1.57,0.0,0.0,0.68,0.7,0.0,0.0,92.83,0.0,0.0,0.0,0.0,0.0,0.0,0.0,0.0,0.0,0.0,0.0
3061,75,UFK Spring,2.12,1.28,0.0,1.59,0.0,0.0,0.8,0.96,0.0,0.0,93.25,0.0,0.0,0.0,0.0,0.0,0.0,0.0,0.0,0.0,0.0,0.0
3062,76,UFK Spring,2.4,1.16,0.0,1.68,0.0,0.0,0.69,0.75,0.0,0.0,93.32,0.0,0.0,0.0,0.0,0.0,0.0,0.0,0.0,0.0,0.0,0.0
3063,77,UFK Spring,2.13,1.3,0.0,1.52,0.0,0.0,0.52,0.84,0.0,0.0,93.69,0.0,0.0,0.0,0.0,0.0,0.0,0.0,0.0,0.0,0.0,0.0
3064,78,UFK Spring,2.05,1.32,0.0,1.53,0.0,0.0,0.6,0.87,0.0,0.0,93.63,0.0,0.0,0.0,0.0,0.0,0.0,0.0,0.0,0.0,0.0,0.0
3065,79,UFK Spring,1.7,1.26,0.0,1.31,0.0,0.0,0.7,0.6,0.0,0.0,94.43,0.0,0.0,0.0,0.0,0.0,0.0,0.0,0.0,0.0,0.0,0.0
3066,80,UFK Spring,2.38,1.11,0.0,1.61,0.0,0.0,0.7,0.75,0.0,0.0,93.45,0.0,0.0,0.0,0.0,0.0,0.0,0.0,0.0,0.0,0.0,0.0
3067,81,UFK Spring,2.75,1.23,0.0,1.41,0.0,0.0,0.63,0.87,0.0,0.0,93.11,0.0,0.0,0.0,0.0,0.0,0.0,0.0,0.0,0.0,0.0,0.0
3068,82,UFK Spring,1.75,1.22,0.0,1.42,0.0,0.0,0.65,0.65,0.0,0.0,94.31,0.0,0.0,0.0,0.0,0.0,0.0,0.0,0.0,0.0,0.0,0.0
3069,83,UFK Spring,1.82,1.29,0.0,0.98,0.0,0.0,0.59,0.71,0.0,0.0,94.61,0.0,0.0,0.0,0.0,0.0,0.0,0.0,0.0,0.0,0.0,0.0
3070,84,UFK Spring,1.89,1.4,0.0,1.49,0.0,0.0,0.71,0.79,0.0,0.0,93.72,0.0,0.0,0.0,0.0,0.0,0.0,0.0,0.0,0.0,0.0,0.0
3071,85,UFK Spring,2.44,1.48,0.0,1.1,0.0,0.0,0.74,0.63,0.0,0.0,93.61,0.0,0.0,0.0,0.0,0.0,0.0,0.0,0.0,0.0,0.0,0.0
3072,86,UFK Spring,2.55,1.2,0.0,1.36,0.0,0.0,0.65,0.72,0.0,0.0,93.52,0.0,0.0,0.0,0.0,0.0,0.0,0.0,0.0,0.0,0.0,0.0
3073,87,UFK Spring,2.15,1.07,0.0,1.4,0.0,0.0,0.71,0.68,0.0,0.0,93.99,0.0,0.0,0.0,0.0,0.0,0.0,0.0,0.0,0.0,0.0,0.0
3074,88,UFK Spring,2.13,1.1,0.0,1.37,0.0,0.0,0.74,0.74,0.0,0.0,93.92,0.0,0.0,0.0,0.0,0.0,0.0,0.0,0.0,0.0,0.0,0.0
3075,89,UFK Spring,2.34,1.44,0.0,1.15,0.0,0.0,0.57,0.69,0.0,0.0,93.81,0.0,0.0,0.0,0.0,0.0,0.0,0.0,0.0,0.0,0.0,0.0
3076,90,UFK Spring,2.64,1.36,0.0,1.58,0.0,0.0,0.71,0.74,0.0,0.0,92.97,0.0,0.0,0.0,0.0,0.0,0.0,0.0,0.0,0.0,0.0,0.0
3077,91,UFK Spring,2.0,1.19,0.0,1.26,0.0,0.0,0.67,0.7,0.0,0.0,94.18,0.0,0.0,0.0,0.0,0.0,0.0,0.0,0.0,0.0,0.0,0.0
3078,92,UFK Spring,2.18,1.21,0.0,1.59,0.0,0.0,0.72,0.69,0.0,0.0,93.61,0.0,0.0,0.0,0.0,0.0,0.0,0.0,0.0,0.0,0.0,0.0
3079,93,UFK Spring,2.33,1.21,0.0,1.51,0.0,0.0,0.54,0.72,0.0,0.0,93.69,0.0,0.0,0.0,0.0,0.0,0.0,0.0,0.0,0.0,0.0,0.0
3080,94,UFK Spring,2.22,1.1,0.0,1.35,0.0,0.0,0.67,0.81,0.0,0.0,93.85,0.0,0.0,0.0,0.0,0.0,0.0,0.0,0.0,0.0,0.0,0.0
3081,95,UFK Spring,2.04,0.97,0.0,1.34,0.0,0.0,0.57,0.66,0.0,0.0,94.42,0.0,0.0,0.0,0.0,0.0,0.0,0.0,0.0,0.0,0.0,0.0
3082,96,UFK Spring,2.92,1.17,0.0,1.35,0.0,0.0,0.74,0.69,0.0,0.0,93.13,0.0,0.0,0.0,0.0,0.0,0.0,0.0,0.0,0.0,0.0,0.0
3083,97,UFK Spring,2.05,1.42,0.0,1.38,0.0,0.0,0.68,0.61,0.0,0.0,93.86,0.0,0.0,0.0,0.0,0.0,0.0,0.0,0.0,0.0,0.0,0.0
3084,98,UFK Spring,2.02,1.15,0.0,1.27,0.0,0.0,0.6,0.78,0.0,0.0,94.18,0.0,0.0,0.0,0.0,0.0,0.0,0.0,0.0,0.0,0.0,0.0
3085,99,UFK Spring,2.08,1.12,0.0,1.23,0.0,0.0,0.66,0.62,0.0,0.0,94.29,0.0,0.0,0.0,0.0,0.0,0.0,0.0,0.0,0.0,0.0,0.0
3086,100,UFK Spring,1.93,1.05,0.0,1.43,0.0,0.0,0.69,0.61,0.0,0.0,94.29,0.0,0.0,0.0,0.0,0.0,0.0,0.0,0.0,0.0,0.0,0.0
3087,1,VFK Shim,1.82,1.06,0.19,0.39,0.0,0.0,0.26,0.82,0.0,0.0,95.46,0.0,0.0,0.0,0.0,0.0,0.0,0.0,0.0,0.0,0.0,0.0
3088,2,VFK Shim,2.21,1.12,0.2,0.34,0.0,0.0,0.27,0.58,0.0,0.0,95.28,0.0,0.0,0.0,0.0,0.0,0.0,0.0,0.0,0.0,0.0,0.0
3089,3,VFK Shim,2.48,0.8,0.2,0.45,0.0,0.0,0.26,0.61,0.0,0.0,95.2,0.0,0.0,0.0,0.0,0.0,0.0,0.0,0.0,0.0,0.0,0.0
3090,4,VFK Shim,2.19,1.0,0.28,0.29,0.0,0.0,0.23,0.69,0.0,0.0,95.32,0.0,0.0,0.0,0.0,0.0,0.0,0.0,0.0,0.0,0.0,0.0
3091,5,VFK Shim,2.19,1.25,0.17,0.29,0.0,0.0,0.27,0.66,0.0,0.0,95.17,0.0,0.0,0.0,0.0,0.0,0.0,0.0,0.0,0.0,0.0,0.0
3092,6,VFK Shim,2.05,1.01,0.2,0.28,0.0,0.0,0.29,0.65,0.0,0.0,95.52,0.0,0.0,0.0,0.0,0.0,0.0,0.0,0.0,0.0,0.0,0.0
3093,7,VFK Shim,2.06,1.03,0.22,0.35,0.0,0.0,0.25,0.59,0.0,0.0,95.5,0.0,0.0,0.0,0.0,0.0,0.0,0.0,0.0,0.0,0.0,0.0
3094,8,VFK Shim,2.02,1.03,0.18,0.29,0.0,0.0,0.3,0.8,0.0,0.0,95.38,0.0,0.0,0.0,0.0,0.0,0.0,0.0,0.0,0.0,0.0,0.0
3095,9,VFK Shim,2.17,1.17,0.19,0.35,0.0,0.0,0.29,0.67,0.0,0.0,95.16,0.0,0.0,0.0,0.0,0.0,0.0,0.0,0.0,0.0,0.0,0.0
3096,10,VFK Shim,2.34,0.89,0.2,0.32,0.0,0.0,0.26,0.78,0.0,0.0,95.21,0.0,0.0,0.0,0.0,0.0,0.0,0.0,0.0,0.0,0.0,0.0
3097,11,VFK Shim,2.27,1.18,0.26,0.38,0.0,0.0,0.24,0.81,0.0,0.0,94.86,0.0,0.0,0.0,0.0,0.0,0.0,0.0,0.0,0.0,0.0,0.0
3098,12,VFK Shim,2.7,1.21,0.24,0.35,0.0,0.0,0.3,0.8,0.0,0.0,94.4,0.0,0.0,0.0,0.0,0.0,0.0,0.0,0.0,0.0,0.0,0.0
3099,13,VFK Shim,2.02,0.96,0.21,0.37,0.0,0.0,0.23,0.79,0.0,0.0,95.42,0.0,0.0,0.0,0.0,0.0,0.0,0.0,0.0,0.0,0.0,0.0
3100,14,VFK Shim,1.61,1.16,0.25,0.31,0.0,0.0,0.3,0.79,0.0,0.0,95.58,0.0,0.0,0.0,0.0,0.0,0.0,0.0,0.0,0.0,0.0,0.0
3101,15,VFK Shim,2.41,0.94,0.23,0.28,0.0,0.0,0.26,0.5,0.0,0.0,95.38,0.0,0.0,0.0,0.0,0.0,0.0,0.0,0.0,0.0,0.0,0.0
3102,16,VFK Shim,2.54,1.22,0.22,0.39,0.0,0.0,0.28,0.73,0.0,0.0,94.62,0.0,0.0,0.0,0.0,0.0,0.0,0.0,0.0,0.0,0.0,0.0
3103,17,VFK Shim,2.2,0.9,0.18,0.46,0.0,0.0,0.28,0.57,0.0,0.0,95.41,0.0,0.0,0.0,0.0,0.0,0.0,0.0,0.0,0.0,0.0,0.0
3104,18,VFK Shim,2.47,1.0,0.23,0.34,0.0,0.0,0.26,0.78,0.0,0.0,94.92,0.0,0.0,0.0,0.0,0.0,0.0,0.0,0.0,0.0,0.0,0.0
3105,19,VFK Shim,2.12,1.18,0.19,0.44,0.0,0.0,0.22,0.69,0.0,0.0,95.16,0.0,0.0,0.0,0.0,0.0,0.0,0.0,0.0,0.0,0.0,0.0
3106,20,VFK Shim,1.98,1.02,0.17,0.3,0.0,0.0,0.24,0.8,0.0,0.0,95.49,0.0,0.0,0.0,0.0,0.0,0.0,0.0,0.0,0.0,0.0,0.0
3107,21,VFK Shim,2.39,0.77,0.2,0.29,0.0,0.0,0.24,0.6,0.0,0.0,95.51,0.0,0.0,0.0,0.0,0.0,0.0,0.0,0.0,0.0,0.0,0.0
3108,22,VFK Shim,1.9,1.16,0.17,0.33,0.0,0.0,0.23,0.71,0.0,0.0,95.5,0.0,0.0,0.0,0.0,0.0,0.0,0.0,0.0,0.0,0.0,0.0
3109,23,VFK Shim,2.48,1.12,0.22,0.32,0.0,0.0,0.27,0.68,0.0,0.0,94.91,0.0,0.0,0.0,0.0,0.0,0.0,0.0,0.0,0.0,0.0,0.0
3110,24,VFK Shim,2.01,1.0,0.18,0.39,0.0,0.0,0.26,0.56,0.0,0.0,95.6,0.0,0.0,0.0,0.0,0.0,0.0,0.0,0.0,0.0,0.0,0.0
3111,25,VFK Shim,2.09,1.21,0.24,0.32,0.0,0.0,0.22,0.63,0.0,0.0,95.29,0.0,0.0,0.0,0.0,0.0,0.0,0.0,0.0,0.0,0.0,0.0
3112,26,VFK Shim,2.36,1.27,0.22,0.31,0.0,0.0,0.22,0.61,0.0,0.0,95.01,0.0,0.0,0.0,0.0,0.0,0.0,0.0,0.0,0.0,0.0,0.0
3113,27,VFK Shim,2.61,1.13,0.18,0.39,0.0,0.0,0.22,0.8,0.0,0.0,94.67,0.0,0.0,0.0,0.0,0.0,0.0,0.0,0.0,0.0,0.0,0.0
3114,28,VFK Shim,2.11,1.07,0.21,0.34,0.0,0.0,0.3,0.75,0.0,0.0,95.22,0.0,0.0,0.0,0.0,0.0,0.0,0.0,0.0,0.0,0.0,0.0
3115,29,VFK Shim,2.44,1.06,0.21,0.32,0.0,0.0,0.27,0.69,0.0,0.0,95.01,0.0,0.0,0.0,0.0,0.0,0.0,0.0,0.0,0.0,0.0,0.0
3116,30,VFK Shim,1.81,1.1,0.22,0.31,0.0,0.0,0.27,0.75,0.0,0.0,95.54,0.0,0.0,0.0,0.0,0.0,0.0,0.0,0.0,0.0,0.0,0.0
3117,31,VFK Shim,2.22,1.03,0.18,0.29,0.0,0.0,0.22,0.67,0.0,0.0,95.39,0.0,0.0,0.0,0.0,0.0,0.0,0.0,0.0,0.0,0.0,0.0
3118,32,VFK Shim,2.26,1.04,0.19,0.37,0.0,0.0,0.28,0.72,0.0,0.0,95.14,0.0,0.0,0.0,0.0,0.0,0.0,0.0,0.0,0.0,0.0,0.0
3119,33,VFK Shim,2.24,0.99,0.21,0.39,0.0,0.0,0.24,0.66,0.0,0.0,95.27,0.0,0.0,0.0,0.0,0.0,0.0,0.0,0.0,0.0,0.0,0.0
3120,34,VFK Shim,2.52,0.76,0.24,0.38,0.0,0.0,0.3,0.53,0.0,0.0,95.27,0.0,0.0,0.0,0.0,0.0,0.0,0.0,0.0,0.0,0.0,0.0
3121,35,VFK Shim,1.8,1.07,0.18,0.32,0.0,0.0,0.21,0.74,0.0,0.0,95.68,0.0,0.0,0.0,0.0,0.0,0.0,0.0,0.0,0.0,0.0,0.0
3122,36,VFK Shim,1.91,1.27,0.21,0.41,0.0,0.0,0.3,0.76,0.0,0.0,95.14,0.0,0.0,0.0,0.0,0.0,0.0,0.0,0.0,0.0,0.0,0.0
3123,37,VFK Shim,2.04,1.13,0.24,0.32,0.0,0.0,0.25,0.58,0.0,0.0,95.44,0.0,0.0,0.0,0.0,0.0,0.0,0.0,0.0,0.0,0.0,0.0
3124,38,VFK Shim,2.01,1.17,0.2,0.37,0.0,0.0,0.23,0.74,0.0,0.0,95.28,0.0,0.0,0.0,0.0,0.0,0.0,0.0,0.0,0.0,0.0,0.0
3125,39,VFK Shim,1.92,0.82,0.18,0.33,0.0,0.0,0.29,0.73,0.0,0.0,95.73,0.0,0.0,0.0,0.0,0.0,0.0,0.0,0.0,0.0,0.0,0.0
3126,40,VFK Shim,2.1,0.97,0.21,0.31,0.0,0.0,0.29,0.73,0.0,0.0,95.39,0.0,0.0,0.0,0.0,0.0,0.0,0.0,0.0,0.0,0.0,0.0
3127,41,VFK Shim,2.29,1.11,0.22,0.33,0.0,0.0,0.25,0.73,0.0,0.0,95.07,0.0,0.0,0.0,0.0,0.0,0.0,0.0,0.0,0.0,0.0,0.0
3128,42,VFK Shim,2.45,1.17,0.17,0.36,0.0,0.0,0.27,0.68,0.0,0.0,94.9,0.0,0.0,0.0,0.0,0.0,0.0,0.0,0.0,0.0,0.0,0.0
3129,43,VFK Shim,2.04,1.12,0.22,0.29,0.0,0.0,0.25,0.52,0.0,0.0,95.56,0.0,0.0,0.0,0.0,0.0,0.0,0.0,0.0,0.0,0.0,0.0
3130,44,VFK Shim,2.22,1.13,0.21,0.35,0.0,0.0,0.25,0.58,0.0,0.0,95.26,0.0,0.0,0.0,0.0,0.0,0.0,0.0,0.0,0.0,0.0,0.0
3131,45,VFK Shim,2.2,1.07,0.17,0.33,0.0,0.0,0.3,0.63,0.0,0.0,95.3,0.0,0.0,0.0,0.0,0.0,0.0,0.0,0.0,0.0,0.0,0.0
3132,46,VFK Shim,2.03,1.09,0.19,0.32,0.0,0.0,0.26,0.76,0.0,0.0,95.35,0.0,0.0,0.0,0.0,0.0,0.0,0.0,0.0,0.0,0.0,0.0
3133,47,VFK Shim,2.29,1.09,0.19,0.3,0.0,0.0,0.26,0.63,0.0,0.0,95.24,0.0,0.0,0.0,0.0,0.0,0.0,0.0,0.0,0.0,0.0,0.0
3134,48,VFK Shim,2.3,1.02,0.21,0.33,0.0,0.0,0.2,0.59,0.0,0.0,95.35,0.0,0.0,0.0,0.0,0.0,0.0,0.0,0.0,0.0,0.0,0.0
3135,49,VFK Shim,2.45,1.02,0.19,0.31,0.0,0.0,0.27,0.73,0.0,0.0,95.03,0.0,0.0,0.0,0.0,0.0,0.0,0.0,0.0,0.0,0.0,0.0
3136,50,VFK Shim,2.59,1.08,0.22,0.43,0.0,0.0,0.23,0.56,0.0,0.0,94.89,0.0,0.0,0.0,0.0,0.0,0.0,0.0,0.0,0.0,0.0,0.0
3137,51,VFK Shim,2.75,0.91,0.24,0.37,0.0,0.0,0.3,0.71,0.0,0.0,94.72,0.0,0.0,0.0,0.0,0.0,0.0,0.0,0.0,0.0,0.0,0.0
3138,52,VFK Shim,2.21,1.05,0.24,0.38,0.0,0.0,0.27,0.76,0.0,0.0,95.09,0.0,0.0,0.0,0.0,0.0,0.0,0.0,0.0,0.0,0.0,0.0
3139,53,VFK Shim,2.02,1.22,0.21,0.39,0.0,0.0,0.27,0.69,0.0,0.0,95.2,0.0,0.0,0.0,0.0,0.0,0.0,0.0,0.0,0.0,0.0,0.0
3140,54,VFK Shim,2.24,1.2,0.28,0.37,0.0,0.0,0.32,0.67,0.0,0.0,94.92,0.0,0.0,0.0,0.0,0.0,0.0,0.0,0.0,0.0,0.0,0.0
3141,55,VFK Shim,1.88,1.11,0.22,0.4,0.0,0.0,0.24,0.64,0.0,0.0,95.51,0.0,0.0,0.0,0.0,0.0,0.0,0.0,0.0,0.0,0.0,0.0
3142,56,VFK Shim,1.71,0.96,0.2,0.39,0.0,0.0,0.21,0.72,0.0,0.0,95.81,0.0,0.0,0.0,0.0,0.0,0.0,0.0,0.0,0.0,0.0,0.0
3143,57,VFK Shim,2.23,0.97,0.24,0.37,0.0,0.0,0.24,0.62,0.0,0.0,95.33,0.0,0.0,0.0,0.0,0.0,0.0,0.0,0.0,0.0,0.0,0.0
3144,58,VFK Shim,2.13,1.13,0.24,0.35,0.0,0.0,0.27,0.64,0.0,0.0,95.24,0.0,0.0,0.0,0.0,0.0,0.0,0.0,0.0,0.0,0.0,0.0
3145,59,VFK Shim,2.24,0.94,0.22,0.39,0.0,0.0,0.27,0.66,0.0,0.0,95.28,0.0,0.0,0.0,0.0,0.0,0.0,0.0,0.0,0.0,0.0,0.0
3146,60,VFK Shim,2.74,1.19,0.24,0.28,0.0,0.0,0.26,0.73,0.0,0.0,94.56,0.0,0.0,0.0,0.0,0.0,0.0,0.0,0.0,0.0,0.0,0.0
3147,61,VFK Shim,2.43,1.12,0.2,0.33,0.0,0.0,0.24,0.79,0.0,0.0,94.89,0.0,0.0,0.0,0.0,0.0,0.0,0.0,0.0,0.0,0.0,0.0
3148,62,VFK Shim,2.09,1.04,0.21,0.3,0.0,0.0,0.26,0.79,0.0,0.0,95.31,0.0,0.0,0.0,0.0,0.0,0.0,0.0,0.0,0.0,0.0,0.0
3149,63,VFK Shim,2.52,1.02,0.17,0.32,0.0,0.0,0.29,0.7,0.0,0.0,94.98,0.0,0.0,0.0,0.0,0.0,0.0,0.0,0.0,0.0,0.0,0.0
3150,64,VFK Shim,1.98,0.92,0.21,0.38,0.0,0.0,0.27,0.73,0.0,0.0,95.51,0.0,0.0,0.0,0.0,0.0,0.0,0.0,0.0,0.0,0.0,0.0
3151,65,VFK Shim,2.49,1.17,0.26,0.39,0.0,0.0,0.24,0.62,0.0,0.0,94.83,0.0,0.0,0.0,0.0,0.0,0.0,0.0,0.0,0.0,0.0,0.0
3152,66,VFK Shim,1.97,0.99,0.19,0.28,0.0,0.0,0.27,0.65,0.0,0.0,95.65,0.0,0.0,0.0,0.0,0.0,0.0,0.0,0.0,0.0,0.0,0.0
3153,67,VFK Shim,2.67,1.1,0.19,0.35,0.0,0.0,0.26,0.59,0.0,0.0,94.84,0.0,0.0,0.0,0.0,0.0,0.0,0.0,0.0,0.0,0.0,0.0
3154,68,VFK Shim,2.36,1.16,0.21,0.38,0.0,0.0,0.23,0.74,0.0,0.0,94.92,0.0,0.0,0.0,0.0,0.0,0.0,0.0,0.0,0.0,0.0,0.0
3155,69,VFK Shim,1.93,1.07,0.2,0.38,0.0,0.0,0.22,0.68,0.0,0.0,95.52,0.0,0.0,0.0,0.0,0.0,0.0,0.0,0.0,0.0,0.0,0.0
3156,70,VFK Shim,2.15,1.11,0.24,0.3,0.0,0.0,0.27,0.72,0.0,0.0,95.21,0.0,0.0,0.0,0.0,0.0,0.0,0.0,0.0,0.0,0.0,0.0
3157,71,VFK Shim,2.17,1.03,0.18,0.27,0.0,0.0,0.25,0.62,0.0,0.0,95.48,0.0,0.0,0.0,0.0,0.0,0.0,0.0,0.0,0.0,0.0,0.0
3158,72,VFK Shim,1.66,1.17,0.21,0.35,0.0,0.0,0.28,0.62,0.0,0.0,95.71,0.0,0.0,0.0,0.0,0.0,0.0,0.0,0.0,0.0,0.0,0.0
3159,73,VFK Shim,2.01,0.88,0.2,0.33,0.0,0.0,0.26,0.61,0.0,0.0,95.71,0.0,0.0,0.0,0.0,0.0,0.0,0.0,0.0,0.0,0.0,0.0
3160,74,VFK Shim,2.15,1.21,0.25,0.4,0.0,0.0,0.23,0.65,0.0,0.0,95.11,0.0,0.0,0.0,0.0,0.0,0.0,0.0,0.0,0.0,0.0,0.0
3161,75,VFK Shim,2.28,0.92,0.18,0.32,0.0,0.0,0.25,0.6,0.0,0.0,95.45,0.0,0.0,0.0,0.0,0.0,0.0,0.0,0.0,0.0,0.0,0.0
3162,76,VFK Shim,1.9,1.21,0.26,0.31,0.0,0.0,0.24,0.6,0.0,0.0,95.48,0.0,0.0,0.0,0.0,0.0,0.0,0.0,0.0,0.0,0.0,0.0
3163,77,VFK Shim,2.38,1.04,0.21,0.36,0.0,0.0,0.27,0.56,0.0,0.0,95.18,0.0,0.0,0.0,0.0,0.0,0.0,0.0,0.0,0.0,0.0,0.0
3164,78,VFK Shim,2.12,1.05,0.21,0.34,0.0,0.0,0.26,0.84,0.0,0.0,95.18,0.0,0.0,0.0,0.0,0.0,0.0,0.0,0.0,0.0,0.0,0.0
3165,79,VFK Shim,1.94,0.82,0.2,0.28,0.0,0.0,0.3,0.57,0.0,0.0,95.89,0.0,0.0,0.0,0.0,0.0,0.0,0.0,0.0,0.0,0.0,0.0
3166,80,VFK Shim,2.29,1.25,0.2,0.38,0.0,0.0,0.22,0.72,0.0,0.0,94.94,0.0,0.0,0.0,0.0,0.0,0.0,0.0,0.0,0.0,0.0,0.0
3167,81,VFK Shim,1.68,1.11,0.19,0.44,0.0,0.0,0.26,0.72,0.0,0.0,95.6,0.0,0.0,0.0,0.0,0.0,0.0,0.0,0.0,0.0,0.0,0.0
3168,82,VFK Shim,2.36,1.08,0.18,0.27,0.0,0.0,0.3,0.75,0.0,0.0,95.06,0.0,0.0,0.0,0.0,0.0,0.0,0.0,0.0,0.0,0.0,0.0
3169,83,VFK Shim,2.15,1.02,0.19,0.26,0.0,0.0,0.23,0.52,0.0,0.0,95.63,0.0,0.0,0.0,0.0,0.0,0.0,0.0,0.0,0.0,0.0,0.0
3170,84,VFK Shim,1.95,1.28,0.19,0.35,0.0,0.0,0.27,0.61,0.0,0.0,95.35,0.0,0.0,0.0,0.0,0.0,0.0,0.0,0.0,0.0,0.0,0.0
3171,85,VFK Shim,2.02,0.9,0.17,0.29,0.0,0.0,0.26,0.74,0.0,0.0,95.62,0.0,0.0,0.0,0.0,0.0,0.0,0.0,0.0,0.0,0.0,0.0
3172,86,VFK Shim,1.96,0.92,0.22,0.34,0.0,0.0,0.26,0.6,0.0,0.0,95.7,0.0,0.0,0.0,0.0,0.0,0.0,0.0,0.0,0.0,0.0,0.0
3173,87,VFK Shim,2.19,1.05,0.23,0.4,0.0,0.0,0.31,0.81,0.0,0.0,95.01,0.0,0.0,0.0,0.0,0.0,0.0,0.0,0.0,0.0,0.0,0.0
3174,88,VFK Shim,2.23,1.1,0.2,0.34,0.0,0.0,0.23,0.59,0.0,0.0,95.31,0.0,0.0,0.0,0.0,0.0,0.0,0.0,0.0,0.0,0.0,0.0
3175,89,VFK Shim,2.38,1.0,0.23,0.37,0.0,0.0,0.26,0.8,0.0,0.0,94.96,0.0,0.0,0.0,0.0,0.0,0.0,0.0,0.0,0.0,0.0,0.0
3176,90,VFK Shim,2.55,0.94,0.22,0.35,0.0,0.0,0.24,0.58,0.0,0.0,95.12,0.0,0.0,0.0,0.0,0.0,0.0,0.0,0.0,0.0,0.0,0.0
3177,91,VFK Shim,1.94,1.21,0.17,0.32,0.0,0.0,0.28,0.66,0.0,0.0,95.42,0.0,0.0,0.0,0.0,0.0,0.0,0.0,0.0,0.0,0.0,0.0
3178,92,VFK Shim,2.49,1.09,0.25,0.34,0.0,0.0,0.28,0.61,0.0,0.0,94.94,0.0,0.0,0.0,0.0,0.0,0.0,0.0,0.0,0.0,0.0,0.0
3179,93,VFK Shim,2.24,1.14,0.21,0.36,0.0,0.0,0.29,0.67,0.0,0.0,95.09,0.0,0.0,0.0,0.0,0.0,0.0,0.0,0.0,0.0,0.0,0.0
3180,94,VFK Shim,1.91,1.18,0.21,0.38,0.0,0.0,0.27,0.59,0.0,0.0,95.46,0.0,0.0,0.0,0.0,0.0,0.0,0.0,0.0,0.0,0.0,0.0
3181,95,VFK Shim,1.94,0.94,0.17,0.38,0.0,0.0,0.29,0.82,0.0,0.0,95.46,0.0,0.0,0.0,0.0,0.0,0.0,0.0,0.0,0.0,0.0,0.0
3182,96,VFK Shim,2.06,1.1,0.19,0.3,0.0,0.0,0.22,0.58,0.0,0.0,95.55,0.0,0.0,0.0,0.0,0.0,0.0,0.0,0.0,0.0,0.0,0.0
3183,97,VFK Shim,2.44,0.99,0.21,0.37,0.0,0.0,0.28,0.67,0.0,0.0,95.04,0.0,0.0,0.0,0.0,0.0,0.0,0.0,0.0,0.0,0.0,0.0
3184,98,VFK Shim,2.29,0.94,0.17,0.39,0.0,0.0,0.23,0.65,0.0,0.0,95.33,0.0,0.0,0.0,0.0,0.0,0.0,0.0,0.0,0.0,0.0,0.0
3185,99,VFK Shim,1.99,0.91,0.18,0.34,0.0,0.0,0.23,0.63,0.0,0.0,95.72,0.0,0.0,0.0,0.0,0.0,0.0,0.0,0.0,0.0,0.0,0.0
3186,100,VFK Shim,2.09,1.35,0.22,0.41,0.0,0.0,0.32,1.08,0.0,0.0,94.53,0.0,0.0,0.0,0.0,0.0,0.0,0.0,0.0,0.0,0.0,0.0
3187,101,VFK Shim,2.36,1.19,0.22,0.41,0.0,0.0,0.25,0.68,0.0,0.0,94.89,0.0,0.0,0.0,0.0,0.0,0.0,0.0,0.0,0.0,0.0,0.0
3188,102,VFK Shim,2.29,0.97,0.22,0.35,0.0,0.0,0.28,0.65,0.0,0.0,95.24,0.0,0.0,0.0,0.0,0.0,0.0,0.0,0.0,0.0,0.0,0.0
3189,103,VFK Shim,2.12,1.17,0.25,0.39,0.0,0.0,0.25,0.79,0.0,0.0,95.03,0.0,0.0,0.0,0.0,0.0,0.0,0.0,0.0,0.0,0.0,0.0
3190,104,VFK Shim,2.19,0.93,0.21,0.32,0.0,0.0,0.22,0.68,0.0,0.0,95.45,0.0,0.0,0.0,0.0,0.0,0.0,0.0,0.0,0.0,0.0,0.0
3191,105,VFK Shim,1.63,1.26,0.18,0.34,0.0,0.0,0.25,0.66,0.0,0.0,95.68,0.0,0.0,0.0,0.0,0.0,0.0,0.0,0.0,0.0,0.0,0.0
3192,106,VFK Shim,2.29,0.97,0.21,0.3,0.0,0.0,0.24,0.72,0.0,0.0,95.27,0.0,0.0,0.0,0.0,0.0,0.0,0.0,0.0,0.0,0.0,0.0
3193,1,Valve Nut,4.12,0.97,0.11,0.61,0.0,0.0,0.0,0.91,0.0,0.0,93.28,0.0,0.0,0.0,0.0,0.0,0.0,0.0,0.0,0.0,0.0,0.0
3194,2,Valve Nut,4.36,0.78,0.09,0.55,0.0,0.0,0.0,0.84,0.0,0.0,93.38,0.0,0.0,0.0,0.0,0.0,0.0,0.0,0.0,0.0,0.0,0.0
3195,3,Valve Nut,3.71,0.94,0.12,0.49,0.0,0.0,0.0,0.87,0.0,0.0,93.87,0.0,0.0,0.0,0.0,0.0,0.0,0.0,0.0,0.0,0.0,0.0
3196,4,Valve Nut,4.04,0.89,0.08,0.68,0.0,0.0,0.0,0.86,0.0,0.0,93.45,0.0,0.0,0.0,0.0,0.0,0.0,0.0,0.0,0.0,0.0,0.0
3197,5,Valve Nut,3.42,0.98,0.1,0.51,0.0,0.0,0.0,0.68,0.0,0.0,94.31,0.0,0.0,0.0,0.0,0.0,0.0,0.0,0.0,0.0,0.0,0.0
3198,6,Valve Nut,3.64,0.78,0.08,0.47,0.0,0.0,0.0,0.66,0.0,0.0,94.37,0.0,0.0,0.0,0.0,0.0,0.0,0.0,0.0,0.0,0.0,0.0
3199,7,Valve Nut,3.32,0.83,0.11,0.57,0.0,0.0,0.0,0.72,0.0,0.0,94.45,0.0,0.0,0.0,0.0,0.0,0.0,0.0,0.0,0.0,0.0,0.0
3200,8,Valve Nut,4.37,0.91,0.11,0.55,0.0,0.0,0.0,0.66,0.0,0.0,93.4,0.0,0.0,0.0,0.0,0.0,0.0,0.0,0.0,0.0,0.0,0.0
3201,9,Valve Nut,4.19,1.02,0.09,0.57,0.0,0.0,0.0,0.7,0.0,0.0,93.43,0.0,0.0,0.0,0.0,0.0,0.0,0.0,0.0,0.0,0.0,0.0
3202,10,Valve Nut,3.92,1.01,0.09,0.55,0.0,0.0,0.0,0.78,0.0,0.0,93.65,0.0,0.0,0.0,0.0,0.0,0.0,0.0,0.0,0.0,0.0,0.0
3203,11,Valve Nut,4.41,0.89,0.1,0.58,0.0,0.0,0.0,0.68,0.0,0.0,93.34,0.0,0.0,0.0,0.0,0.0,0.0,0.0,0.0,0.0,0.0,0.0
3204,12,Valve Nut,4.55,1.02,0.09,0.58,0.0,0.0,0.0,0.67,0.0,0.0,93.09,0.0,0.0,0.0,0.0,0.0,0.0,0.0,0.0,0.0,0.0,0.0
3205,13,Valve Nut,3.72,0.9,0.1,0.61,0.0,0.0,0.0,0.88,0.0,0.0,93.79,0.0,0.0,0.0,0.0,0.0,0.0,0.0,0.0,0.0,0.0,0.0
3206,14,Valve Nut,4.49,1.01,0.09,0.61,0.0,0.0,0.0,0.78,0.0,0.0,93.02,0.0,0.0,0.0,0.0,0.0,0.0,0.0,0.0,0.0,0.0,0.0
3207,15,Valve Nut,3.73,1.05,0.1,0.73,0.0,0.0,0.0,0.84,0.0,0.0,93.55,0.0,0.0,0.0,0.0,0.0,0.0,0.0,0.0,0.0,0.0,0.0
3208,16,Valve Nut,4.87,0.93,0.1,0.62,0.0,0.0,0.0,0.74,0.0,0.0,92.74,0.0,0.0,0.0,0.0,0.0,0.0,0.0,0.0,0.0,0.0,0.0
3209,17,Valve Nut,4.33,1.0,0.1,0.69,0.0,0.0,0.0,0.82,0.0,0.0,93.06,0.0,0.0,0.0,0.0,0.0,0.0,0.0,0.0,0.0,0.0,0.0
3210,18,Valve Nut,4.35,0.94,0.1,0.63,0.0,0.0,0.0,0.93,0.0,0.0,93.05,0.0,0.0,0.0,0.0,0.0,0.0,0.0,0.0,0.0,0.0,0.0
3211,19,Valve Nut,4.34,1.01,0.1,0.74,0.0,0.0,0.0,0.75,0.0,0.0,93.06,0.0,0.0,0.0,0.0,0.0,0.0,0.0,0.0,0.0,0.0,0.0
3212,20,Valve Nut,3.55,1.06,0.1,0.58,0.0,0.0,0.0,0.87,0.0,0.0,93.84,0.0,0.0,0.0,0.0,0.0,0.0,0.0,0.0,0.0,0.0,0.0
3213,21,Valve Nut,4.15,1.01,0.08,0.56,0.0,0.0,0.0,0.88,0.0,0.0,93.32,0.0,0.0,0.0,0.0,0.0,0.0,0.0,0.0,0.0,0.0,0.0
3214,22,Valve Nut,3.53,1.06,0.09,0.59,0.0,0.0,0.0,0.68,0.0,0.0,94.05,0.0,0.0,0.0,0.0,0.0,0.0,0.0,0.0,0.0,0.0,0.0
3215,23,Valve Nut,4.06,1.02,0.09,0.65,0.0,0.0,0.0,0.8,0.0,0.0,93.38,0.0,0.0,0.0,0.0,0.0,0.0,0.0,0.0,0.0,0.0,0.0
3216,24,Valve Nut,3.58,0.98,0.09,0.66,0.0,0.0,0.0,0.59,0.0,0.0,94.1,0.0,0.0,0.0,0.0,0.0,0.0,0.0,0.0,0.0,0.0,0.0
3217,25,Valve Nut,4.33,1.07,0.09,0.63,0.0,0.0,0.0,0.7,0.0,0.0,93.18,0.0,0.0,0.0,0.0,0.0,0.0,0.0,0.0,0.0,0.0,0.0
3218,26,Valve Nut,4.96,1.01,0.08,0.55,0.0,0.0,0.0,0.72,0.0,0.0,92.68,0.0,0.0,0.0,0.0,0.0,0.0,0.0,0.0,0.0,0.0,0.0
3219,27,Valve Nut,3.37,0.83,0.09,0.74,0.0,0.0,0.0,0.68,0.0,0.0,94.29,0.0,0.0,0.0,0.0,0.0,0.0,0.0,0.0,0.0,0.0,0.0
3220,28,Valve Nut,3.72,0.9,0.09,0.62,0.0,0.0,0.0,0.74,0.0,0.0,93.93,0.0,0.0,0.0,0.0,0.0,0.0,0.0,0.0,0.0,0.0,0.0
3221,29,Valve Nut,4.07,1.09,0.09,0.57,0.0,0.0,0.0,0.77,0.0,0.0,93.41,0.0,0.0,0.0,0.0,0.0,0.0,0.0,0.0,0.0,0.0,0.0
3222,30,Valve Nut,3.78,0.96,0.09,0.56,0.0,0.0,0.0,0.7,0.0,0.0,93.91,0.0,0.0,0.0,0.0,0.0,0.0,0.0,0.0,0.0,0.0,0.0
3223,31,Valve Nut,3.75,1.01,0.09,0.53,0.0,0.0,0.0,0.76,0.0,0.0,93.86,0.0,0.0,0.0,0.0,0.0,0.0,0.0,0.0,0.0,0.0,0.0
3224,32,Valve Nut,4.69,0.99,0.11,0.63,0.0,0.0,0.0,0.72,0.0,0.0,92.86,0.0,0.0,0.0,0.0,0.0,0.0,0.0,0.0,0.0,0.0,0.0
3225,33,Valve Nut,4.2,0.95,0.11,0.58,0.0,0.0,0.0,0.66,0.0,0.0,93.5,0.0,0.0,0.0,0.0,0.0,0.0,0.0,0.0,0.0,0.0,0.0
3226,34,Valve Nut,3.78,0.91,0.09,0.59,0.0,0.0,0.0,0.86,0.0,0.0,93.77,0.0,0.0,0.0,0.0,0.0,0.0,0.0,0.0,0.0,0.0,0.0
3227,35,Valve Nut,3.87,0.82,0.09,0.62,0.0,0.0,0.0,0.82,0.0,0.0,93.78,0.0,0.0,0.0,0.0,0.0,0.0,0.0,0.0,0.0,0.0,0.0
3228,36,Valve Nut,3.38,0.92,0.08,0.58,0.0,0.0,0.0,0.64,0.0,0.0,94.4,0.0,0.0,0.0,0.0,0.0,0.0,0.0,0.0,0.0,0.0,0.0
3229,37,Valve Nut,4.09,1.24,0.09,0.67,0.0,0.0,0.0,0.73,0.0,0.0,93.18,0.0,0.0,0.0,0.0,0.0,0.0,0.0,0.0,0.0,0.0,0.0
3230,38,Valve Nut,4.2,0.92,0.09,0.57,0.0,0.0,0.0,0.77,0.0,0.0,93.45,0.0,0.0,0.0,0.0,0.0,0.0,0.0,0.0,0.0,0.0,0.0
3231,39,Valve Nut,3.02,0.95,0.09,0.59,0.0,0.0,0.0,0.65,0.0,0.0,94.7,0.0,0.0,0.0,0.0,0.0,0.0,0.0,0.0,0.0,0.0,0.0
3232,40,Valve Nut,4.87,0.95,0.1,0.67,0.0,0.0,0.0,0.8,0.0,0.0,92.61,0.0,0.0,0.0,0.0,0.0,0.0,0.0,0.0,0.0,0.0,0.0
3233,41,Valve Nut,4.47,0.95,0.1,0.68,0.0,0.0,0.0,0.74,0.0,0.0,93.06,0.0,0.0,0.0,0.0,0.0,0.0,0.0,0.0,0.0,0.0,0.0
3234,42,Valve Nut,4.24,0.95,0.1,0.57,0.0,0.0,0.0,0.79,0.0,0.0,93.35,0.0,0.0,0.0,0.0,0.0,0.0,0.0,0.0,0.0,0.0,0.0
3235,43,Valve Nut,3.28,1.17,0.1,0.7,0.0,0.0,0.0,0.81,0.0,0.0,93.94,0.0,0.0,0.0,0.0,0.0,0.0,0.0,0.0,0.0,0.0,0.0
3236,44,Valve Nut,4.36,1.07,0.1,0.58,0.0,0.0,0.0,0.61,0.0,0.0,93.28,0.0,0.0,0.0,0.0,0.0,0.0,0.0,0.0,0.0,0.0,0.0
3237,45,Valve Nut,4.02,0.83,0.13,0.58,0.0,0.0,0.0,0.79,0.0,0.0,93.65,0.0,0.0,0.0,0.0,0.0,0.0,0.0,0.0,0.0,0.0,0.0
3238,46,Valve Nut,3.79,0.96,0.11,0.63,0.0,0.0,0.0,0.71,0.0,0.0,93.8,0.0,0.0,0.0,0.0,0.0,0.0,0.0,0.0,0.0,0.0,0.0
3239,47,Valve Nut,3.98,1.0,0.09,0.61,0.0,0.0,0.0,0.84,0.0,0.0,93.48,0.0,0.0,0.0,0.0,0.0,0.0,0.0,0.0,0.0,0.0,0.0
3240,48,Valve Nut,2.92,0.99,0.1,0.56,0.0,0.0,0.0,0.77,0.0,0.0,94.66,0.0,0.0,0.0,0.0,0.0,0.0,0.0,0.0,0.0,0.0,0.0
3241,49,Valve Nut,4.41,0.99,0.11,0.57,0.0,0.0,0.0,0.66,0.0,0.0,93.26,0.0,0.0,0.0,0.0,0.0,0.0,0.0,0.0,0.0,0.0,0.0
3242,50,Valve Nut,4.13,1.05,0.1,0.63,0.0,0.0,0.0,0.75,0.0,0.0,93.34,0.0,0.0,0.0,0.0,0.0,0.0,0.0,0.0,0.0,0.0,0.0
3243,51,Valve Nut,3.98,0.94,0.1,0.63,0.0,0.0,0.0,0.73,0.0,0.0,93.62,0.0,0.0,0.0,0.0,0.0,0.0,0.0,0.0,0.0,0.0,0.0
3244,52,Valve Nut,3.69,1.15,0.11,0.59,0.0,0.0,0.0,0.79,0.0,0.0,93.67,0.0,0.0,0.0,0.0,0.0,0.0,0.0,0.0,0.0,0.0,0.0
3245,53,Valve Nut,4.4,0.96,0.1,0.62,0.0,0.0,0.0,0.66,0.0,0.0,93.26,0.0,0.0,0.0,0.0,0.0,0.0,0.0,0.0,0.0,0.0,0.0
3246,54,Valve Nut,3.62,1.04,0.1,0.51,0.0,0.0,0.0,0.82,0.0,0.0,93.91,0.0,0.0,0.0,0.0,0.0,0.0,0.0,0.0,0.0,0.0,0.0
3247,55,Valve Nut,4.58,1.11,0.1,0.59,0.0,0.0,0.0,0.88,0.0,0.0,92.74,0.0,0.0,0.0,0.0,0.0,0.0,0.0,0.0,0.0,0.0,0.0
3248,56,Valve Nut,3.62,1.1,0.12,0.56,0.0,0.0,0.0,0.61,0.0,0.0,93.99,0.0,0.0,0.0,0.0,0.0,0.0,0.0,0.0,0.0,0.0,0.0
3249,57,Valve Nut,4.47,0.98,0.1,0.57,0.0,0.0,0.0,0.74,0.0,0.0,93.14,0.0,0.0,0.0,0.0,0.0,0.0,0.0,0.0,0.0,0.0,0.0
3250,58,Valve Nut,4.83,0.83,0.09,0.61,0.0,0.0,0.0,0.73,0.0,0.0,92.91,0.0,0.0,0.0,0.0,0.0,0.0,0.0,0.0,0.0,0.0,0.0
3251,59,Valve Nut,3.33,0.99,0.09,0.68,0.0,0.0,0.0,0.85,0.0,0.0,94.06,0.0,0.0,0.0,0.0,0.0,0.0,0.0,0.0,0.0,0.0,0.0
3252,60,Valve Nut,4.87,1.18,0.09,0.57,0.0,0.0,0.0,1.02,0.0,0.0,92.27,0.0,0.0,0.0,0.0,0.0,0.0,0.0,0.0,0.0,0.0,0.0
3253,61,Valve Nut,3.71,0.93,0.1,0.45,0.0,0.0,0.0,0.66,0.0,0.0,94.15,0.0,0.0,0.0,0.0,0.0,0.0,0.0,0.0,0.0,0.0,0.0
3254,62,Valve Nut,4.09,0.94,0.09,0.62,0.0,0.0,0.0,0.75,0.0,0.0,93.51,0.0,0.0,0.0,0.0,0.0,0.0,0.0,0.0,0.0,0.0,0.0
3255,63,Valve Nut,4.11,0.75,0.11,0.6,0.0,0.0,0.0,0.62,0.0,0.0,93.81,0.0,0.0,0.0,0.0,0.0,0.0,0.0,0.0,0.0,0.0,0.0
3256,64,Valve Nut,3.61,1.01,0.09,0.71,0.0,0.0,0.0,0.75,0.0,0.0,93.83,0.0,0.0,0.0,0.0,0.0,0.0,0.0,0.0,0.0,0.0,0.0
3257,65,Valve Nut,4.39,0.94,0.1,0.61,0.0,0.0,0.0,0.77,0.0,0.0,93.19,0.0,0.0,0.0,0.0,0.0,0.0,0.0,0.0,0.0,0.0,0.0
3258,66,Valve Nut,3.4,0.96,0.1,0.61,0.0,0.0,0.0,0.89,0.0,0.0,94.04,0.0,0.0,0.0,0.0,0.0,0.0,0.0,0.0,0.0,0.0,0.0
3259,67,Valve Nut,3.37,1.15,0.09,0.52,0.0,0.0,0.0,0.77,0.0,0.0,94.1,0.0,0.0,0.0,0.0,0.0,0.0,0.0,0.0,0.0,0.0,0.0
3260,68,Valve Nut,3.43,1.05,0.12,0.59,0.0,0.0,0.0,0.75,0.0,0.0,94.06,0.0,0.0,0.0,0.0,0.0,0.0,0.0,0.0,0.0,0.0,0.0
3261,69,Valve Nut,3.57,1.02,0.09,0.55,0.0,0.0,0.0,0.78,0.0,0.0,93.99,0.0,0.0,0.0,0.0,0.0,0.0,0.0,0.0,0.0,0.0,0.0
3262,70,Valve Nut,3.91,1.18,0.09,0.62,0.0,0.0,0.0,0.89,0.0,0.0,93.31,0.0,0.0,0.0,0.0,0.0,0.0,0.0,0.0,0.0,0.0,0.0
3263,71,Valve Nut,3.92,1.06,0.09,0.6,0.0,0.0,0.0,0.75,0.0,0.0,93.58,0.0,0.0,0.0,0.0,0.0,0.0,0.0,0.0,0.0,0.0,0.0
3264,72,Valve Nut,3.79,1.15,0.08,0.59,0.0,0.0,0.0,0.69,0.0,0.0,93.7,0.0,0.0,0.0,0.0,0.0,0.0,0.0,0.0,0.0,0.0,0.0
3265,73,Valve Nut,4.0,0.87,0.09,0.53,0.0,0.0,0.0,0.68,0.0,0.0,93.83,0.0,0.0,0.0,0.0,0.0,0.0,0.0,0.0,0.0,0.0,0.0
3266,74,Valve Nut,3.51,1.01,0.09,0.58,0.0,0.0,0.0,0.76,0.0,0.0,94.05,0.0,0.0,0.0,0.0,0.0,0.0,0.0,0.0,0.0,0.0,0.0
3267,75,Valve Nut,3.61,1.01,0.09,0.65,0.0,0.0,0.0,0.72,0.0,0.0,93.92,0.0,0.0,0.0,0.0,0.0,0.0,0.0,0.0,0.0,0.0,0.0
3268,76,Valve Nut,3.76,0.84,0.11,0.61,0.0,0.0,0.0,0.8,0.0,0.0,93.88,0.0,0.0,0.0,0.0,0.0,0.0,0.0,0.0,0.0,0.0,0.0
3269,77,Valve Nut,3.99,0.92,0.1,0.54,0.0,0.0,0.0,0.8,0.0,0.0,93.65,0.0,0.0,0.0,0.0,0.0,0.0,0.0,0.0,0.0,0.0,0.0
3270,78,Valve Nut,3.13,1.11,0.07,0.61,0.0,0.0,0.0,0.81,0.0,0.0,94.27,0.0,0.0,0.0,0.0,0.0,0.0,0.0,0.0,0.0,0.0,0.0
3271,79,Valve Nut,3.93,0.96,0.1,0.62,0.0,0.0,0.0,0.75,0.0,0.0,93.64,0.0,0.0,0.0,0.0,0.0,0.0,0.0,0.0,0.0,0.0,0.0
3272,80,Valve Nut,4.24,1.11,0.1,0.53,0.0,0.0,0.0,0.86,0.0,0.0,93.16,0.0,0.0,0.0,0.0,0.0,0.0,0.0,0.0,0.0,0.0,0.0
3273,81,Valve Nut,3.69,0.95,0.1,0.75,0.0,0.0,0.0,0.79,0.0,0.0,93.72,0.0,0.0,0.0,0.0,0.0,0.0,0.0,0.0,0.0,0.0,0.0
3274,82,Valve Nut,4.4,0.91,0.12,0.69,0.0,0.0,0.0,0.67,0.0,0.0,93.21,0.0,0.0,0.0,0.0,0.0,0.0,0.0,0.0,0.0,0.0,0.0
3275,83,Valve Nut,3.51,1.06,0.09,0.58,0.0,0.0,0.0,0.84,0.0,0.0,93.92,0.0,0.0,0.0,0.0,0.0,0.0,0.0,0.0,0.0,0.0,0.0
3276,84,Valve Nut,3.42,1.1,0.09,0.59,0.0,0.0,0.0,0.53,0.0,0.0,94.27,0.0,0.0,0.0,0.0,0.0,0.0,0.0,0.0,0.0,0.0,0.0
3277,85,Valve Nut,2.9,0.93,0.11,0.53,0.0,0.0,0.0,0.63,0.0,0.0,94.9,0.0,0.0,0.0,0.0,0.0,0.0,0.0,0.0,0.0,0.0,0.0
3278,86,Valve Nut,3.35,0.93,0.09,0.63,0.0,0.0,0.0,0.89,0.0,0.0,94.11,0.0,0.0,0.0,0.0,0.0,0.0,0.0,0.0,0.0,0.0,0.0
3279,87,Valve Nut,3.64,0.95,0.09,0.62,0.0,0.0,0.0,0.69,0.0,0.0,94.01,0.0,0.0,0.0,0.0,0.0,0.0,0.0,0.0,0.0,0.0,0.0
3280,88,Valve Nut,4.38,0.98,0.09,0.69,0.0,0.0,0.0,0.79,0.0,0.0,93.07,0.0,0.0,0.0,0.0,0.0,0.0,0.0,0.0,0.0,0.0,0.0
3281,89,Valve Nut,3.95,1.03,0.09,0.58,0.0,0.0,0.0,0.77,0.0,0.0,93.58,0.0,0.0,0.0,0.0,0.0,0.0,0.0,0.0,0.0,0.0,0.0
3282,90,Valve Nut,3.72,1.0,0.11,0.59,0.0,0.0,0.0,0.75,0.0,0.0,93.83,0.0,0.0,0.0,0.0,0.0,0.0,0.0,0.0,0.0,0.0,0.0
3283,91,Valve Nut,3.48,1.09,0.1,0.62,0.0,0.0,0.0,0.86,0.0,0.0,93.85,0.0,0.0,0.0,0.0,0.0,0.0,0.0,0.0,0.0,0.0,0.0
3284,92,Valve Nut,3.89,1.17,0.09,0.5,0.0,0.0,0.0,0.86,0.0,0.0,93.49,0.0,0.0,0.0,0.0,0.0,0.0,0.0,0.0,0.0,0.0,0.0
3285,93,Valve Nut,3.52,0.88,0.1,0.59,0.0,0.0,0.0,0.85,0.0,0.0,94.06,0.0,0.0,0.0,0.0,0.0,0.0,0.0,0.0,0.0,0.0,0.0
3286,94,Valve Nut,3.59,0.82,0.08,0.51,0.0,0.0,0.0,0.73,0.0,0.0,94.27,0.0,0.0,0.0,0.0,0.0,0.0,0.0,0.0,0.0,0.0,0.0
3287,95,Valve Nut,3.38,0.77,0.11,0.62,0.0,0.0,0.0,0.67,0.0,0.0,94.45,0.0,0.0,0.0,0.0,0.0,0.0,0.0,0.0,0.0,0.0,0.0
3288,96,Valve Nut,3.53,0.85,0.1,0.63,0.0,0.0,0.0,0.67,0.0,0.0,94.22,0.0,0.0,0.0,0.0,0.0,0.0,0.0,0.0,0.0,0.0,0.0
3289,97,Valve Nut,3.77,0.94,0.08,0.56,0.0,0.0,0.0,0.69,0.0,0.0,93.96,0.0,0.0,0.0,0.0,0.0,0.0,0.0,0.0,0.0,0.0,0.0
3290,98,Valve Nut,4.04,1.05,0.1,0.58,0.0,0.0,0.0,0.82,0.0,0.0,93.41,0.0,0.0,0.0,0.0,0.0,0.0,0.0,0.0,0.0,0.0,0.0
3291,99,Valve Nut,3.18,0.91,0.12,0.65,0.0,0.0,0.0,0.74,0.0,0.0,94.4,0.0,0.0,0.0,0.0,0.0,0.0,0.0,0.0,0.0,0.0,0.0
3292,100,Valve Nut,4.76,0.91,0.09,0.63,0.0,0.0,0.0,0.81,0.0,0.0,92.8,0.0,0.0,0.0,0.0,0.0,0.0,0.0,0.0,0.0,0.0,0.0
3293,101,Valve Nut,3.19,0.94,0.1,0.59,0.0,0.0,0.0,0.77,0.0,0.0,94.41,0.0,0.0,0.0,0.0,0.0,0.0,0.0,0.0,0.0,0.0,0.0
3294,102,Valve Nut,3.44,1.02,0.11,0.56,0.0,0.0,0.0,0.95,0.0,0.0,93.92,0.0,0.0,0.0,0.0,0.0,0.0,0.0,0.0,0.0,0.0,0.0
3295,103,Valve Nut,3.94,1.0,0.1,0.69,0.0,0.0,0.0,0.8,0.0,0.0,93.47,0.0,0.0,0.0,0.0,0.0,0.0,0.0,0.0,0.0,0.0,0.0
3296,104,Valve Nut,4.17,0.83,0.08,0.6,0.0,0.0,0.0,0.72,0.0,0.0,93.6,0.0,0.0,0.0,0.0,0.0,0.0,0.0,0.0,0.0,0.0,0.0
3297,105,Valve Nut,3.05,0.99,0.07,0.58,0.0,0.0,0.0,0.92,0.0,0.0,94.39,0.0,0.0,0.0,0.0,0.0,0.0,0.0,0.0,0.0,0.0,0.0
3298,1,Valve Piece,3.06,1.58,0.03,0.35,0.0,0.01,1.96,0.21,0.0,0.0,92.8,0.0,0.0,0.0,0.0,0.0,0.0,0.0,0.0,0.0,0.0,0.0
3299,2,Valve Piece,2.24,1.49,0.03,0.26,0.0,0.01,1.87,0.19,0.0,0.0,93.91,0.0,0.0,0.0,0.0,0.0,0.0,0.0,0.0,0.0,0.0,0.0
3300,3,Valve Piece,2.51,1.59,0.02,0.35,0.0,0.01,1.61,0.2,0.0,0.0,93.71,0.0,0.0,0.0,0.0,0.0,0.0,0.0,0.0,0.0,0.0,0.0
3301,4,Valve Piece,2.72,1.42,0.03,0.32,0.0,0.01,1.61,0.22,0.0,0.0,93.67,0.0,0.0,0.0,0.0,0.0,0.0,0.0,0.0,0.0,0.0,0.0
3302,5,Valve Piece,2.48,1.47,0.02,0.4,0.0,0.01,1.57,0.18,0.0,0.0,93.87,0.0,0.0,0.0,0.0,0.0,0.0,0.0,0.0,0.0,0.0,0.0
3303,6,Valve Piece,2.47,1.96,0.04,0.37,0.0,0.01,1.87,0.21,0.0,0.0,93.07,0.0,0.0,0.0,0.0,0.0,0.0,0.0,0.0,0.0,0.0,0.0
3304,7,Valve Piece,2.83,1.67,0.02,0.27,0.0,0.01,1.98,0.2,0.0,0.0,93.02,0.0,0.0,0.0,0.0,0.0,0.0,0.0,0.0,0.0,0.0,0.0
3305,8,Valve Piece,2.73,1.64,0.03,0.3,0.0,0.01,1.81,0.18,0.0,0.0,93.3,0.0,0.0,0.0,0.0,0.0,0.0,0.0,0.0,0.0,0.0,0.0
3306,9,Valve Piece,2.23,1.52,0.03,0.23,0.0,0.01,1.61,0.18,0.0,0.0,94.19,0.0,0.0,0.0,0.0,0.0,0.0,0.0,0.0,0.0,0.0,0.0
3307,10,Valve Piece,2.14,1.63,0.03,0.3,0.0,0.01,1.67,0.19,0.0,0.0,94.03,0.0,0.0,0.0,0.0,0.0,0.0,0.0,0.0,0.0,0.0,0.0
3308,11,Valve Piece,2.81,1.74,0.03,0.29,0.0,0.01,1.91,0.2,0.0,0.0,93.01,0.0,0.0,0.0,0.0,0.0,0.0,0.0,0.0,0.0,0.0,0.0
3309,12,Valve Piece,2.23,1.62,0.03,0.34,0.0,0.01,1.69,0.18,0.0,0.0,93.9,0.0,0.0,0.0,0.0,0.0,0.0,0.0,0.0,0.0,0.0,0.0
3310,13,Valve Piece,2.72,1.54,0.03,0.28,0.0,0.01,1.58,0.23,0.0,0.0,93.61,0.0,0.0,0.0,0.0,0.0,0.0,0.0,0.0,0.0,0.0,0.0
3311,14,Valve Piece,2.77,1.37,0.03,0.31,0.0,0.01,1.74,0.18,0.0,0.0,93.59,0.0,0.0,0.0,0.0,0.0,0.0,0.0,0.0,0.0,0.0,0.0
3312,15,Valve Piece,2.55,1.76,0.04,0.33,0.0,0.01,1.57,0.19,0.0,0.0,93.55,0.0,0.0,0.0,0.0,0.0,0.0,0.0,0.0,0.0,0.0,0.0
3313,16,Valve Piece,2.68,1.7,0.03,0.3,0.0,0.01,1.6,0.14,0.0,0.0,93.54,0.0,0.0,0.0,0.0,0.0,0.0,0.0,0.0,0.0,0.0,0.0
3314,17,Valve Piece,2.27,1.54,0.03,0.31,0.0,0.01,1.45,0.21,0.0,0.0,94.18,0.0,0.0,0.0,0.0,0.0,0.0,0.0,0.0,0.0,0.0,0.0
3315,18,Valve Piece,2.93,1.76,0.02,0.25,0.0,0.01,1.91,0.2,0.0,0.0,92.92,0.0,0.0,0.0,0.0,0.0,0.0,0.0,0.0,0.0,0.0,0.0
3316,19,Valve Piece,2.25,2.01,0.03,0.29,0.0,0.01,1.78,0.2,0.0,0.0,93.43,0.0,0.0,0.0,0.0,0.0,0.0,0.0,0.0,0.0,0.0,0.0
3317,20,Valve Piece,2.72,2.02,0.02,0.29,0.0,0.01,1.73,0.19,0.0,0.0,93.02,0.0,0.0,0.0,0.0,0.0,0.0,0.0,0.0,0.0,0.0,0.0
3318,21,Valve Piece,2.94,1.8,0.03,0.34,0.0,0.01,1.66,0.19,0.0,0.0,93.03,0.0,0.0,0.0,0.0,0.0,0.0,0.0,0.0,0.0,0.0,0.0
3319,22,Valve Piece,2.61,1.62,0.02,0.39,0.0,0.01,1.81,0.27,0.0,0.0,93.27,0.0,0.0,0.0,0.0,0.0,0.0,0.0,0.0,0.0,0.0,0.0
3320,23,Valve Piece,2.72,1.63,0.03,0.31,0.0,0.01,1.66,0.18,0.0,0.0,93.46,0.0,0.0,0.0,0.0,0.0,0.0,0.0,0.0,0.0,0.0,0.0
3321,24,Valve Piece,2.6,1.83,0.03,0.29,0.0,0.01,1.7,0.18,0.0,0.0,93.36,0.0,0.0,0.0,0.0,0.0,0.0,0.0,0.0,0.0,0.0,0.0
3322,25,Valve Piece,2.28,1.77,0.02,0.32,0.0,0.01,1.79,0.19,0.0,0.0,93.62,0.0,0.0,0.0,0.0,0.0,0.0,0.0,0.0,0.0,0.0,0.0
3323,26,Valve Piece,3.59,1.37,0.03,0.33,0.0,0.01,1.67,0.24,0.0,0.0,92.76,0.0,0.0,0.0,0.0,0.0,0.0,0.0,0.0,0.0,0.0,0.0
3324,27,Valve Piece,2.48,1.62,0.03,0.28,0.0,0.01,1.59,0.16,0.0,0.0,93.83,0.0,0.0,0.0,0.0,0.0,0.0,0.0,0.0,0.0,0.0,0.0
3325,28,Valve Piece,2.62,1.89,0.03,0.36,0.0,0.01,1.72,0.26,0.0,0.0,93.11,0.0,0.0,0.0,0.0,0.0,0.0,0.0,0.0,0.0,0.0,0.0
3326,29,Valve Piece,2.13,1.66,0.03,0.31,0.0,0.01,1.56,0.23,0.0,0.0,94.07,0.0,0.0,0.0,0.0,0.0,0.0,0.0,0.0,0.0,0.0,0.0
3327,30,Valve Piece,2.8,1.4,0.02,0.3,0.0,0.01,1.45,0.15,0.0,0.0,93.87,0.0,0.0,0.0,0.0,0.0,0.0,0.0,0.0,0.0,0.0,0.0
3328,31,Valve Piece,3.07,1.4,0.03,0.24,0.0,0.01,1.87,0.2,0.0,0.0,93.18,0.0,0.0,0.0,0.0,0.0,0.0,0.0,0.0,0.0,0.0,0.0
3329,32,Valve Piece,2.85,1.76,0.03,0.3,0.0,0.01,1.66,0.19,0.0,0.0,93.2,0.0,0.0,0.0,0.0,0.0,0.0,0.0,0.0,0.0,0.0,0.0
3330,33,Valve Piece,2.6,1.49,0.03,0.29,0.0,0.01,1.83,0.24,0.0,0.0,93.51,0.0,0.0,0.0,0.0,0.0,0.0,0.0,0.0,0.0,0.0,0.0
3331,34,Valve Piece,2.46,1.43,0.03,0.3,0.0,0.01,1.7,0.18,0.0,0.0,93.89,0.0,0.0,0.0,0.0,0.0,0.0,0.0,0.0,0.0,0.0,0.0
3332,35,Valve Piece,2.54,1.15,0.03,0.34,0.0,0.01,1.55,0.23,0.0,0.0,94.15,0.0,0.0,0.0,0.0,0.0,0.0,0.0,0.0,0.0,0.0,0.0
3333,36,Valve Piece,2.3,1.65,0.03,0.25,0.0,0.01,1.81,0.17,0.0,0.0,93.78,0.0,0.0,0.0,0.0,0.0,0.0,0.0,0.0,0.0,0.0,0.0
3334,37,Valve Piece,2.78,2.14,0.03,0.35,0.0,0.01,1.69,0.21,0.0,0.0,92.79,0.0,0.0,0.0,0.0,0.0,0.0,0.0,0.0,0.0,0.0,0.0
3335,38,Valve Piece,2.4,1.49,0.04,0.33,0.0,0.01,1.6,0.23,0.0,0.0,93.9,0.0,0.0,0.0,0.0,0.0,0.0,0.0,0.0,0.0,0.0,0.0
3336,39,Valve Piece,2.26,1.73,0.03,0.29,0.0,0.01,1.64,0.19,0.0,0.0,93.85,0.0,0.0,0.0,0.0,0.0,0.0,0.0,0.0,0.0,0.0,0.0
3337,40,Valve Piece,2.56,1.57,0.03,0.29,0.0,0.01,1.78,0.23,0.0,0.0,93.53,0.0,0.0,0.0,0.0,0.0,0.0,0.0,0.0,0.0,0.0,0.0
3338,41,Valve Piece,2.9,1.7,0.03,0.31,0.0,0.01,1.85,0.22,0.0,0.0,92.98,0.0,0.0,0.0,0.0,0.0,0.0,0.0,0.0,0.0,0.0,0.0
3339,42,Valve Piece,2.12,1.6,0.03,0.35,0.0,0.01,1.56,0.18,0.0,0.0,94.15,0.0,0.0,0.0,0.0,0.0,0.0,0.0,0.0,0.0,0.0,0.0
3340,43,Valve Piece,2.4,1.52,0.02,0.29,0.0,0.01,1.7,0.17,0.0,0.0,93.89,0.0,0.0,0.0,0.0,0.0,0.0,0.0,0.0,0.0,0.0,0.0
3341,44,Valve Piece,2.37,1.46,0.02,0.32,0.0,0.01,1.64,0.16,0.0,0.0,94.02,0.0,0.0,0.0,0.0,0.0,0.0,0.0,0.0,0.0,0.0,0.0
3342,45,Valve Piece,2.94,1.46,0.03,0.3,0.0,0.01,1.65,0.22,0.0,0.0,93.39,0.0,0.0,0.0,0.0,0.0,0.0,0.0,0.0,0.0,0.0,0.0
3343,46,Valve Piece,2.5,1.27,0.03,0.35,0.0,0.01,1.75,0.19,0.0,0.0,93.9,0.0,0.0,0.0,0.0,0.0,0.0,0.0,0.0,0.0,0.0,0.0
3344,47,Valve Piece,3.22,1.63,0.02,0.25,0.0,0.01,1.72,0.16,0.0,0.0,92.99,0.0,0.0,0.0,0.0,0.0,0.0,0.0,0.0,0.0,0.0,0.0
3345,48,Valve Piece,2.96,1.8,0.02,0.37,0.0,0.01,1.81,0.24,0.0,0.0,92.79,0.0,0.0,0.0,0.0,0.0,0.0,0.0,0.0,0.0,0.0,0.0
3346,49,Valve Piece,2.94,1.54,0.03,0.31,0.0,0.01,1.66,0.19,0.0,0.0,93.32,0.0,0.0,0.0,0.0,0.0,0.0,0.0,0.0,0.0,0.0,0.0
3347,50,Valve Piece,2.72,1.85,0.02,0.26,0.0,0.01,1.86,0.21,0.0,0.0,93.07,0.0,0.0,0.0,0.0,0.0,0.0,0.0,0.0,0.0,0.0,0.0
3348,51,Valve Piece,2.19,1.8,0.03,0.36,0.0,0.01,1.75,0.16,0.0,0.0,93.7,0.0,0.0,0.0,0.0,0.0,0.0,0.0,0.0,0.0,0.0,0.0
3349,52,Valve Piece,2.68,1.67,0.03,0.29,0.0,0.01,1.9,0.25,0.0,0.0,93.17,0.0,0.0,0.0,0.0,0.0,0.0,0.0,0.0,0.0,0.0,0.0
3350,53,Valve Piece,2.55,1.73,0.02,0.28,0.0,0.01,1.53,0.18,0.0,0.0,93.7,0.0,0.0,0.0,0.0,0.0,0.0,0.0,0.0,0.0,0.0,0.0
3351,54,Valve Piece,2.73,1.77,0.03,0.29,0.0,0.01,1.55,0.22,0.0,0.0,93.4,0.0,0.0,0.0,0.0,0.0,0.0,0.0,0.0,0.0,0.0,0.0
3352,55,Valve Piece,2.76,1.38,0.03,0.33,0.0,0.01,1.58,0.19,0.0,0.0,93.72,0.0,0.0,0.0,0.0,0.0,0.0,0.0,0.0,0.0,0.0,0.0
3353,56,Valve Piece,2.87,1.75,0.02,0.28,0.0,0.01,1.56,0.17,0.0,0.0,93.34,0.0,0.0,0.0,0.0,0.0,0.0,0.0,0.0,0.0,0.0,0.0
3354,57,Valve Piece,2.9,1.88,0.03,0.3,0.0,0.01,1.6,0.18,0.0,0.0,93.1,0.0,0.0,0.0,0.0,0.0,0.0,0.0,0.0,0.0,0.0,0.0
3355,58,Valve Piece,2.33,1.78,0.03,0.29,0.0,0.01,1.78,0.23,0.0,0.0,93.55,0.0,0.0,0.0,0.0,0.0,0.0,0.0,0.0,0.0,0.0,0.0
3356,59,Valve Piece,2.4,1.7,0.03,0.29,0.0,0.01,1.86,0.19,0.0,0.0,93.52,0.0,0.0,0.0,0.0,0.0,0.0,0.0,0.0,0.0,0.0,0.0
3357,60,Valve Piece,2.47,1.84,0.03,0.31,0.0,0.01,1.67,0.2,0.0,0.0,93.47,0.0,0.0,0.0,0.0,0.0,0.0,0.0,0.0,0.0,0.0,0.0
3358,61,Valve Piece,2.38,1.52,0.02,0.32,0.0,0.01,1.53,0.19,0.0,0.0,94.03,0.0,0.0,0.0,0.0,0.0,0.0,0.0,0.0,0.0,0.0,0.0
3359,62,Valve Piece,2.63,1.73,0.03,0.39,0.0,0.01,1.85,0.2,0.0,0.0,93.16,0.0,0.0,0.0,0.0,0.0,0.0,0.0,0.0,0.0,0.0,0.0
3360,63,Valve Piece,2.67,1.48,0.02,0.3,0.0,0.01,1.82,0.2,0.0,0.0,93.5,0.0,0.0,0.0,0.0,0.0,0.0,0.0,0.0,0.0,0.0,0.0
3361,64,Valve Piece,2.13,1.79,0.03,0.32,0.0,0.01,1.81,0.18,0.0,0.0,93.73,0.0,0.0,0.0,0.0,0.0,0.0,0.0,0.0,0.0,0.0,0.0
3362,65,Valve Piece,2.28,1.49,0.03,0.26,0.0,0.01,2.12,0.22,0.0,0.0,93.59,0.0,0.0,0.0,0.0,0.0,0.0,0.0,0.0,0.0,0.0,0.0
3363,66,Valve Piece,2.48,1.44,0.03,0.3,0.0,0.01,1.72,0.19,0.0,0.0,93.83,0.0,0.0,0.0,0.0,0.0,0.0,0.0,0.0,0.0,0.0,0.0
3364,67,Valve Piece,2.91,1.41,0.03,0.34,0.0,0.01,1.58,0.16,0.0,0.0,93.56,0.0,0.0,0.0,0.0,0.0,0.0,0.0,0.0,0.0,0.0,0.0
3365,68,Valve Piece,2.63,1.4,0.03,0.28,0.0,0.01,1.71,0.2,0.0,0.0,93.74,0.0,0.0,0.0,0.0,0.0,0.0,0.0,0.0,0.0,0.0,0.0
3366,69,Valve Piece,2.47,1.6,0.04,0.27,0.0,0.01,1.7,0.18,0.0,0.0,93.73,0.0,0.0,0.0,0.0,0.0,0.0,0.0,0.0,0.0,0.0,0.0
3367,70,Valve Piece,2.29,1.43,0.03,0.33,0.0,0.01,1.6,0.18,0.0,0.0,94.13,0.0,0.0,0.0,0.0,0.0,0.0,0.0,0.0,0.0,0.0,0.0
3368,71,Valve Piece,2.9,1.45,0.02,0.3,0.0,0.01,1.73,0.19,0.0,0.0,93.4,0.0,0.0,0.0,0.0,0.0,0.0,0.0,0.0,0.0,0.0,0.0
3369,72,Valve Piece,2.29,1.94,0.03,0.39,0.0,0.01,1.71,0.18,0.0,0.0,93.45,0.0,0.0,0.0,0.0,0.0,0.0,0.0,0.0,0.0,0.0,0.0
3370,73,Valve Piece,2.21,1.58,0.03,0.29,0.0,0.01,1.75,0.18,0.0,0.0,93.95,0.0,0.0,0.0,0.0,0.0,0.0,0.0,0.0,0.0,0.0,0.0
3371,74,Valve Piece,2.1,1.57,0.02,0.36,0.0,0.01,1.94,0.21,0.0,0.0,93.79,0.0,0.0,0.0,0.0,0.0,0.0,0.0,0.0,0.0,0.0,0.0
3372,75,Valve Piece,2.24,1.6,0.03,0.31,0.0,0.01,1.82,0.18,0.0,0.0,93.81,0.0,0.0,0.0,0.0,0.0,0.0,0.0,0.0,0.0,0.0,0.0
3373,76,Valve Piece,2.2,1.74,0.03,0.31,0.0,0.01,1.7,0.2,0.0,0.0,93.81,0.0,0.0,0.0,0.0,0.0,0.0,0.0,0.0,0.0,0.0,0.0
3374,77,Valve Piece,2.6,1.25,0.03,0.28,0.0,0.01,1.74,0.22,0.0,0.0,93.87,0.0,0.0,0.0,0.0,0.0,0.0,0.0,0.0,0.0,0.0,0.0
3375,78,Valve Piece,2.6,1.26,0.03,0.27,0.0,0.01,1.75,0.24,0.0,0.0,93.84,0.0,0.0,0.0,0.0,0.0,0.0,0.0,0.0,0.0,0.0,0.0
3376,79,Valve Piece,2.3,1.42,0.03,0.26,0.0,0.01,1.65,0.21,0.0,0.0,94.12,0.0,0.0,0.0,0.0,0.0,0.0,0.0,0.0,0.0,0.0,0.0
3377,80,Valve Piece,2.27,1.47,0.03,0.26,0.0,0.01,1.35,0.21,0.0,0.0,94.4,0.0,0.0,0.0,0.0,0.0,0.0,0.0,0.0,0.0,0.0,0.0
3378,81,Valve Piece,3.14,1.47,0.03,0.33,0.0,0.01,1.58,0.2,0.0,0.0,93.24,0.0,0.0,0.0,0.0,0.0,0.0,0.0,0.0,0.0,0.0,0.0
3379,82,Valve Piece,3.01,1.28,0.03,0.38,0.0,0.01,1.79,0.21,0.0,0.0,93.29,0.0,0.0,0.0,0.0,0.0,0.0,0.0,0.0,0.0,0.0,0.0
3380,83,Valve Piece,3.11,1.83,0.02,0.33,0.0,0.01,1.47,0.15,0.0,0.0,93.08,0.0,0.0,0.0,0.0,0.0,0.0,0.0,0.0,0.0,0.0,0.0
3381,84,Valve Piece,3.28,2.03,0.03,0.34,0.0,0.01,1.64,0.21,0.0,0.0,92.46,0.0,0.0,0.0,0.0,0.0,0.0,0.0,0.0,0.0,0.0,0.0
3382,85,Valve Piece,2.49,1.49,0.03,0.3,0.0,0.01,1.77,0.18,0.0,0.0,93.73,0.0,0.0,0.0,0.0,0.0,0.0,0.0,0.0,0.0,0.0,0.0
3383,86,Valve Piece,2.41,1.41,0.03,0.29,0.0,0.01,1.73,0.22,0.0,0.0,93.9,0.0,0.0,0.0,0.0,0.0,0.0,0.0,0.0,0.0,0.0,0.0
3384,87,Valve Piece,2.47,1.49,0.02,0.24,0.0,0.01,1.55,0.23,0.0,0.0,93.99,0.0,0.0,0.0,0.0,0.0,0.0,0.0,0.0,0.0,0.0,0.0
3385,88,Valve Piece,3.6,1.32,0.03,0.35,0.0,0.01,1.69,0.21,0.0,0.0,92.79,0.0,0.0,0.0,0.0,0.0,0.0,0.0,0.0,0.0,0.0,0.0
3386,89,Valve Piece,3.33,1.33,0.03,0.3,0.0,0.01,1.51,0.17,0.0,0.0,93.32,0.0,0.0,0.0,0.0,0.0,0.0,0.0,0.0,0.0,0.0,0.0
3387,90,Valve Piece,2.31,1.84,0.03,0.3,0.0,0.01,1.78,0.2,0.0,0.0,93.53,0.0,0.0,0.0,0.0,0.0,0.0,0.0,0.0,0.0,0.0,0.0
3388,91,Valve Piece,2.6,1.64,0.03,0.33,0.0,0.01,1.67,0.2,0.0,0.0,93.52,0.0,0.0,0.0,0.0,0.0,0.0,0.0,0.0,0.0,0.0,0.0
3389,92,Valve Piece,2.6,2.02,0.03,0.31,0.0,0.01,1.89,0.19,0.0,0.0,92.95,0.0,0.0,0.0,0.0,0.0,0.0,0.0,0.0,0.0,0.0,0.0
3390,93,Valve Piece,2.34,1.55,0.03,0.27,0.0,0.01,1.6,0.19,0.0,0.0,94.01,0.0,0.0,0.0,0.0,0.0,0.0,0.0,0.0,0.0,0.0,0.0
3391,94,Valve Piece,2.46,1.51,0.03,0.34,0.0,0.01,1.7,0.24,0.0,0.0,93.71,0.0,0.0,0.0,0.0,0.0,0.0,0.0,0.0,0.0,0.0,0.0
3392,95,Valve Piece,2.57,1.64,0.02,0.4,0.0,0.01,1.81,0.22,0.0,0.0,93.33,0.0,0.0,0.0,0.0,0.0,0.0,0.0,0.0,0.0,0.0,0.0
3393,1,Valve Piston,5.45,2.64,0.0,0.0,0.0,0.0,4.77,0.09,0.29,0.0,72.4,4.93,0.0,0.0,0.0,0.0,0.0,0.0,0.0,2.54,6.89,0.0
3394,2,Valve Piston,5.56,2.52,0.0,0.0,0.0,0.0,3.97,0.08,0.28,0.0,72.67,5.52,0.0,0.0,0.0,0.0,0.0,0.0,0.0,2.24,7.16,0.0
3395,3,Valve Piston,5.24,2.19,0.0,0.0,0.0,0.0,3.97,0.07,0.26,0.0,73.42,4.54,0.0,0.0,0.0,0.0,0.0,0.0,0.0,2.15,8.16,0.0
3396,4,Valve Piston,5.67,2.75,0.0,0.0,0.0,0.0,4.55,0.06,0.25,0.0,73.63,4.45,0.0,0.0,0.0,0.0,0.0,0.0,0.0,2.42,6.22,0.0
3397,5,Valve Piston,5.41,2.01,0.0,0.0,0.0,0.0,4.22,0.09,0.34,0.0,75.46,4.05,0.0,0.0,0.0,0.0,0.0,0.0,0.0,2.12,6.3,0.0
3398,6,Valve Piston,5.85,1.99,0.0,0.0,0.0,0.0,4.1,0.1,0.25,0.0,74.33,5.47,0.0,0.0,0.0,0.0,0.0,0.0,0.0,2.12,5.79,0.0
3399,7,Valve Piston,5.29,2.22,0.0,0.0,0.0,0.0,3.98,0.07,0.27,0.0,74.65,4.96,0.0,0.0,0.0,0.0,0.0,0.0,0.0,2.4,6.16,0.0
3400,8,Valve Piston,6.19,2.42,0.0,0.0,0.0,0.0,3.86,0.09,0.29,0.0,72.4,4.7,0.0,0.0,0.0,0.0,0.0,0.0,0.0,2.15,7.9,0.0
3401,9,Valve Piston,4.97,2.32,0.0,0.0,0.0,0.0,4.35,0.07,0.27,0.0,72.68,5.35,0.0,0.0,0.0,0.0,0.0,0.0,0.0,2.46,7.53,0.0
3402,10,Valve Piston,5.5,2.67,0.0,0.0,0.0,0.0,4.25,0.09,0.25,0.0,70.96,5.58,0.0,0.0,0.0,0.0,0.0,0.0,0.0,2.24,8.46,0.0
3403,11,Valve Piston,6.8,2.03,0.0,0.0,0.0,0.0,3.97,0.08,0.32,0.0,72.81,3.95,0.0,0.0,0.0,0.0,0.0,0.0,0.0,2.07,7.97,0.0
3404,12,Valve Piston,4.43,2.35,0.0,0.0,0.0,0.0,4.21,0.07,0.29,0.0,73.44,4.61,0.0,0.0,0.0,0.0,0.0,0.0,0.0,2.12,8.48,0.0
3405,13,Valve Piston,5.72,2.9,0.0,0.0,0.0,0.0,4.29,0.11,0.28,0.0,72.14,4.43,0.0,0.0,0.0,0.0,0.0,0.0,0.0,2.35,7.78,0.0
3406,14,Valve Piston,4.93,2.25,0.0,0.0,0.0,0.0,4.73,0.08,0.28,0.0,72.62,5.77,0.0,0.0,0.0,0.0,0.0,0.0,0.0,2.49,6.85,0.0
3407,15,Valve Piston,4.95,2.52,0.0,0.0,0.0,0.0,4.14,0.08,0.29,0.0,72.86,4.67,0.0,0.0,0.0,0.0,0.0,0.0,0.0,2.08,8.41,0.0
3408,16,Valve Piston,4.83,2.48,0.0,0.0,0.0,0.0,4.08,0.09,0.29,0.0,73.56,5.22,0.0,0.0,0.0,0.0,0.0,0.0,0.0,2.41,7.04,0.0
3409,17,Valve Piston,5.33,2.58,0.0,0.0,0.0,0.0,4.45,0.08,0.25,0.0,71.89,5.48,0.0,0.0,0.0,0.0,0.0,0.0,0.0,2.0,7.94,0.0
3410,18,Valve Piston,5.53,2.68,0.0,0.0,0.0,0.0,4.69,0.09,0.31,0.0,71.83,4.65,0.0,0.0,0.0,0.0,0.0,0.0,0.0,2.16,8.06,0.0
3411,19,Valve Piston,4.86,2.4,0.0,0.0,0.0,0.0,4.13,0.07,0.28,0.0,75.56,3.82,0.0,0.0,0.0,0.0,0.0,0.0,0.0,2.08,6.8,0.0
3412,20,Valve Piston,4.94,2.19,0.0,0.0,0.0,0.0,4.05,0.08,0.27,0.0,74.48,4.45,0.0,0.0,0.0,0.0,0.0,0.0,0.0,2.11,7.43,0.0
3413,21,Valve Piston,6.48,2.18,0.0,0.0,0.0,0.0,4.23,0.08,0.24,0.0,71.76,5.06,0.0,0.0,0.0,0.0,0.0,0.0,0.0,2.19,7.78,0.0
3414,22,Valve Piston,5.79,2.31,0.0,0.0,0.0,0.0,4.52,0.08,0.33,0.0,70.97,5.3,0.0,0.0,0.0,0.0,0.0,0.0,0.0,2.53,8.17,0.0
3415,23,Valve Piston,5.01,2.29,0.0,0.0,0.0,0.0,4.33,0.08,0.31,0.0,72.3,5.74,0.0,0.0,0.0,0.0,0.0,0.0,0.0,2.33,7.61,0.0
3416,24,Valve Piston,5.77,1.99,0.0,0.0,0.0,0.0,4.53,0.11,0.32,0.0,73.78,3.48,0.0,0.0,0.0,0.0,0.0,0.0,0.0,2.09,7.93,0.0
3417,25,Valve Piston,4.74,2.36,0.0,0.0,0.0,0.0,4.45,0.08,0.33,0.0,76.12,4.12,0.0,0.0,0.0,0.0,0.0,0.0,0.0,1.94,5.86,0.0
3418,26,Valve Piston,5.62,2.63,0.0,0.0,0.0,0.0,4.57,0.07,0.26,0.0,72.27,4.52,0.0,0.0,0.0,0.0,0.0,0.0,0.0,2.3,7.76,0.0
3419,27,Valve Piston,4.29,2.43,0.0,0.0,0.0,0.0,4.05,0.07,0.24,0.0,72.92,4.49,0.0,0.0,0.0,0.0,0.0,0.0,0.0,2.2,9.31,0.0
3420,28,Valve Piston,5.13,2.79,0.0,0.0,0.0,0.0,3.98,0.08,0.34,0.0,72.32,5.06,0.0,0.0,0.0,0.0,0.0,0.0,0.0,2.63,7.67,0.0
3421,29,Valve Piston,5.49,2.08,0.0,0.0,0.0,0.0,4.1,0.07,0.31,0.0,73.15,5.22,0.0,0.0,0.0,0.0,0.0,0.0,0.0,2.19,7.39,0.0
3422,30,Valve Piston,4.87,2.39,0.0,0.0,0.0,0.0,4.4,0.09,0.22,0.0,72.3,5.38,0.0,0.0,0.0,0.0,0.0,0.0,0.0,2.23,8.12,0.0
3423,31,Valve Piston,6.58,2.18,0.0,0.0,0.0,0.0,4.87,0.09,0.33,0.0,72.27,4.77,0.0,0.0,0.0,0.0,0.0,0.0,0.0,2.13,6.78,0.0
3424,32,Valve Piston,5.94,2.84,0.0,0.0,0.0,0.0,4.46,0.09,0.33,0.0,71.95,5.03,0.0,0.0,0.0,0.0,0.0,0.0,0.0,2.31,7.05,0.0
3425,33,Valve Piston,5.06,1.9,0.0,0.0,0.0,0.0,4.4,0.06,0.35,0.0,74.61,4.59,0.0,0.0,0.0,0.0,0.0,0.0,0.0,2.31,6.72,0.0
3426,34,Valve Piston,5.88,2.59,0.0,0.0,0.0,0.0,4.26,0.07,0.25,0.0,72.71,5.92,0.0,0.0,0.0,0.0,0.0,0.0,0.0,2.19,6.13,0.0
3427,35,Valve Piston,5.63,2.51,0.0,0.0,0.0,0.0,4.51,0.1,0.27,0.0,72.27,5.33,0.0,0.0,0.0,0.0,0.0,0.0,0.0,2.49,6.89,0.0
3428,36,Valve Piston,4.77,2.44,0.0,0.0,0.0,0.0,4.24,0.09,0.31,0.0,72.69,4.55,0.0,0.0,0.0,0.0,0.0,0.0,0.0,2.3,8.61,0.0
3429,37,Valve Piston,5.76,2.43,0.0,0.0,0.0,0.0,4.15,0.07,0.31,0.0,72.67,4.47,0.0,0.0,0.0,0.0,0.0,0.0,0.0,2.24,7.9,0.0
3430,38,Valve Piston,5.47,1.99,0.0,0.0,0.0,0.0,4.62,0.08,0.24,0.0,74.1,4.49,0.0,0.0,0.0,0.0,0.0,0.0,0.0,2.23,6.78,0.0
3431,39,Valve Piston,4.85,2.25,0.0,0.0,0.0,0.0,4.09,0.09,0.28,0.0,75.44,3.76,0.0,0.0,0.0,0.0,0.0,0.0,0.0,2.04,7.2,0.0
3432,40,Valve Piston,6.06,2.09,0.0,0.0,0.0,0.0,4.57,0.07,0.26,0.0,70.6,6.06,0.0,0.0,0.0,0.0,0.0,0.0,0.0,2.26,8.03,0.0
3433,41,Valve Piston,5.39,2.46,0.0,0.0,0.0,0.0,4.47,0.06,0.32,0.0,71.23,5.16,0.0,0.0,0.0,0.0,0.0,0.0,0.0,2.38,8.53,0.0
3434,42,Valve Piston,5.43,2.43,0.0,0.0,0.0,0.0,4.48,0.07,0.25,0.0,73.19,5.54,0.0,0.0,0.0,0.0,0.0,0.0,0.0,2.24,6.37,0.0
3435,43,Valve Piston,6.29,2.01,0.0,0.0,0.0,0.0,4.29,0.07,0.25,0.0,72.1,6.2,0.0,0.0,0.0,0.0,0.0,0.0,0.0,1.83,6.96,0.0
3436,44,Valve Piston,4.69,2.26,0.0,0.0,0.0,0.0,3.98,0.07,0.32,0.0,73.57,5.52,0.0,0.0,0.0,0.0,0.0,0.0,0.0,2.11,7.48,0.0
3437,45,Valve Piston,5.48,2.0,0.0,0.0,0.0,0.0,4.27,0.08,0.39,0.0,73.26,5.57,0.0,0.0,0.0,0.0,0.0,0.0,0.0,2.53,6.42,0.0
3438,46,Valve Piston,4.82,2.89,0.0,0.0,0.0,0.0,4.08,0.07,0.31,0.0,72.69,5.33,0.0,0.0,0.0,0.0,0.0,0.0,0.0,2.38,7.43,0.0
3439,47,Valve Piston,5.56,2.82,0.0,0.0,0.0,0.0,4.44,0.08,0.31,0.0,72.34,4.49,0.0,0.0,0.0,0.0,0.0,0.0,0.0,2.31,7.65,0.0
3440,48,Valve Piston,5.2,2.38,0.0,0.0,0.0,0.0,4.47,0.08,0.3,0.0,73.99,4.91,0.0,0.0,0.0,0.0,0.0,0.0,0.0,2.17,6.5,0.0
3441,49,Valve Piston,4.65,2.49,0.0,0.0,0.0,0.0,4.12,0.11,0.27,0.0,73.65,5.18,0.0,0.0,0.0,0.0,0.0,0.0,0.0,2.22,7.31,0.0
3442,50,Valve Piston,4.86,2.48,0.0,0.0,0.0,0.0,3.83,0.09,0.27,0.0,73.2,4.9,0.0,0.0,0.0,0.0,0.0,0.0,0.0,2.16,8.21,0.0
3443,51,Valve Piston,4.73,2.31,0.0,0.0,0.0,0.0,4.15,0.06,0.31,0.0,73.67,4.51,0.0,0.0,0.0,0.0,0.0,0.0,0.0,2.49,7.77,0.0
3444,52,Valve Piston,4.83,2.58,0.0,0.0,0.0,0.0,4.39,0.08,0.24,0.0,73.24,4.37,0.0,0.0,0.0,0.0,0.0,0.0,0.0,2.34,7.93,0.0
3445,53,Valve Piston,4.27,1.86,0.0,0.0,0.0,0.0,4.72,0.09,0.28,0.0,74.01,4.69,0.0,0.0,0.0,0.0,0.0,0.0,0.0,2.38,7.7,0.0
3446,54,Valve Piston,5.96,2.21,0.0,0.0,0.0,0.0,5.14,0.07,0.27,0.0,71.6,5.18,0.0,0.0,0.0,0.0,0.0,0.0,0.0,2.03,7.54,0.0
3447,55,Valve Piston,5.45,2.42,0.0,0.0,0.0,0.0,4.34,0.08,0.39,0.0,70.9,5.84,0.0,0.0,0.0,0.0,0.0,0.0,0.0,2.35,8.23,0.0
3448,56,Valve Piston,5.05,2.38,0.0,0.0,0.0,0.0,4.31,0.07,0.23,0.0,73.87,4.28,0.0,0.0,0.0,0.0,0.0,0.0,0.0,2.17,7.64,0.0
3449,57,Valve Piston,4.11,1.97,0.0,0.0,0.0,0.0,4.64,0.09,0.26,0.0,73.1,5.18,0.0,0.0,0.0,0.0,0.0,0.0,0.0,2.2,8.45,0.0
3450,58,Valve Piston,5.49,2.41,0.0,0.0,0.0,0.0,4.56,0.07,0.3,0.0,72.09,4.51,0.0,0.0,0.0,0.0,0.0,0.0,0.0,2.47,8.1,0.0
3451,59,Valve Piston,5.59,2.4,0.0,0.0,0.0,0.0,3.98,0.08,0.26,0.0,72.01,5.6,0.0,0.0,0.0,0.0,0.0,0.0,0.0,2.21,7.87,0.0
3452,60,Valve Piston,4.66,2.19,0.0,0.0,0.0,0.0,4.09,0.07,0.3,0.0,72.36,4.87,0.0,0.0,0.0,0.0,0.0,0.0,0.0,2.15,9.31,0.0
3453,61,Valve Piston,5.93,2.41,0.0,0.0,0.0,0.0,4.11,0.08,0.29,0.0,72.68,5.19,0.0,0.0,0.0,0.0,0.0,0.0,0.0,2.36,6.95,0.0
3454,62,Valve Piston,5.7,2.56,0.0,0.0,0.0,0.0,4.69,0.09,0.21,0.0,72.39,5.13,0.0,0.0,0.0,0.0,0.0,0.0,0.0,2.37,6.86,0.0
3455,63,Valve Piston,4.66,2.54,0.0,0.0,0.0,0.0,4.69,0.08,0.34,0.0,72.84,5.11,0.0,0.0,0.0,0.0,0.0,0.0,0.0,2.48,7.26,0.0
3456,64,Valve Piston,5.47,2.48,0.0,0.0,0.0,0.0,4.42,0.09,0.26,0.0,73.18,4.26,0.0,0.0,0.0,0.0,0.0,0.0,0.0,2.27,7.57,0.0
3457,65,Valve Piston,5.27,2.57,0.0,0.0,0.0,0.0,4.72,0.11,0.35,0.0,72.42,4.11,0.0,0.0,0.0,0.0,0.0,0.0,0.0,2.42,8.03,0.0
3458,66,Valve Piston,5.14,1.95,0.0,0.0,0.0,0.0,3.83,0.07,0.29,0.0,72.61,5.35,0.0,0.0,0.0,0.0,0.0,0.0,0.0,2.26,8.5,0.0
3459,67,Valve Piston,4.21,2.24,0.0,0.0,0.0,0.0,4.36,0.07,0.27,0.0,75.15,4.55,0.0,0.0,0.0,0.0,0.0,0.0,0.0,1.95,7.2,0.0
3460,68,Valve Piston,5.8,2.02,0.0,0.0,0.0,0.0,4.29,0.07,0.31,0.0,73.96,3.96,0.0,0.0,0.0,0.0,0.0,0.0,0.0,2.17,7.42,0.0
3461,69,Valve Piston,5.71,2.19,0.0,0.0,0.0,0.0,3.88,0.06,0.26,0.0,72.46,6.16,0.0,0.0,0.0,0.0,0.0,0.0,0.0,2.17,7.11,0.0
3462,70,Valve Piston,5.21,2.22,0.0,0.0,0.0,0.0,4.1,0.08,0.29,0.0,73.16,5.21,0.0,0.0,0.0,0.0,0.0,0.0,0.0,2.32,7.41,0.0
3463,71,Valve Piston,5.26,2.43,0.0,0.0,0.0,0.0,4.14,0.09,0.26,0.0,74.38,4.23,0.0,0.0,0.0,0.0,0.0,0.0,0.0,2.41,6.8,0.0
3464,72,Valve Piston,5.39,2.37,0.0,0.0,0.0,0.0,4.28,0.07,0.27,0.0,74.17,4.39,0.0,0.0,0.0,0.0,0.0,0.0,0.0,2.11,6.95,0.0
3465,73,Valve Piston,5.27,2.58,0.0,0.0,0.0,0.0,4.21,0.08,0.26,0.0,74.12,4.57,0.0,0.0,0.0,0.0,0.0,0.0,0.0,2.39,6.52,0.0
3466,74,Valve Piston,5.13,2.9,0.0,0.0,0.0,0.0,4.53,0.08,0.31,0.0,72.76,5.07,0.0,0.0,0.0,0.0,0.0,0.0,0.0,2.41,6.81,0.0
3467,75,Valve Piston,5.1,1.97,0.0,0.0,0.0,0.0,4.22,0.07,0.26,0.0,73.23,4.43,0.0,0.0,0.0,0.0,0.0,0.0,0.0,2.69,8.03,0.0
3468,76,Valve Piston,5.82,2.36,0.0,0.0,0.0,0.0,3.76,0.08,0.28,0.0,72.33,5.45,0.0,0.0,0.0,0.0,0.0,0.0,0.0,2.15,7.77,0.0
3469,77,Valve Piston,5.59,2.25,0.0,0.0,0.0,0.0,4.44,0.07,0.19,0.0,73.16,4.21,0.0,0.0,0.0,0.0,0.0,0.0,0.0,2.26,7.83,0.0
3470,78,Valve Piston,5.29,2.54,0.0,0.0,0.0,0.0,4.16,0.06,0.29,0.0,74.17,4.52,0.0,0.0,0.0,0.0,0.0,0.0,0.0,2.04,6.93,0.0
3471,79,Valve Piston,5.13,2.45,0.0,0.0,0.0,0.0,4.12,0.09,0.27,0.0,73.58,4.74,0.0,0.0,0.0,0.0,0.0,0.0,0.0,2.27,7.35,0.0
3472,80,Valve Piston,5.47,2.0,0.0,0.0,0.0,0.0,3.85,0.07,0.25,0.0,74.05,5.17,0.0,0.0,0.0,0.0,0.0,0.0,0.0,2.0,7.14,0.0
3473,81,Valve Piston,6.43,2.68,0.0,0.0,0.0,0.0,4.55,0.09,0.29,0.0,72.22,3.93,0.0,0.0,0.0,0.0,0.0,0.0,0.0,2.18,7.63,0.0
3474,82,Valve Piston,5.47,2.45,0.0,0.0,0.0,0.0,4.59,0.09,0.27,0.0,72.54,4.72,0.0,0.0,0.0,0.0,0.0,0.0,0.0,2.54,7.33,0.0
3475,83,Valve Piston,5.41,2.62,0.0,0.0,0.0,0.0,4.1,0.09,0.24,0.0,72.63,5.62,0.0,0.0,0.0,0.0,0.0,0.0,0.0,2.2,7.09,0.0
3476,84,Valve Piston,6.01,2.51,0.0,0.0,0.0,0.0,3.99,0.08,0.29,0.0,72.18,5.75,0.0,0.0,0.0,0.0,0.0,0.0,0.0,2.24,6.95,0.0
3477,85,Valve Piston,5.02,2.47,0.0,0.0,0.0,0.0,3.88,0.08,0.33,0.0,73.34,4.82,0.0,0.0,0.0,0.0,0.0,0.0,0.0,2.08,7.98,0.0
3478,86,Valve Piston,5.2,2.37,0.0,0.0,0.0,0.0,4.34,0.06,0.29,0.0,73.7,5.68,0.0,0.0,0.0,0.0,0.0,0.0,0.0,2.13,6.23,0.0
3479,87,Valve Piston,5.96,2.39,0.0,0.0,0.0,0.0,4.56,0.07,0.28,0.0,69.87,5.5,0.0,0.0,0.0,0.0,0.0,0.0,0.0,2.37,9.0,0.0
3480,88,Valve Piston,4.95,2.26,0.0,0.0,0.0,0.0,4.5,0.09,0.28,0.0,72.15,4.19,0.0,0.0,0.0,0.0,0.0,0.0,0.0,2.48,9.1,0.0
3481,89,Valve Piston,4.49,2.13,0.0,0.0,0.0,0.0,4.34,0.09,0.29,0.0,75.99,4.49,0.0,0.0,0.0,0.0,0.0,0.0,0.0,2.43,5.75,0.0
3482,90,Valve Piston,4.35,2.56,0.0,0.0,0.0,0.0,4.16,0.08,0.33,0.0,75.08,3.87,0.0,0.0,0.0,0.0,0.0,0.0,0.0,2.35,7.22,0.0
3483,91,Valve Piston,4.67,2.27,0.0,0.0,0.0,0.0,3.93,0.06,0.23,0.0,74.59,6.39,0.0,0.0,0.0,0.0,0.0,0.0,0.0,2.03,5.83,0.0
3484,92,Valve Piston,5.21,2.24,0.0,0.0,0.0,0.0,4.29,0.07,0.27,0.0,73.42,5.12,0.0,0.0,0.0,0.0,0.0,0.0,0.0,2.02,7.36,0.0
3485,93,Valve Piston,5.16,2.48,0.0,0.0,0.0,0.0,4.29,0.09,0.34,0.0,71.07,6.1,0.0,0.0,0.0,0.0,0.0,0.0,0.0,2.27,8.2,0.0
3486,94,Valve Piston,5.61,2.09,0.0,0.0,0.0,0.0,4.26,0.08,0.28,0.0,74.11,4.6,0.0,0.0,0.0,0.0,0.0,0.0,0.0,2.22,6.75,0.0
3487,95,Valve Piston,5.16,2.83,0.0,0.0,0.0,0.0,4.3,0.09,0.35,0.0,71.24,4.45,0.0,0.0,0.0,0.0,0.0,0.0,0.0,2.34,9.24,0.0
3488,96,Valve Piston,5.17,2.4,0.0,0.0,0.0,0.0,4.8,0.07,0.31,0.0,72.16,4.57,0.0,0.0,0.0,0.0,0.0,0.0,0.0,2.4,8.12,0.0
3489,1,Valve Spring,4.43,1.58,0.0,2.3,0.0,0.0,0.62,0.76,0.0,0.0,90.31,0.0,0.0,0.0,0.0,0.0,0.0,0.0,0.0,0.0,0.0,0.0
3490,2,Valve Spring,4.58,1.26,0.0,1.82,0.0,0.0,0.62,0.71,0.0,0.0,91.01,0.0,0.0,0.0,0.0,0.0,0.0,0.0,0.0,0.0,0.0,0.0
3491,3,Valve Spring,5.47,1.23,0.0,2.13,0.0,0.0,0.66,0.61,0.0,0.0,89.9,0.0,0.0,0.0,0.0,0.0,0.0,0.0,0.0,0.0,0.0,0.0
3492,4,Valve Spring,4.82,1.5,0.0,1.79,0.0,0.0,0.54,0.54,0.0,0.0,90.81,0.0,0.0,0.0,0.0,0.0,0.0,0.0,0.0,0.0,0.0,0.0
3493,5,Valve Spring,5.49,1.57,0.0,1.77,0.0,0.0,0.6,0.5,0.0,0.0,90.07,0.0,0.0,0.0,0.0,0.0,0.0,0.0,0.0,0.0,0.0,0.0
3494,6,Valve Spring,4.24,1.8,0.0,1.58,0.0,0.0,0.58,0.59,0.0,0.0,91.21,0.0,0.0,0.0,0.0,0.0,0.0,0.0,0.0,0.0,0.0,0.0
3495,7,Valve Spring,5.85,1.55,0.0,1.55,0.0,0.0,0.7,0.46,0.0,0.0,89.89,0.0,0.0,0.0,0.0,0.0,0.0,0.0,0.0,0.0,0.0,0.0
3496,8,Valve Spring,5.1,1.37,0.0,1.84,0.0,0.0,0.67,0.62,0.0,0.0,90.4,0.0,0.0,0.0,0.0,0.0,0.0,0.0,0.0,0.0,0.0,0.0
3497,9,Valve Spring,6.01,1.1,0.0,1.74,0.0,0.0,0.55,0.51,0.0,0.0,90.09,0.0,0.0,0.0,0.0,0.0,0.0,0.0,0.0,0.0,0.0,0.0
3498,10,Valve Spring,5.47,1.6,0.0,1.45,0.0,0.0,0.63,0.52,0.0,0.0,90.33,0.0,0.0,0.0,0.0,0.0,0.0,0.0,0.0,0.0,0.0,0.0
3499,11,Valve Spring,5.53,1.64,0.0,1.73,0.0,0.0,0.66,0.58,0.0,0.0,89.86,0.0,0.0,0.0,0.0,0.0,0.0,0.0,0.0,0.0,0.0,0.0
3500,12,Valve Spring,6.5,1.65,0.0,2.09,0.0,0.0,0.65,0.66,0.0,0.0,88.45,0.0,0.0,0.0,0.0,0.0,0.0,0.0,0.0,0.0,0.0,0.0
3501,13,Valve Spring,4.57,1.41,0.0,1.59,0.0,0.0,0.67,0.49,0.0,0.0,91.27,0.0,0.0,0.0,0.0,0.0,0.0,0.0,0.0,0.0,0.0,0.0
3502,14,Valve Spring,4.64,1.48,0.0,1.93,0.0,0.0,0.7,0.65,0.0,0.0,90.6,0.0,0.0,0.0,0.0,0.0,0.0,0.0,0.0,0.0,0.0,0.0
3503,15,Valve Spring,5.17,1.39,0.0,1.93,0.0,0.0,0.57,0.6,0.0,0.0,90.34,0.0,0.0,0.0,0.0,0.0,0.0,0.0,0.0,0.0,0.0,0.0
3504,16,Valve Spring,5.43,1.41,0.0,1.87,0.0,0.0,0.57,0.6,0.0,0.0,90.12,0.0,0.0,0.0,0.0,0.0,0.0,0.0,0.0,0.0,0.0,0.0
3505,17,Valve Spring,4.48,1.59,0.0,1.5,0.0,0.0,0.7,0.57,0.0,0.0,91.16,0.0,0.0,0.0,0.0,0.0,0.0,0.0,0.0,0.0,0.0,0.0
3506,18,Valve Spring,5.16,1.24,0.0,1.86,0.0,0.0,0.67,0.48,0.0,0.0,90.59,0.0,0.0,0.0,0.0,0.0,0.0,0.0,0.0,0.0,0.0,0.0
3507,19,Valve Spring,4.09,1.97,0.0,1.58,0.0,0.0,0.67,0.57,0.0,0.0,91.12,0.0,0.0,0.0,0.0,0.0,0.0,0.0,0.0,0.0,0.0,0.0
3508,20,Valve Spring,6.29,1.28,0.0,1.94,0.0,0.0,0.58,0.58,0.0,0.0,89.33,0.0,0.0,0.0,0.0,0.0,0.0,0.0,0.0,0.0,0.0,0.0
3509,21,Valve Spring,6.13,1.34,0.0,1.7,0.0,0.0,0.62,0.57,0.0,0.0,89.64,0.0,0.0,0.0,0.0,0.0,0.0,0.0,0.0,0.0,0.0,0.0
3510,22,Valve Spring,4.85,1.71,0.0,1.65,0.0,0.0,0.6,0.56,0.0,0.0,90.63,0.0,0.0,0.0,0.0,0.0,0.0,0.0,0.0,0.0,0.0,0.0
3511,23,Valve Spring,5.15,1.22,0.0,1.48,0.0,0.0,0.65,0.54,0.0,0.0,90.96,0.0,0.0,0.0,0.0,0.0,0.0,0.0,0.0,0.0,0.0,0.0
3512,24,Valve Spring,4.39,1.45,0.0,1.49,0.0,0.0,0.56,0.47,0.0,0.0,91.64,0.0,0.0,0.0,0.0,0.0,0.0,0.0,0.0,0.0,0.0,0.0
3513,25,Valve Spring,4.26,1.7,0.0,2.04,0.0,0.0,0.64,0.61,0.0,0.0,90.75,0.0,0.0,0.0,0.0,0.0,0.0,0.0,0.0,0.0,0.0,0.0
3514,26,Valve Spring,5.21,1.38,0.0,1.64,0.0,0.0,0.69,0.52,0.0,0.0,90.56,0.0,0.0,0.0,0.0,0.0,0.0,0.0,0.0,0.0,0.0,0.0
3515,27,Valve Spring,5.29,1.33,0.0,2.21,0.0,0.0,0.59,0.51,0.0,0.0,90.07,0.0,0.0,0.0,0.0,0.0,0.0,0.0,0.0,0.0,0.0,0.0
3516,28,Valve Spring,6.45,1.28,0.0,1.83,0.0,0.0,0.71,0.62,0.0,0.0,89.11,0.0,0.0,0.0,0.0,0.0,0.0,0.0,0.0,0.0,0.0,0.0
3517,29,Valve Spring,5.58,1.19,0.0,1.54,0.0,0.0,0.6,0.52,0.0,0.0,90.57,0.0,0.0,0.0,0.0,0.0,0.0,0.0,0.0,0.0,0.0,0.0
3518,30,Valve Spring,5.56,1.51,0.0,1.96,0.0,0.0,0.75,0.53,0.0,0.0,89.69,0.0,0.0,0.0,0.0,0.0,0.0,0.0,0.0,0.0,0.0,0.0
3519,31,Valve Spring,4.58,1.16,0.0,1.65,0.0,0.0,0.63,0.54,0.0,0.0,91.44,0.0,0.0,0.0,0.0,0.0,0.0,0.0,0.0,0.0,0.0,0.0
3520,32,Valve Spring,5.82,1.63,0.0,1.75,0.0,0.0,0.59,0.54,0.0,0.0,89.67,0.0,0.0,0.0,0.0,0.0,0.0,0.0,0.0,0.0,0.0,0.0
3521,33,Valve Spring,5.69,1.54,0.0,1.99,0.0,0.0,0.65,0.57,0.0,0.0,89.56,0.0,0.0,0.0,0.0,0.0,0.0,0.0,0.0,0.0,0.0,0.0
3522,34,Valve Spring,5.26,1.26,0.0,1.5,0.0,0.0,0.65,0.49,0.0,0.0,90.84,0.0,0.0,0.0,0.0,0.0,0.0,0.0,0.0,0.0,0.0,0.0
3523,35,Valve Spring,5.52,1.39,0.0,1.48,0.0,0.0,0.68,0.49,0.0,0.0,90.44,0.0,0.0,0.0,0.0,0.0,0.0,0.0,0.0,0.0,0.0,0.0
3524,36,Valve Spring,5.71,1.76,0.0,1.55,0.0,0.0,0.59,0.58,0.0,0.0,89.81,0.0,0.0,0.0,0.0,0.0,0.0,0.0,0.0,0.0,0.0,0.0
3525,37,Valve Spring,5.78,1.39,0.0,1.52,0.0,0.0,0.59,0.6,0.0,0.0,90.12,0.0,0.0,0.0,0.0,0.0,0.0,0.0,0.0,0.0,0.0,0.0
3526,38,Valve Spring,4.98,1.69,0.0,1.73,0.0,0.0,0.63,0.48,0.0,0.0,90.49,0.0,0.0,0.0,0.0,0.0,0.0,0.0,0.0,0.0,0.0,0.0
3527,39,Valve Spring,6.02,1.26,0.0,1.25,0.0,0.0,0.72,0.54,0.0,0.0,90.21,0.0,0.0,0.0,0.0,0.0,0.0,0.0,0.0,0.0,0.0,0.0
3528,40,Valve Spring,5.79,1.5,0.0,1.72,0.0,0.0,0.59,0.46,0.0,0.0,89.94,0.0,0.0,0.0,0.0,0.0,0.0,0.0,0.0,0.0,0.0,0.0
3529,41,Valve Spring,5.09,1.45,0.0,1.57,0.0,0.0,0.6,0.73,0.0,0.0,90.56,0.0,0.0,0.0,0.0,0.0,0.0,0.0,0.0,0.0,0.0,0.0
3530,42,Valve Spring,5.1,1.27,0.0,1.67,0.0,0.0,0.56,0.67,0.0,0.0,90.73,0.0,0.0,0.0,0.0,0.0,0.0,0.0,0.0,0.0,0.0,0.0
3531,43,Valve Spring,5.43,1.55,0.0,1.55,0.0,0.0,0.69,0.5,0.0,0.0,90.28,0.0,0.0,0.0,0.0,0.0,0.0,0.0,0.0,0.0,0.0,0.0
3532,44,Valve Spring,4.07,1.34,0.0,1.54,0.0,0.0,0.67,0.5,0.0,0.0,91.88,0.0,0.0,0.0,0.0,0.0,0.0,0.0,0.0,0.0,0.0,0.0
3533,45,Valve Spring,3.93,2.02,0.0,1.54,0.0,0.0,0.59,0.58,0.0,0.0,91.34,0.0,0.0,0.0,0.0,0.0,0.0,0.0,0.0,0.0,0.0,0.0
3534,46,Valve Spring,6.01,1.35,0.0,1.63,0.0,0.0,0.69,0.59,0.0,0.0,89.73,0.0,0.0,0.0,0.0,0.0,0.0,0.0,0.0,0.0,0.0,0.0
3535,47,Valve Spring,4.59,1.54,0.0,1.9,0.0,0.0,0.63,0.53,0.0,0.0,90.81,0.0,0.0,0.0,0.0,0.0,0.0,0.0,0.0,0.0,0.0,0.0
3536,48,Valve Spring,4.32,1.43,0.0,1.41,0.0,0.0,0.62,0.65,0.0,0.0,91.57,0.0,0.0,0.0,0.0,0.0,0.0,0.0,0.0,0.0,0.0,0.0
3537,49,Valve Spring,4.99,1.2,0.0,1.45,0.0,0.0,0.66,0.56,0.0,0.0,91.14,0.0,0.0,0.0,0.0,0.0,0.0,0.0,0.0,0.0,0.0,0.0
3538,50,Valve Spring,4.91,1.48,0.0,1.83,0.0,0.0,0.7,0.67,0.0,0.0,90.41,0.0,0.0,0.0,0.0,0.0,0.0,0.0,0.0,0.0,0.0,0.0
3539,51,Valve Spring,5.12,1.3,0.0,1.53,0.0,0.0,0.57,0.54,0.0,0.0,90.94,0.0,0.0,0.0,0.0,0.0,0.0,0.0,0.0,0.0,0.0,0.0
3540,52,Valve Spring,4.69,1.32,0.0,1.83,0.0,0.0,0.55,0.51,0.0,0.0,91.1,0.0,0.0,0.0,0.0,0.0,0.0,0.0,0.0,0.0,0.0,0.0
3541,53,Valve Spring,6.63,1.57,0.0,2.11,0.0,0.0,0.56,0.54,0.0,0.0,88.59,0.0,0.0,0.0,0.0,0.0,0.0,0.0,0.0,0.0,0.0,0.0
3542,54,Valve Spring,5.2,1.2,0.0,1.78,0.0,0.0,0.69,0.54,0.0,0.0,90.59,0.0,0.0,0.0,0.0,0.0,0.0,0.0,0.0,0.0,0.0,0.0
3543,55,Valve Spring,5.88,1.24,0.0,1.78,0.0,0.0,0.78,0.64,0.0,0.0,89.68,0.0,0.0,0.0,0.0,0.0,0.0,0.0,0.0,0.0,0.0,0.0
3544,56,Valve Spring,5.4,1.38,0.0,1.43,0.0,0.0,0.6,0.58,0.0,0.0,90.61,0.0,0.0,0.0,0.0,0.0,0.0,0.0,0.0,0.0,0.0,0.0
3545,57,Valve Spring,5.1,1.48,0.0,1.79,0.0,0.0,0.58,0.64,0.0,0.0,90.41,0.0,0.0,0.0,0.0,0.0,0.0,0.0,0.0,0.0,0.0,0.0
3546,58,Valve Spring,4.55,1.38,0.0,1.78,0.0,0.0,0.7,0.52,0.0,0.0,91.07,0.0,0.0,0.0,0.0,0.0,0.0,0.0,0.0,0.0,0.0,0.0
3547,59,Valve Spring,5.45,1.27,0.0,1.93,0.0,0.0,0.64,0.71,0.0,0.0,90.0,0.0,0.0,0.0,0.0,0.0,0.0,0.0,0.0,0.0,0.0,0.0
3548,60,Valve Spring,4.61,1.4,0.0,2.07,0.0,0.0,0.67,0.51,0.0,0.0,90.74,0.0,0.0,0.0,0.0,0.0,0.0,0.0,0.0,0.0,0.0,0.0
3549,61,Valve Spring,4.94,1.44,0.0,1.75,0.0,0.0,0.64,0.49,0.0,0.0,90.74,0.0,0.0,0.0,0.0,0.0,0.0,0.0,0.0,0.0,0.0,0.0
3550,62,Valve Spring,6.0,1.47,0.0,1.77,0.0,0.0,0.64,0.58,0.0,0.0,89.54,0.0,0.0,0.0,0.0,0.0,0.0,0.0,0.0,0.0,0.0,0.0
3551,63,Valve Spring,5.2,1.38,0.0,1.6,0.0,0.0,0.73,0.62,0.0,0.0,90.47,0.0,0.0,0.0,0.0,0.0,0.0,0.0,0.0,0.0,0.0,0.0
3552,64,Valve Spring,4.88,1.44,0.0,1.48,0.0,0.0,0.75,0.81,0.0,0.0,90.64,0.0,0.0,0.0,0.0,0.0,0.0,0.0,0.0,0.0,0.0,0.0
3553,65,Valve Spring,5.11,1.23,0.0,1.67,0.0,0.0,0.56,0.58,0.0,0.0,90.85,0.0,0.0,0.0,0.0,0.0,0.0,0.0,0.0,0.0,0.0,0.0
3554,66,Valve Spring,6.37,1.73,0.0,1.52,0.0,0.0,0.61,0.53,0.0,0.0,89.24,0.0,0.0,0.0,0.0,0.0,0.0,0.0,0.0,0.0,0.0,0.0
3555,67,Valve Spring,5.12,1.39,0.0,1.67,0.0,0.0,0.64,0.61,0.0,0.0,90.57,0.0,0.0,0.0,0.0,0.0,0.0,0.0,0.0,0.0,0.0,0.0
3556,68,Valve Spring,5.1,1.54,0.0,1.82,0.0,0.0,0.67,0.53,0.0,0.0,90.34,0.0,0.0,0.0,0.0,0.0,0.0,0.0,0.0,0.0,0.0,0.0
3557,69,Valve Spring,5.99,1.4,0.0,1.59,0.0,0.0,0.54,0.7,0.0,0.0,89.78,0.0,0.0,0.0,0.0,0.0,0.0,0.0,0.0,0.0,0.0,0.0
3558,70,Valve Spring,4.99,1.49,0.0,1.6,0.0,0.0,0.57,0.7,0.0,0.0,90.65,0.0,0.0,0.0,0.0,0.0,0.0,0.0,0.0,0.0,0.0,0.0
3559,71,Valve Spring,4.85,1.43,0.0,1.38,0.0,0.0,0.8,0.58,0.0,0.0,90.96,0.0,0.0,0.0,0.0,0.0,0.0,0.0,0.0,0.0,0.0,0.0
3560,72,Valve Spring,4.79,1.25,0.0,1.56,0.0,0.0,0.64,0.55,0.0,0.0,91.21,0.0,0.0,0.0,0.0,0.0,0.0,0.0,0.0,0.0,0.0,0.0
3561,73,Valve Spring,4.89,1.36,0.0,1.44,0.0,0.0,0.59,0.59,0.0,0.0,91.13,0.0,0.0,0.0,0.0,0.0,0.0,0.0,0.0,0.0,0.0,0.0
3562,74,Valve Spring,4.46,1.28,0.0,1.68,0.0,0.0,0.52,0.57,0.0,0.0,91.49,0.0,0.0,0.0,0.0,0.0,0.0,0.0,0.0,0.0,0.0,0.0
3563,75,Valve Spring,5.82,1.62,0.0,1.53,0.0,0.0,0.71,0.66,0.0,0.0,89.66,0.0,0.0,0.0,0.0,0.0,0.0,0.0,0.0,0.0,0.0,0.0
3564,76,Valve Spring,5.22,1.51,0.0,1.73,0.0,0.0,0.54,0.52,0.0,0.0,90.48,0.0,0.0,0.0,0.0,0.0,0.0,0.0,0.0,0.0,0.0,0.0
3565,77,Valve Spring,4.23,1.38,0.0,1.73,0.0,0.0,0.65,0.58,0.0,0.0,91.43,0.0,0.0,0.0,0.0,0.0,0.0,0.0,0.0,0.0,0.0,0.0
3566,78,Valve Spring,5.56,1.62,0.0,1.67,0.0,0.0,0.67,0.64,0.0,0.0,89.84,0.0,0.0,0.0,0.0,0.0,0.0,0.0,0.0,0.0,0.0,0.0
3567,79,Valve Spring,5.39,1.62,0.0,2.0,0.0,0.0,0.81,0.6,0.0,0.0,89.58,0.0,0.0,0.0,0.0,0.0,0.0,0.0,0.0,0.0,0.0,0.0
3568,80,Valve Spring,4.42,1.19,0.0,1.42,0.0,0.0,0.63,0.65,0.0,0.0,91.69,0.0,0.0,0.0,0.0,0.0,0.0,0.0,0.0,0.0,0.0,0.0
3569,81,Valve Spring,4.46,1.5,0.0,1.79,0.0,0.0,0.59,0.49,0.0,0.0,91.17,0.0,0.0,0.0,0.0,0.0,0.0,0.0,0.0,0.0,0.0,0.0
3570,82,Valve Spring,4.25,1.47,0.0,1.86,0.0,0.0,0.61,0.52,0.0,0.0,91.29,0.0,0.0,0.0,0.0,0.0,0.0,0.0,0.0,0.0,0.0,0.0
3571,83,Valve Spring,4.37,1.31,0.0,1.74,0.0,0.0,0.58,0.52,0.0,0.0,91.48,0.0,0.0,0.0,0.0,0.0,0.0,0.0,0.0,0.0,0.0,0.0
3572,84,Valve Spring,5.19,1.37,0.0,1.5,0.0,0.0,0.57,0.5,0.0,0.0,90.87,0.0,0.0,0.0,0.0,0.0,0.0,0.0,0.0,0.0,0.0,0.0
3573,85,Valve Spring,4.79,1.14,0.0,2.01,0.0,0.0,0.61,0.53,0.0,0.0,90.92,0.0,0.0,0.0,0.0,0.0,0.0,0.0,0.0,0.0,0.0,0.0
3574,86,Valve Spring,5.21,1.68,0.0,1.55,0.0,0.0,0.77,0.57,0.0,0.0,90.22,0.0,0.0,0.0,0.0,0.0,0.0,0.0,0.0,0.0,0.0,0.0
3575,87,Valve Spring,4.28,1.32,0.0,1.56,0.0,0.0,0.64,0.61,0.0,0.0,91.59,0.0,0.0,0.0,0.0,0.0,0.0,0.0,0.0,0.0,0.0,0.0
3576,88,Valve Spring,5.69,1.56,0.0,1.85,0.0,0.0,0.67,0.64,0.0,0.0,89.59,0.0,0.0,0.0,0.0,0.0,0.0,0.0,0.0,0.0,0.0,0.0
3577,89,Valve Spring,4.77,1.35,0.0,1.77,0.0,0.0,0.55,0.62,0.0,0.0,90.94,0.0,0.0,0.0,0.0,0.0,0.0,0.0,0.0,0.0,0.0,0.0
3578,90,Valve Spring,4.72,1.42,0.0,1.97,0.0,0.0,0.67,0.62,0.0,0.0,90.6,0.0,0.0,0.0,0.0,0.0,0.0,0.0,0.0,0.0,0.0,0.0
3579,91,Valve Spring,5.42,1.27,0.0,1.65,0.0,0.0,0.73,0.58,0.0,0.0,90.35,0.0,0.0,0.0,0.0,0.0,0.0,0.0,0.0,0.0,0.0,0.0
3580,92,Valve Spring,4.86,1.59,0.0,1.61,0.0,0.0,0.57,0.51,0.0,0.0,90.86,0.0,0.0,0.0,0.0,0.0,0.0,0.0,0.0,0.0,0.0,0.0
3581,93,Valve Spring,5.23,1.62,0.0,1.86,0.0,0.0,0.67,0.68,0.0,0.0,89.94,0.0,0.0,0.0,0.0,0.0,0.0,0.0,0.0,0.0,0.0,0.0
3582,94,Valve Spring,4.93,1.63,0.0,1.34,0.0,0.0,0.6,0.58,0.0,0.0,90.92,0.0,0.0,0.0,0.0,0.0,0.0,0.0,0.0,0.0,0.0,0.0
